{"type":"FeatureCollection","features":[{"type":"Feature","geometry":{"type":"LineString","coordinates":[[115.51441955600002,-20.668760299376192],[115.51452636700003,-20.66706657337619],[115.51482391400012,-20.665813445376244],[115.51541137700009,-20.664411544376282],[115.516220093,-20.663146972376335],[115.51706695600002,-20.662181853376364],[115.51825714100009,-20.661184310376353],[115.51918029800007,-20.66061210537639],[115.5200195310001,-20.660202025376407],[115.52130127000011,-20.659755706376373],[115.52217102100008,-20.659553527376392],[115.52400207500011,-20.659309386376407],[115.5715179440001,-20.65326881337655],[115.57569828600003,-20.65262531137655]]},"properties":{"id":"ga:pipe0:1","layer":"pipelines_oil","name":"Agincourt","subtype":"Oil pipeline","status":"fully capable of operation.","country":"AU","state":"Western Australia","source":"Geoscience Australia","source_url":"https://digital.atlas.gov.au/datasets/digitalatlas::gas-pipelines/about","license":"CC BY 4.0","length_km":0.06708853000000001,"spatial_confidence":"0"}},{"type":"Feature","geometry":{"type":"LineString","coordinates":[[148.43347168000003,-38.180568694082986],[148.4358520510001,-38.18650054808292],[148.43756103500004,-38.21561050308272],[148.44200134300002,-38.24079894908248],[148.4430236820001,-38.2521095270824],[148.439788818,-38.27150344708228],[148.4394531250001,-38.30165100008205],[148.43891906700003,-38.31484222308194]]},"properties":{"id":"ga:pipe0:2","layer":"pipelines_oil","name":"Flounder to Tuna A","subtype":"Oil pipeline","status":"fully capable of operation.","country":"AU","state":"Victoria","source":"Geoscience Australia","source_url":"https://digital.atlas.gov.au/datasets/digitalatlas::gas-pipelines/about","license":"CC BY 4.0","length_km":0.13549854000000003,"spatial_confidence":"0"}},{"type":"Feature","geometry":{"type":"MultiLineString","coordinates":[[[115.5842590330001,-20.674003600376064],[115.58418273900008,-20.674184798376015],[115.58392334000007,-20.674150466376037],[115.58302307100006,-20.679946898375903],[115.5827484130001,-20.681146621375884],[115.58239746100003,-20.682197570375852],[115.58190918000004,-20.68319320637579],[115.57949829100005,-20.686794280375718],[115.57554377100008,-20.692303131375574]],[[115.57554377100008,-20.692303131375574],[115.5755233760001,-20.692331542375598]],[[115.5755233760001,-20.692331542375598],[115.57389831500005,-20.694595336375524],[115.57332611100004,-20.695270537375496],[115.57260131800001,-20.695936202375524],[115.57155609100008,-20.696683883375513],[115.57055664100005,-20.697250365375453],[115.56566619900002,-20.698942183375447],[115.564865112,-20.6991653433754],[115.56465148900008,-20.699005126375436],[115.56440734900006,-20.699293136375392]]]},"properties":{"id":"ga:pipe0:3","layer":"pipelines_oil","name":"Gibson","subtype":"Oil pipeline","status":"fully capable of operation.","country":"AU","state":"Western Australia","source":"Geoscience Australia","source_url":"https://digital.atlas.gov.au/datasets/digitalatlas::gas-pipelines/about","license":"CC BY 4.0","length_km":0.034662479999999996,"spatial_confidence":"0"}},{"type":"Feature","geometry":{"type":"LineString","coordinates":[[115.61414337200007,-20.602128982377806],[115.61443328900009,-20.601789473377806],[115.72872924800002,-20.634826659376994],[115.72870636000003,-20.635238646376987]]},"properties":{"id":"ga:pipe0:4","layer":"pipelines_oil","name":"Gipsy 8-10 inch","subtype":"Oil pipeline","status":"fully capable of operation.","country":"AU","state":"Western Australia","source":"Geoscience Australia","source_url":"https://digital.atlas.gov.au/datasets/digitalatlas::gas-pipelines/about","license":"CC BY 4.0","length_km":0.11983395000000001,"spatial_confidence":"0"}},{"type":"Feature","geometry":{"type":"MultiLineString","coordinates":[[[147.7109085740001,-37.99554178808442],[147.8171234130001,-38.04190826308405],[147.9819793700001,-38.11452484008344],[148.08634948700012,-38.162712096083084],[148.20719909700006,-38.216293334082664],[148.2182312010001,-38.22254180808263]],[[148.2182312010001,-38.22254180808263],[148.2222137450001,-38.229644774082566]],[[148.2222137450001,-38.229644774082566],[148.24525451700003,-38.27074432308227],[148.2481689450001,-38.2779617300822],[148.26046752900004,-38.32305145208186],[148.26799011200012,-38.345924376081705],[148.26815795900006,-38.35506439108165],[148.26611328100012,-38.365951537081514],[148.26849365200007,-38.375102996081466],[148.275161743,-38.38357162408139],[148.28608703600003,-38.38921356108137]]]},"properties":{"id":"ga:pipe0:5","layer":"pipelines_oil","name":"Halibut to Shore","subtype":"Oil pipeline","status":"fully capable of operation.","country":"AU","state":"Victoria","source":"Geoscience Australia","source_url":"https://digital.atlas.gov.au/datasets/digitalatlas::gas-pipelines/about","license":"CC BY 4.0","length_km":0.7424750400000001,"spatial_confidence":"0"}},{"type":"Feature","geometry":{"type":"LineString","coordinates":[[115.61388397200005,-20.60210037137781],[115.61380767800006,-20.602096557377845],[115.61380004900003,-20.602096557377845],[115.61380004900003,-20.602098464377782],[115.6137924190001,-20.60209846437779],[115.61379241900013,-20.60210037137781],[115.60628509500009,-20.613935470377513],[115.60188293500008,-20.62109565637735],[115.60042572000009,-20.62332534737732],[115.59984588600003,-20.624088286377273],[115.59882354700008,-20.625616073377223],[115.59770202600009,-20.62721443137721],[115.59735870400007,-20.62786292937717],[115.59638977100008,-20.63011360137711],[115.59317016600005,-20.63528823837702],[115.59293365500002,-20.63566207837697],[115.59268951400009,-20.63603591837697],[115.59244537400004,-20.636404036376994],[115.59217071500005,-20.636800765376968],[115.5918960570001,-20.637193679376935],[115.59162139900003,-20.63758277837696],[115.59133148200009,-20.63796806237694],[115.5910415650001,-20.638349532376914],[115.59074401900016,-20.63872718737692],[115.59044647200008,-20.63910102737692],[115.59014129600008,-20.639471053376898],[115.58982849100005,-20.639837264376922],[115.58951568600003,-20.64019775337686],[115.58919525100009,-20.64055633437684],[115.58886718700003,-20.640909194376857],[115.58853912400001,-20.641258239376853],[115.58820343000004,-20.641601562376817],[115.58786773700001,-20.641942977376857]]},"properties":{"id":"ga:pipe0:6","layer":"pipelines_oil","name":"Harriet 8 inch","subtype":"Oil pipeline","status":"fully capable of operation.","country":"AU","state":"Western Australia","source":"Geoscience Australia","source_url":"https://digital.atlas.gov.au/datasets/digitalatlas::gas-pipelines/about","license":"CC BY 4.0","length_km":0.047735309999999996,"spatial_confidence":"0"}},{"type":"Feature","geometry":{"type":"LineString","coordinates":[[115.61393737800007,-20.60189628537782],[115.61409759500008,-20.601751327377855],[115.61421966600005,-20.60157585037783],[115.61433410600011,-20.601408004377824],[115.61441803000005,-20.60128974837782],[115.61454772900002,-20.60111617937785],[115.61470031700003,-20.60091590837787],[115.61486053500005,-20.60072517337783],[115.61499023400006,-20.600570678377828],[115.61510467500013,-20.60043525637787],[115.62300109900002,-20.591480254378087],[115.63649749800003,-20.576175689378463],[115.63728332500013,-20.575176238378507],[115.63740539600008,-20.575052260378477]]},"properties":{"id":"ga:pipe0:7","layer":"pipelines_oil","name":"Harriet A-B 8 inch","subtype":"Oil pipeline","status":"fully capable of operation.","country":"AU","state":"Western Australia","source":"Geoscience Australia","source_url":"https://digital.atlas.gov.au/datasets/digitalatlas::gas-pipelines/about","license":"CC BY 4.0","length_km":0.03566462,"spatial_confidence":"0"}},{"type":"Feature","geometry":{"type":"LineString","coordinates":[[115.613952637,-20.601907729377814],[115.61415863000003,-20.601785659377843],[115.62447357200004,-20.59149360637809],[115.62702941900011,-20.588943480378134]]},"properties":{"id":"ga:pipe0:8","layer":"pipelines_oil","name":"Harriet A-C 6 inch","subtype":"Oil pipeline","status":"fully capable of operation.","country":"AU","state":"Western Australia","source":"Geoscience Australia","source_url":"https://digital.atlas.gov.au/datasets/digitalatlas::gas-pipelines/about","license":"CC BY 4.0","length_km":0.01842127,"spatial_confidence":"0"}},{"type":"Feature","geometry":{"type":"LineString","coordinates":[[145.0815208690001,-38.00645105708435],[145.02777099600007,-38.007350921084296],[144.86601257300003,-37.91395950208505],[144.86645310000006,-37.85955760308552]]},"properties":{"id":"ga:pipe0:9","layer":"pipelines_oil","name":"Hastings","subtype":"Oil pipeline","status":"fully capable of operation.","country":"AU","state":"Victoria","source":"Geoscience Australia","source_url":"https://digital.atlas.gov.au/datasets/digitalatlas::gas-pipelines/about","license":"CC BY 4.0","length_km":0.2949437,"spatial_confidence":"0"}},{"type":"Feature","geometry":{"type":"LineString","coordinates":[[148.16851806600005,-38.59702300907982],[148.1926116940001,-38.597408294079855],[148.21812439000007,-38.5884056080799]]},"properties":{"id":"ga:pipe0:10","layer":"pipelines_oil","name":"Kingfish A to Kingfish B","subtype":"Oil pipeline","status":"fully capable of operation.","country":"AU","state":"Victoria","source":"Geoscience Australia","source_url":"https://digital.atlas.gov.au/datasets/digitalatlas::gas-pipelines/about","license":"CC BY 4.0","length_km":0.05115121,"spatial_confidence":"0"}},{"type":"Feature","geometry":{"type":"LineString","coordinates":[[148.21812439000007,-38.5884056080799],[148.23674011200012,-38.563602447080115],[148.24731445300006,-38.53799438408026],[148.264907837,-38.51129150308049],[148.2799377440001,-38.48485183608066],[148.29736328100012,-38.45142364408094],[148.32263183600003,-38.40507125808126]]},"properties":{"id":"ga:pipe0:11","layer":"pipelines_oil","name":"Kingfish B to Halibut A","subtype":"Oil pipeline","status":"fully capable of operation.","country":"AU","state":"Victoria","source":"Geoscience Australia","source_url":"https://digital.atlas.gov.au/datasets/digitalatlas::gas-pipelines/about","license":"CC BY 4.0","length_km":0.21159794,"spatial_confidence":"0"}},{"type":"Feature","geometry":{"type":"LineString","coordinates":[[113.84455108600002,-21.519290923355427],[113.85680389400011,-21.515073775355525],[113.869552612,-21.510858535355606],[113.87744140600013,-21.506797790355705],[113.88214111300012,-21.50304984935582],[113.88600158700001,-21.498207091355944],[113.88801574700007,-21.49508476235603],[113.89305114700007,-21.485090255356265],[113.89908599900002,-21.473844527356526],[113.90395355200008,-21.46416091835672],[113.90764617900004,-21.45775794935692],[113.91100311300012,-21.45416641135698],[113.91654205300006,-21.450731276357047],[113.92157745400006,-21.448389052357143],[113.92727661100002,-21.446983336357153],[113.93399047900006,-21.44667053135715],[113.93952941900011,-21.446357726357192],[113.9470825200001,-21.444484710357234],[113.9584884640001,-21.4413604733573],[113.97006988500006,-21.438234328357375],[113.97443389900002,-21.4371414173574],[113.98165130600013,-21.433082580357507],[113.99423217800008,-21.425741195357652],[114.00598144500009,-21.41871261535782],[114.01068115200009,-21.4171524043579],[114.01521301300012,-21.41605758635791],[114.02041626000005,-21.41590309035791],[114.04642486600005,-21.41590309035791],[114.0583343510001,-21.41590309035791],[114.0626983640001,-21.416526793357875],[114.06622314500011,-21.418245315357858],[114.07461547900006,-21.42230606035778]]},"properties":{"id":"ga:pipe0:12","layer":"pipelines_oil","name":"Laverda to Vincent","subtype":"Oil pipeline","status":"fully capable of operation.","country":"AU","state":"Western Australia","source":"Geoscience Australia","source_url":"https://digital.atlas.gov.au/datasets/digitalatlas::gas-pipelines/about","license":"CC BY 4.0","length_km":0.27151908,"spatial_confidence":"0"}},{"type":"Feature","geometry":{"type":"MultiLineString","coordinates":[[[148.32456970200008,-38.40104293708126],[148.33731079100005,-38.407093047081254],[148.3455200200001,-38.41555404608116],[148.34790039100005,-38.426971435081114],[148.34654235800008,-38.44014358408097],[148.3473968510001,-38.45383453308088],[148.34234619100005,-38.47597503608073]],[[148.34234619100005,-38.47597503608073],[148.3419189450001,-38.47787094008069]]]},"properties":{"id":"ga:pipe0:13","layer":"pipelines_oil","name":"Mackerel A to Halibut A","subtype":"Oil pipeline","status":"fully capable of operation.","country":"AU","state":"Victoria","source":"Geoscience Australia","source_url":"https://digital.atlas.gov.au/datasets/digitalatlas::gas-pipelines/about","license":"CC BY 4.0","length_km":0.08916871999999999,"spatial_confidence":"0"}},{"type":"Feature","geometry":{"type":"MultiLineString","coordinates":[[[148.3419189450001,-38.47559356608076],[148.34234619100005,-38.47597503608073]],[[148.34234619100005,-38.47597503608073],[148.36703491200012,-38.49773406908059],[148.39503479000007,-38.521492003080425],[148.42304992700008,-38.54644393808022],[148.43858337400002,-38.5611915580801],[148.50041198700012,-38.5503234850802],[148.5299377440001,-38.54788207908021]]]},"properties":{"id":"ga:pipe0:14","layer":"pipelines_oil","name":"Blackback to Mackerel A","subtype":"Oil pipeline","status":"fully capable of operation.","country":"AU","state":"Victoria","source":"Geoscience Australia","source_url":"https://digital.atlas.gov.au/datasets/digitalatlas::gas-pipelines/about","license":"CC BY 4.0","length_km":0.22154073,"spatial_confidence":"0"}},{"type":"Feature","geometry":{"type":"LineString","coordinates":[[147.8439788820001,-38.51546478208046],[147.89895629900002,-38.53195571808029],[147.97767639200003,-38.554756164080146],[148.03540039100005,-38.57191467208005],[148.08937072800006,-38.5886764520799],[148.1407775880001,-38.595916747079876],[148.16851806600005,-38.59702300907982]]},"properties":{"id":"ga:pipe0:15","layer":"pipelines_oil","name":"Bream to West Kingfish","subtype":"Oil pipeline","status":"fully capable of operation.","country":"AU","state":"Victoria","source":"Geoscience Australia","source_url":"https://digital.atlas.gov.au/datasets/digitalatlas::gas-pipelines/about","license":"CC BY 4.0","length_km":0.33576329,"spatial_confidence":"0"}},{"type":"Feature","geometry":{"type":"LineString","coordinates":[[115.26530456500005,-21.17387390036379],[115.27098083500003,-21.12935256936489],[115.270202637,-21.12590980436493]]},"properties":{"id":"ga:pipe0:16","layer":"pipelines_oil","name":"North Herald to South Pepper","subtype":"Oil pipeline","status":"fully capable of operation.","country":"AU","state":"Western Australia","source":"Geoscience Australia","source_url":"https://digital.atlas.gov.au/datasets/digitalatlas::gas-pipelines/about","license":"CC BY 4.0","length_km":0.048411340000000004,"spatial_confidence":"0"}},{"type":"Feature","geometry":{"type":"LineString","coordinates":[[147.32345581100003,-38.56683349508007],[147.31901550300006,-38.5594558710801],[147.31814575200008,-38.55650329508014],[147.32463073700012,-38.54846572808017],[147.34974670400004,-38.52538299508038],[147.3634033200001,-38.513854979080456],[147.3727874760001,-38.505264281080535],[147.38064575200008,-38.49774551308058],[147.3849182130001,-38.491436004080626],[147.38133239700005,-38.485664367080666],[147.36357116700003,-38.474395751080756],[147.3415374760001,-38.45801544108087],[147.28126525900007,-38.41570281908119],[147.25479126000005,-38.396484374081304],[147.2274627690001,-38.37726592908146],[147.212097168,-38.36758422808151]]},"properties":{"id":"ga:pipe0:17","layer":"pipelines_oil","name":"Perch to Dolphin to Shore","subtype":"Oil pipeline","status":"fully capable of operation.","country":"AU","state":"Victoria","source":"Geoscience Australia","source_url":"https://digital.atlas.gov.au/datasets/digitalatlas::gas-pipelines/about","license":"CC BY 4.0","length_km":0.31842971000000003,"spatial_confidence":"0"}},{"type":"Feature","geometry":{"type":"MultiLineString","coordinates":[[[115.05466461200002,-21.440307616357334],[115.03457641600006,-21.449239730357128],[115.02836186200011,-21.445193043357204]],[[115.02836186200011,-21.445193043357204],[115.02801513700001,-21.444967269357203]]]},"properties":{"id":"ga:pipe0:18","layer":"pipelines_oil","name":"Saladin","subtype":"Oil pipeline","status":"fully capable of operation.","country":"AU","state":"Western Australia","source":"Geoscience Australia","source_url":"https://digital.atlas.gov.au/datasets/digitalatlas::gas-pipelines/about","license":"CC BY 4.0","length_km":0.02981421,"spatial_confidence":"0"}},{"type":"Feature","geometry":{"type":"LineString","coordinates":[[147.66667175300006,-38.20426177908279],[147.67378234900002,-38.29140853808212]]},"properties":{"id":"ga:pipe0:19","layer":"pipelines_oil","name":"Seahorse to Barracouta A","subtype":"Oil pipeline","status":"fully capable of operation.","country":"AU","state":"Victoria","source":"Geoscience Australia","source_url":"https://digital.atlas.gov.au/datasets/digitalatlas::gas-pipelines/about","license":"CC BY 4.0","length_km":0.08743637,"spatial_confidence":"0"}},{"type":"Feature","geometry":{"type":"LineString","coordinates":[[147.212097168,-38.36758422808151],[147.20807575100002,-38.36499977408153]]},"properties":{"id":"ga:pipe0:20","layer":"pipelines_oil","name":"Seaspray to Longford","subtype":"Oil pipeline","status":"fully capable of operation.","country":"AU","state":"Victoria","source":"Geoscience Australia","source_url":"https://digital.atlas.gov.au/datasets/digitalatlas::gas-pipelines/about","license":"CC BY 4.0","length_km":0.00478029,"spatial_confidence":"0"}},{"type":"Feature","geometry":{"type":"LineString","coordinates":[[115.5842590330001,-20.674003600376064],[115.58822631800001,-20.666191100376263],[115.58940887500012,-20.663990020376293],[115.58094109900004,-20.65389656637653]]},"properties":{"id":"ga:pipe0:21","layer":"pipelines_oil","name":"Simpson","subtype":"Oil pipeline","status":"fully capable of operation.","country":"AU","state":"Western Australia","source":"Geoscience Australia","source_url":"https://digital.atlas.gov.au/datasets/digitalatlas::gas-pipelines/about","license":"CC BY 4.0","length_km":0.02443576,"spatial_confidence":"0"}},{"type":"Feature","geometry":{"type":"LineString","coordinates":[[114.95349884000008,-21.609531402353248],[114.96136474600006,-21.602180480353418]]},"properties":{"id":"ga:pipe0:22","layer":"pipelines_oil","name":"Skate to Roller","subtype":"Oil pipeline","status":"fully capable of operation.","country":"AU","state":"Western Australia","source":"Geoscience Australia","source_url":"https://digital.atlas.gov.au/datasets/digitalatlas::gas-pipelines/about","license":"CC BY 4.0","length_km":0.01076608,"spatial_confidence":"0"}},{"type":"Feature","geometry":{"type":"MultiLineString","coordinates":[[[115.0246353150001,-21.46998977635662],[115.01924294800007,-21.463588886356757]],[[115.03163909900005,-21.495494842356],[115.0344085690001,-21.489557265356147],[115.0344085690001,-21.486179351356228],[115.03244781500008,-21.47995948735637],[115.02995300300006,-21.476308822356454],[115.0246353150001,-21.46998977635662]],[[114.99084472700007,-21.582880019353887],[115.03163909900005,-21.495494842356]]]},"properties":{"id":"ga:pipe0:23","layer":"pipelines_oil","name":"Skate to Thevenard Island","subtype":"Oil pipeline","status":"fully capable of operation.","country":"AU","state":"Western Australia","source":"Geoscience Australia","source_url":"https://digital.atlas.gov.au/datasets/digitalatlas::gas-pipelines/about","license":"CC BY 4.0","length_km":0.13393959000000003,"spatial_confidence":"0"}},{"type":"Feature","geometry":{"type":"LineString","coordinates":[[148.023544312,-38.19171523908287],[148.2182312010001,-38.22254180808263]]},"properties":{"id":"ga:pipe0:24","layer":"pipelines_oil","name":"Snapper A to Marlin A","subtype":"Oil pipeline","status":"fully capable of operation.","country":"AU","state":"Victoria","source":"Geoscience Australia","source_url":"https://digital.atlas.gov.au/datasets/digitalatlas::gas-pipelines/about","license":"CC BY 4.0","length_km":0.19711230999999999,"spatial_confidence":"0"}},{"type":"Feature","geometry":{"type":"MultiLineString","coordinates":[[[115.16915110000004,-21.32157290736019],[115.17341613800012,-21.305801391360593],[115.17519378700003,-21.30065917936072],[115.17933654800004,-21.293531417360846],[115.18296051000007,-21.28616142236105],[115.19226837200009,-21.269371032361473],[115.19331359900002,-21.26685142436153],[115.1988067630001,-21.257320403361728],[115.20024871800001,-21.253978728361854],[115.20675659200006,-21.242925643362113],[115.20843505900005,-21.240732192362124],[115.21419525100009,-21.22834777736244],[115.21951293900008,-21.219783782362683],[115.23042297400004,-21.198690413363174],[115.23351287800006,-21.193080901363317],[115.23755645800009,-21.186950683363456],[115.23943328900009,-21.182798385363554],[115.24280548099999,-21.177337645363696],[115.24560546900013,-21.170614242363833],[115.24887085000012,-21.16617011936395],[115.25152587900003,-21.160373687364086],[115.25505065900006,-21.155002593364223],[115.25930023200013,-21.145982741364453],[115.26479339600007,-21.136465072364693],[115.270202637,-21.12590980436493]],[[115.22875213600001,-21.30163383436068],[115.22875213600001,-21.30731582536056],[115.22831726100003,-21.309318541360508],[115.22281646700003,-21.314321517360337],[115.21809387200005,-21.31719589136032],[115.18406677200007,-21.32489776536009],[115.17868042000009,-21.324823379360105],[115.17190049400008,-21.32408910936011]]]},"properties":{"id":"ga:pipe0:25","layer":"pipelines_oil","name":"South Pepper Trunkline","subtype":"Oil pipeline","status":"fully capable of operation.","country":"AU","state":"Western Australia","source":"Geoscience Australia","source_url":"https://digital.atlas.gov.au/datasets/digitalatlas::gas-pipelines/about","license":"CC BY 4.0","length_km":0.28880817,"spatial_confidence":"0"}},{"type":"Feature","geometry":{"type":"LineString","coordinates":[[116.27585601800006,-20.27224349938602],[116.27585601800006,-20.273981093386],[116.27584075900006,-20.274929046385957],[116.27584838900012,-20.275684356385927],[116.27584075900006,-20.276548385385922],[116.27584075900006,-20.277423858385898],[116.27584838900012,-20.27827453538592],[116.27584838900012,-20.279155730385863],[116.27584838900012,-20.280040740385818],[116.27584838900012,-20.28092002838583],[116.27585601800006,-20.28177070538581],[116.27585601800006,-20.28266143738575],[116.27584075900006,-20.283508300385723],[116.27583313000004,-20.284395217385704],[116.27583313000004,-20.28528976338572],[116.27583313000004,-20.28613471938568],[116.27582550000014,-20.28701972938565],[116.27583313000004,-20.287887572385678],[116.27582550000014,-20.2899684903856],[116.27582550000011,-20.29003524738562],[116.2754135130001,-20.29003333938561]]},"properties":{"id":"ga:pipe0:26","layer":"pipelines_oil","name":"Stag Export","subtype":"Oil pipeline","status":"fully capable of operation.","country":"AU","state":"Western Australia","source":"Geoscience Australia","source_url":"https://digital.atlas.gov.au/datasets/digitalatlas::gas-pipelines/about","license":"CC BY 4.0","length_km":0.01820425,"spatial_confidence":"0"}},{"type":"Feature","geometry":{"type":"LineString","coordinates":[[147.52607727100008,-38.404998778081286],[147.67385864300002,-38.29150009108213]]},"properties":{"id":"ga:pipe0:27","layer":"pipelines_oil","name":"Tarwhine to Barracouta A","subtype":"Oil pipeline","status":"fully capable of operation.","country":"AU","state":"Victoria","source":"Geoscience Australia","source_url":"https://digital.atlas.gov.au/datasets/digitalatlas::gas-pipelines/about","license":"CC BY 4.0","length_km":0.18633649000000002,"spatial_confidence":"0"}},{"type":"Feature","geometry":{"type":"MultiLineString","coordinates":[[[115.02836186200011,-21.445193043357204],[115.02897644000006,-21.444192885357214],[115.02997589100008,-21.441982268357254],[115.03241729700008,-21.4361515043574],[115.03471374500008,-21.430603026357563],[115.0367965700001,-21.425630568357686],[115.04058837900004,-21.416349410357885],[115.04096984900002,-21.415370940357896],[115.0418548580001,-21.413339614357934],[115.0424728390001,-21.411951064358032],[115.04346466100003,-21.409749984358065],[115.04384613000002,-21.40903091335809],[115.04497528100003,-21.40713119435815],[115.04554748500007,-21.406299590358124],[115.046234131,-21.405059813358186],[115.04733276400013,-21.403261184358225]],[[115.02197262400013,-21.455852565356977],[115.02656555200006,-21.448232650357127],[115.0268783570001,-21.447732924357158],[115.02726745600012,-21.447052001357168],[115.0277786250001,-21.446142196357197],[115.02836186200011,-21.445193043357204]]]},"properties":{"id":"ga:pipe0:28","layer":"pipelines_oil","name":"Thevenard Island Export Pipeline","subtype":"Oil pipeline","status":"fully capable of operation.","country":"AU","state":"Western Australia","source":"Geoscience Australia","source_url":"https://digital.atlas.gov.au/datasets/digitalatlas::gas-pipelines/about","license":"CC BY 4.0","length_km":0.05852980000000001,"spatial_confidence":"0"}},{"type":"Feature","geometry":{"type":"MultiLineString","coordinates":[[[148.2222137450001,-38.229644774082566],[148.3590087890001,-38.185962676082916]],[[148.22219848600002,-38.22965240408259],[148.2222137450001,-38.229644774082566]]]},"properties":{"id":"ga:pipe0:29","layer":"pipelines_oil","name":"Tuna A to Marlin A","subtype":"Oil pipeline","status":"fully capable of operation.","country":"AU","state":"Victoria","source":"Geoscience Australia","source_url":"https://digital.atlas.gov.au/datasets/digitalatlas::gas-pipelines/about","license":"CC BY 4.0","length_km":0.14361723,"spatial_confidence":"0"}},{"type":"Feature","geometry":{"type":"LineString","coordinates":[[115.58003464300009,-20.649660422376634],[115.58787536600005,-20.64195060637684],[115.58824157700008,-20.64158630337682],[115.58861541700003,-20.64122581437683],[115.58898925800008,-20.64087295437687],[115.58937072800008,-20.640523910376864],[115.58975982700012,-20.640180587376896],[115.59014892600011,-20.639842986376888],[115.59054565400002,-20.639509200376896],[115.59095001200002,-20.63918304337689],[115.59135437000008,-20.63886070237693],[115.59175872800007,-20.638544082376907],[115.59217071500005,-20.6382331843769],[115.59259033200013,-20.637928008376935],[115.59301757800007,-20.63763046237693],[115.59343719500009,-20.637334823376936],[115.59387207000012,-20.637048720376935],[115.59493255600012,-20.63642501737698],[115.6084899900001,-20.628494262377146]]},"properties":{"id":"ga:pipe0:30","layer":"pipelines_oil","name":"Varanus Tanker Load-out","subtype":"Oil pipeline","status":"fully capable of operation.","country":"AU","state":"Western Australia","source":"Geoscience Australia","source_url":"https://digital.atlas.gov.au/datasets/digitalatlas::gas-pipelines/about","license":"CC BY 4.0","length_km":0.03569251,"spatial_confidence":"0"}},{"type":"Feature","geometry":{"type":"MultiLineString","coordinates":[[[115.5755233760001,-20.692331542375598],[115.5755233760001,-20.692289351375567],[115.57554377100008,-20.692303131375574]],[[115.57554377100008,-20.692303131375574],[115.57580566400009,-20.6924800863756],[115.57472229000011,-20.69479942237552],[115.57081604000008,-20.703956603375268],[115.56959533700001,-20.706480025375242],[115.56893920900009,-20.708034514375193],[115.568466187,-20.70943069437519],[115.56810760500002,-20.710853576375147],[115.5678405760001,-20.712295531375066],[115.56770324700008,-20.713542937375042],[115.56764984100006,-20.715841292375035],[115.56785583500006,-20.718132018374927],[115.56886291500008,-20.723579406374785],[115.5704650880001,-20.730981826374617],[115.57103729200004,-20.734672545374547],[115.57197570800008,-20.739433288374446],[115.57169342000012,-20.73949623037444]],[[115.5755233760001,-20.692344665375575],[115.5755233760001,-20.692331542375598]]]},"properties":{"id":"ga:pipe0:31","layer":"pipelines_oil","name":"Victoria","subtype":"Oil pipeline","status":"fully capable of operation.","country":"AU","state":"Western Australia","source":"Geoscience Australia","source_url":"https://digital.atlas.gov.au/datasets/digitalatlas::gas-pipelines/about","license":"CC BY 4.0","length_km":0.04965365000000001,"spatial_confidence":"0"}},{"type":"Feature","geometry":{"type":"LineString","coordinates":[[147.8847656250001,-38.22956466608261],[147.89456176800002,-38.22146606308266],[147.91178894000006,-38.211826323082725],[147.93121337900004,-38.20632553008275],[148.023544312,-38.19171523908287]]},"properties":{"id":"ga:pipe0:32","layer":"pipelines_oil","name":"Whiting to Snapper A","subtype":"Oil pipeline","status":"fully capable of operation.","country":"AU","state":"Victoria","source":"Geoscience Australia","source_url":"https://digital.atlas.gov.au/datasets/digitalatlas::gas-pipelines/about","license":"CC BY 4.0","length_km":0.14611917000000002,"spatial_confidence":"0"}},{"type":"Feature","geometry":{"type":"LineString","coordinates":[[114.99013519300003,-21.48963928135611],[115.0246353150001,-21.46998977635662]]},"properties":{"id":"ga:pipe0:33","layer":"pipelines_oil","name":"Yammaderry to Saladin","subtype":"Oil pipeline","status":"fully capable of operation.","country":"AU","state":"Western Australia","source":"Geoscience Australia","source_url":"https://digital.atlas.gov.au/datasets/digitalatlas::gas-pipelines/about","license":"CC BY 4.0","length_km":0.039703419999999996,"spatial_confidence":"0"}},{"type":"Feature","geometry":{"type":"LineString","coordinates":[[114.8700103760001,-29.450107573191598],[114.86979675300007,-29.44987678419161],[114.88308715800008,-29.435091018191866],[114.88383483900009,-29.434429168191848],[114.88628387500012,-29.43259429819189],[114.8889770510001,-29.43103980919192],[114.8922882080001,-29.42963981519195],[114.89535522500013,-29.428768157191957],[114.89897918700001,-29.428188323191975],[114.94696044900003,-29.427518844191972],[114.95293426500007,-29.426656722191986],[114.9602661130001,-29.42581367419202],[114.96628570600001,-29.426076888191986],[114.97096870200005,-29.426078681192006]]},"properties":{"id":"ga:pipe0:34","layer":"pipelines_oil","name":"Cliff Head Lateral","subtype":"Oil pipeline","status":"fully capable of operation.","country":"AU","state":"Western Australia","source":"Geoscience Australia","source_url":"https://digital.atlas.gov.au/datasets/digitalatlas::gas-pipelines/about","license":"CC BY 4.0","length_km":0.10992739000000001,"spatial_confidence":"0"}},{"type":"Feature","geometry":{"type":"LineString","coordinates":[[148.30094909700006,-38.44902419908091],[148.31410217300004,-38.46377181908083],[148.3214416500001,-38.471153258080754],[148.34124755900007,-38.477870940080685]]},"properties":{"id":"ga:pipe0:35","layer":"pipelines_oil","name":"Cobia to Halibut A","subtype":"Oil pipeline","status":"fully capable of operation.","country":"AU","state":"Victoria","source":"Geoscience Australia","source_url":"https://digital.atlas.gov.au/datasets/digitalatlas::gas-pipelines/about","license":"CC BY 4.0","length_km":0.051084410000000004,"spatial_confidence":"0"}},{"type":"Feature","geometry":{"type":"MultiLineString","coordinates":[[[115.03173828100014,-21.495418548356],[115.03163909900005,-21.495494842356]],[[115.03163909900005,-21.495494842356],[115.02709960900006,-21.498928069355934],[115.02707672100007,-21.49894905035591],[114.96831512500013,-21.522668838355333]]]},"properties":{"id":"ga:pipe0:36","layer":"pipelines_oil","name":"Cowle Spur","subtype":"Oil pipeline","status":"fully capable of operation.","country":"AU","state":"Western Australia","source":"Geoscience Australia","source_url":"https://digital.atlas.gov.au/datasets/digitalatlas::gas-pipelines/about","license":"CC BY 4.0","length_km":0.06921615,"spatial_confidence":"0"}},{"type":"Feature","geometry":{"type":"LineString","coordinates":[[147.4837066230001,-38.14637848208324],[147.57995605500003,-38.21807861208264],[147.67385864300002,-38.29150009108213]]},"properties":{"id":"ga:pipe0:37","layer":"pipelines_oil","name":"Barracouta A to Shore","subtype":"Oil pipeline","status":"fully capable of operation.","country":"AU","state":"Victoria","source":"Geoscience Australia","source_url":"https://digital.atlas.gov.au/datasets/digitalatlas::gas-pipelines/about","license":"CC BY 4.0","length_km":0.23921929000000003,"spatial_confidence":"0"}},{"type":"Feature","geometry":{"type":"LineString","coordinates":[[115.57168579100006,-20.739467620374427],[115.571678162,-20.73925208937446],[115.56823730500001,-20.7404155723744],[115.56122589100005,-20.742637633374333],[115.55254364000005,-20.74433708137431],[115.55119323700002,-20.744672774374322],[115.54624176000004,-20.746072768374272],[115.54290008500004,-20.7471199033742],[115.53288269000011,-20.750045775374186],[115.53115081800004,-20.75039100537418],[115.52623748800013,-20.750963210374124],[115.51505279500009,-20.752563476374117],[115.51259613000003,-20.753330230374072],[115.50544738800012,-20.755750655374055],[115.50533294700008,-20.755786895374015],[115.50527954100006,-20.755661010374034],[115.50488281200005,-20.755790709373997],[115.50492095900009,-20.75588607737401]]},"properties":{"id":"ga:pipe0:38","layer":"pipelines_oil","name":"Double Island","subtype":"Oil pipeline","status":"fully capable of operation.","country":"AU","state":"Western Australia","source":"Geoscience Australia","source_url":"https://digital.atlas.gov.au/datasets/digitalatlas::gas-pipelines/about","license":"CC BY 4.0","length_km":0.06943385,"spatial_confidence":"0"}},{"type":"Feature","geometry":{"type":"LineString","coordinates":[[115.47145080600001,-20.785020827373323],[115.48736572300005,-20.79104042037313],[115.48851776100003,-20.791788100373132],[115.48957824700004,-20.792329787373127],[115.49425506600004,-20.793861388373106],[115.50008392300003,-20.795312880373064],[115.50390625000011,-20.796394347373045],[115.50711059600008,-20.797470092372997],[115.51305389400011,-20.79981994537295],[115.52031707800008,-20.802875518372847],[115.52600097700008,-20.804780959372817],[115.53393554700008,-20.807592391372747],[115.54432678200013,-20.81086540137265],[115.54971313500003,-20.812604903372623],[115.5512695310001,-20.813182830372604],[115.5518493650001,-20.813209533372603],[115.55224609400011,-20.81332969637263],[115.5525741580001,-20.813566207372585],[115.55261993400009,-20.813991546372574],[115.55299377400003,-20.81430435137259],[115.55323791500007,-20.81439018137258],[115.55362701400009,-20.81417083637258]]},"properties":{"id":"ga:pipe0:39","layer":"pipelines_oil","name":"Barrow Island Pipeline","subtype":"Oil pipeline","status":"fully capable of operation.","country":"AU","state":"Western Australia","source":"Geoscience Australia","source_url":"https://digital.atlas.gov.au/datasets/digitalatlas::gas-pipelines/about","license":"CC BY 4.0","length_km":0.08777861,"spatial_confidence":"0"}},{"type":"Feature","geometry":{"type":"LineString","coordinates":[[115.57569828600003,-20.65262531137655],[115.57646179200003,-20.652507781376542]]},"properties":{"id":"ga:pipe0:40","layer":"pipelines_oil","name":"Agincourt","subtype":"Oil pipeline","status":"fully capable of operation.","country":"AU","state":"Western Australia","source":"Geoscience Australia","source_url":"https://digital.atlas.gov.au/datasets/digitalatlas::gas-pipelines/about","license":"CC BY 4.0","length_km":0.0007725,"spatial_confidence":"0"}},{"type":"Feature","geometry":{"type":"LineString","coordinates":[[141.1844635010001,-26.70561027424185],[141.18533325200008,-26.705911635241822],[141.18580627400002,-26.705852508241843],[141.19378662100007,-26.701889037241894],[141.2008056640001,-26.698858260241966],[141.20825195300006,-26.69501304524203],[141.22171020500002,-26.688499450242155],[141.22225952100007,-26.688442229242195],[141.22251892100007,-26.688663482242195],[141.22251892100007,-26.688993453242166]]},"properties":{"id":"ga:pipe0:41","layer":"pipelines_oil","name":"Barta North 1 Flowline","subtype":"Oil pipeline","status":"fully capable of operation.","country":"AU","state":"Queensland","source":"Geoscience Australia","source_url":"https://digital.atlas.gov.au/datasets/digitalatlas::gas-pipelines/about","license":"CC BY 4.0","length_km":0.04250835,"spatial_confidence":"0"}},{"type":"Feature","geometry":{"type":"MultiLineString","coordinates":[[[140.099086402,-27.688649113222997],[140.10038757300003,-27.688301085223035],[140.10044860800008,-27.68827438322302],[140.10052490200007,-27.687051772223036],[140.10331726100003,-27.687992095223024],[140.10234069800003,-27.689975738223023]],[[140.08866882300003,-27.691717147222956],[140.0975494380001,-27.68906021022302],[140.099086402,-27.688649113222997]]]},"properties":{"id":"ga:pipe0:42","layer":"pipelines_oil","name":"Field Check Tirrawarra 55 Flowline","subtype":"Oil pipeline","status":"fully capable of operation.","country":"AU","state":"South Australia","source":"Geoscience Australia","source_url":"https://digital.atlas.gov.au/datasets/digitalatlas::gas-pipelines/about","license":"CC BY 4.0","length_km":0.018656500000000003,"spatial_confidence":"0"}},{"type":"Feature","geometry":{"type":"MultiLineString","coordinates":[[[139.94754028300008,-27.633323668224037],[139.9488067630001,-27.634717940224043],[139.9677429200001,-27.62163543622428],[139.9735565190001,-27.623804091224223],[139.98025512700008,-27.623346328224248],[139.98037719700005,-27.62328147822424],[139.98056030300006,-27.622846602224264],[139.98083496100003,-27.62258148122424],[139.98127746600005,-27.622304915224273],[139.9815979000001,-27.622266768224275]],[[139.93650817900004,-27.63350868122405],[139.93646240200007,-27.63353347722404],[139.93614196800002,-27.633081435224053],[139.93617248500004,-27.632925033224094],[139.9362640380001,-27.63282012822409],[139.94702148400006,-27.63324165222407],[139.94747924800004,-27.63326263322405],[139.94754028300008,-27.633323668224037]]]},"properties":{"id":"ga:pipe0:43","layer":"pipelines_oil","name":"Fly Lake 6 Flowline","subtype":"Oil pipeline","status":"fully capable of operation.","country":"AU","state":"South Australia","source":"Geoscience Australia","source_url":"https://digital.atlas.gov.au/datasets/digitalatlas::gas-pipelines/about","license":"CC BY 4.0","length_km":0.05186996000000001,"spatial_confidence":"0"}},{"type":"Feature","geometry":{"type":"LineString","coordinates":[[139.93597412100007,-27.653137206223647],[139.9370574950001,-27.65258407522373],[139.9373168950001,-27.652221679223718],[139.94424438500005,-27.635433196224],[139.9446411130001,-27.63499069122405],[139.94641113300008,-27.63404273922407],[139.94754028300008,-27.633323668224037]]},"properties":{"id":"ga:pipe0:44","layer":"pipelines_oil","name":"Fly Lake 8ST Flowline","subtype":"Oil pipeline","status":"fully capable of operation.","country":"AU","state":"South Australia","source":"Geoscience Australia","source_url":"https://digital.atlas.gov.au/datasets/digitalatlas::gas-pipelines/about","license":"CC BY 4.0","length_km":0.023764530000000002,"spatial_confidence":"0"}},{"type":"Feature","geometry":{"type":"MultiLineString","coordinates":[[[140.03480529800004,-27.62608718822421],[140.0313262940001,-27.623252868224228],[140.0309906010001,-27.623117446224263],[139.99790954600007,-27.621868133224265],[139.98161315900006,-27.623083114224215]],[[140.09823608400006,-27.684980391223082],[140.09782409700006,-27.684743880223113],[140.04138183600003,-27.629850387224128],[140.03729248000002,-27.62795257522412],[140.0366668700001,-27.627582549224158],[140.03480529800004,-27.62608718822421]],[[140.10354614300002,-27.687397002223026],[140.1036682130001,-27.68707275322302],[140.103622437,-27.686967849223066],[140.09823608400006,-27.684980391223082]]]},"properties":{"id":"ga:pipe0:45","layer":"pipelines_oil","name":"Fly Lake to Tirrawarra Satellite Trunkline","subtype":"Oil pipeline","status":"fully capable of operation.","country":"AU","state":"South Australia","source":"Geoscience Australia","source_url":"https://digital.atlas.gov.au/datasets/digitalatlas::gas-pipelines/about","license":"CC BY 4.0","length_km":0.14732973000000002,"spatial_confidence":"0"}},{"type":"Feature","geometry":{"type":"LineString","coordinates":[[140.387878418,-28.474245070208603],[140.37837219200003,-28.47547912520865],[140.3783111570001,-28.47548484720861],[140.37825012200005,-28.47548866220862],[140.37820434600008,-28.47548866220862],[140.37814331100003,-28.47548675420863],[140.37747192400002,-28.475440978208642]]},"properties":{"id":"ga:pipe0:46","layer":"pipelines_oil","name":"Frostillicus 1 Flowline","subtype":"Oil pipeline","status":"fully capable of operation.","country":"AU","state":"South Australia","source":"Geoscience Australia","source_url":"https://digital.atlas.gov.au/datasets/digitalatlas::gas-pipelines/about","license":"CC BY 4.0","length_km":0.010488230000000001,"spatial_confidence":"0"}},{"type":"Feature","geometry":{"type":"LineString","coordinates":[[140.38793945300006,-28.474290847208625],[140.39730835000012,-28.475473403208607]]},"properties":{"id":"ga:pipe0:47","layer":"pipelines_oil","name":"Frostillicus 1 Replacement Flowline","subtype":"Proposed Oil pipeline","status":"proposed infrastructure.","country":"AU","state":"South Australia","source":"Geoscience Australia","source_url":"https://digital.atlas.gov.au/datasets/digitalatlas::gas-pipelines/about","license":"CC BY 4.0","length_km":0.00944323,"spatial_confidence":"0"}},{"type":"Feature","geometry":{"type":"MultiLineString","coordinates":[[[141.8530731200001,-28.140872954214682],[141.8522033690001,-28.141237258214684],[141.85200500500002,-28.141420363214635],[141.85121154800004,-28.14271926821462],[141.85112098000002,-28.143194751214615]],[[141.85112098000002,-28.143194751214615],[141.8511199950001,-28.143199920214638],[141.85115924100012,-28.143290404214618]],[[141.85115924100012,-28.143290404214618],[141.8512361390001,-28.1434676972146]],[[141.8512361390001,-28.1434676972146],[141.85125732400002,-28.143516540214605]]]},"properties":{"id":"ga:pipe0:48","layer":"pipelines_oil","name":"Genoa 2 Flowline","subtype":"Oil pipeline","status":"fully capable of operation.","country":"AU","state":"Queensland","source":"Geoscience Australia","source_url":"https://digital.atlas.gov.au/datasets/digitalatlas::gas-pipelines/about","license":"CC BY 4.0","length_km":0.0035694100000000003,"spatial_confidence":"0"}},{"type":"Feature","geometry":{"type":"LineString","coordinates":[[141.85124206500006,-28.143524169214633],[141.8502502440001,-28.14216613721462]]},"properties":{"id":"ga:pipe0:49","layer":"pipelines_oil","name":"Genoa Interceptor Pit to Tank Farm Flowline","subtype":"Oil pipeline","status":"fully capable of operation.","country":"AU","state":"Queensland","source":"Geoscience Australia","source_url":"https://digital.atlas.gov.au/datasets/digitalatlas::gas-pipelines/about","license":"CC BY 4.0","length_km":0.00168165,"spatial_confidence":"0"}},{"type":"Feature","geometry":{"type":"MultiLineString","coordinates":[[[141.863388062,-28.12106895321502],[141.86293029800004,-28.12147903321501],[141.86103820800008,-28.124444961214934],[141.85816955600012,-28.128566741214918],[141.8550262450001,-28.133646010214786],[141.85241699200003,-28.135841369214788],[141.85218811000004,-28.136114119214742],[141.85208129900002,-28.136531829214746],[141.85221862800006,-28.138509749214712],[141.85180664100005,-28.14042663521469],[141.8510742190001,-28.143077849214603],[141.85112098000002,-28.143194751214615]],[[141.85112098000002,-28.143194751214615],[141.85115924100012,-28.143290404214618]],[[141.85115924100012,-28.143290404214618],[141.8512268070001,-28.143459319214635],[141.8512361390001,-28.1434676972146]],[[141.8512361390001,-28.1434676972146],[141.85139465300006,-28.143610000214622]]]},"properties":{"id":"ga:pipe0:50","layer":"pipelines_oil","name":"Genoa North 2 Flowline","subtype":"Oil pipeline","status":"fully capable of operation.","country":"AU","state":"Queensland","source":"Geoscience Australia","source_url":"https://digital.atlas.gov.au/datasets/digitalatlas::gas-pipelines/about","license":"CC BY 4.0","length_km":0.026655090000000003,"spatial_confidence":"0"}},{"type":"Feature","geometry":{"type":"MultiLineString","coordinates":[[[139.53586391800002,-28.063559628216066],[139.53552246100003,-28.063436507216064],[139.5352325440001,-28.062828063216106],[139.53491210900006,-28.062551497216088],[139.5345611570001,-28.061920165216094],[139.53421020500002,-28.061691283216117],[139.5332031250001,-28.061298369216146],[139.53259277300003,-28.060773848216108],[139.5316314700001,-28.060419082216125],[139.53112793000003,-28.06003570521613],[139.52928161600005,-28.059055327216157],[139.52777099600007,-28.05838584821615],[139.52694702100007,-28.057764052216207],[139.52508544900002,-28.056814193216216],[139.52420043900008,-28.05623435921623],[139.5234375000001,-28.055858611216216],[139.52056884800004,-28.05413436821624],[139.51853942900004,-28.053039550216294],[139.5178070070001,-28.052148818216303],[139.51676940900006,-28.0507011402163],[139.5163421630001,-28.050252913216312],[139.51530456500006,-28.048662185216347],[139.51246643100012,-28.04237747121647],[139.5117950440001,-28.040317534216484],[139.5117187500001,-28.039793014216492],[139.51132202100007,-28.038743972216537],[139.5111999510001,-28.03860092121652],[139.51103210400004,-28.03785896221655],[139.5107116700001,-28.037370681216554],[139.51037597700008,-28.036460875216594],[139.507919312,-28.02952957121669],[139.50708007800006,-28.026908874216737],[139.50602722200006,-28.024604796216785],[139.50564575200008,-28.024131774216794],[139.50352478000002,-28.024053573216786],[139.50244140600012,-28.023927688216794],[139.50137329100005,-28.024070739216803],[139.49971008300008,-28.023818969216823],[139.4980163570001,-28.023698806216817],[139.49694824200003,-28.023794173216793],[139.49435424800004,-28.023765563216827],[139.49348449700005,-28.023723601216812],[139.49324035600011,-28.0236434932168],[139.49186706500006,-28.0236434932168],[139.48936462400002,-28.02346610921682],[139.48852539100005,-28.02353095921683],[139.4870452880001,-28.023382186216846],[139.48576355000012,-28.023464202216807],[139.48533630400004,-28.023420333216837],[139.4846038820001,-28.023534774216838],[139.48359680200008,-28.023311614216812],[139.4825744630001,-28.02338790821682],[139.47718811000004,-28.023323058216818],[139.47448730500003,-28.023559569216836],[139.47372436500007,-28.0235671992168],[139.47180175800008,-28.023406981216844],[139.47119140600012,-28.023296355216807],[139.47076416000004,-28.02313232321682],[139.46963501000005,-28.023044585216834],[139.4683837890001,-28.02324485721681],[139.4664306640001,-28.023298263216805],[139.46560668900008,-28.02311515721681],[139.46087646500007,-28.0229072562168],[139.4604492190001,-28.02300834621684],[139.45858764600007,-28.024440764216795],[139.45773315400004,-28.024293899216815],[139.45393371600005,-28.023311614216812],[139.4531707760001,-28.023269652216815],[139.45285034200003,-28.023080825216816],[139.45259094200003,-28.022806167216803],[139.45199585000012,-28.022672652216837],[139.45031738300008,-28.022670745216836],[139.45014953600003,-28.022800445216834],[139.44827270500002,-28.022859572216838],[139.4476470950001,-28.0227031702168],[139.4456939700001,-28.022752761216854],[139.44506835900006,-28.02262878321682],[139.44338989300002,-28.022726058216843],[139.43992614700005,-28.022537230216827],[139.43823242200006,-28.022481917216858],[139.437606812,-28.022539138216825],[139.436706543,-28.02241516021684],[139.4334106450001,-28.02250671321685],[139.42900085400004,-28.022367476216818],[139.4259338380001,-28.02250671321685],[139.4257507320001,-28.022605895216838],[139.42494201700003,-28.02263069121683],[139.42189025900007,-28.022169112216847],[139.42126464800003,-28.022178649216816],[139.42106628400006,-28.022253035216824],[139.4208679200001,-28.022193908216835],[139.4193267820001,-28.022195815216854],[139.41824340800008,-28.02233695921684],[139.41789245600012,-28.022254943216833],[139.41757202100007,-28.022064208216833],[139.41687011700003,-28.021337508216877],[139.41654968300008,-28.02082633921683],[139.41603088400007,-28.020483016216858],[139.41581726100003,-28.02014541521685],[139.41548156700003,-28.019901275216853],[139.41517639200003,-28.019226073216906],[139.41468811000004,-28.018888473216872],[139.414398193,-28.018398284216882],[139.41358947800006,-28.01778793221692],[139.41302490200007,-28.017196654216924],[139.4127502440001,-28.016708373216947],[139.41197204600007,-28.015840529216934],[139.41189575200008,-28.01564979521694],[139.41140747100008,-28.015260695216934],[139.41123962400002,-28.014741897216975],[139.41029357900004,-28.013898848216957],[139.4097442630001,-28.01363182021698],[139.40946960400004,-28.013233184216986],[139.40821838400007,-28.012504577217],[139.40765380900007,-28.012044906217035],[139.40736389200003,-28.011262893217058],[139.40705871600005,-28.010747909217052],[139.40618896500007,-28.00965309021708],[139.40536499000007,-28.008333205217124],[139.40515136700003,-28.00781822121712],[139.40507507300003,-28.007448195217087],[139.40449523900008,-28.006422042217107],[139.40394592300004,-28.004762649217177],[139.40376281700003,-28.00381088221719],[139.40339660600011,-28.00290107621718],[139.4033660890001,-28.002525329217214],[139.4032135010001,-28.002395629217215],[139.40292358400006,-28.001701354217225],[139.40258789100005,-28.000621795217242],[139.4023437500001,-28.000137328217264],[139.4023895260001,-27.999979018217264],[139.4020843510001,-27.99909210121727],[139.40179443400007,-27.99912452621724],[139.40147399900002,-27.99890708821725],[139.4012603760001,-27.99890708821725],[139.4005432130001,-27.998680114217265],[139.39978027300003,-27.99833297621728],[139.39872741700003,-27.99822425721726],[139.39338684100005,-27.996717452217332],[139.39282226600005,-27.9965076442173],[139.3905944820001,-27.9960670462173],[139.39030456500006,-27.99582290521731],[139.38992309600008,-27.99564170721731],[139.38952636700003,-27.995561599217346],[139.389007568,-27.99564170721731],[139.38789367700008,-27.995306014217363],[139.38748168900008,-27.995277404217347],[139.38706970200008,-27.99500465321734],[139.3862304690001,-27.994768142217318],[139.38569641100003,-27.994487761217343],[139.38542175300006,-27.99409866221733],[139.38526916500007,-27.993585586217336],[139.3845062260001,-27.992464065217405],[139.38430786100002,-27.99227333021742],[139.38322448700012,-27.991666793217416],[139.38159179700006,-27.991609572217392],[139.38102722200006,-27.991741179217403],[139.38061523400006,-27.99163055321743],[139.37997436500007,-27.991586684217413],[139.37956237800006,-27.991703032217412],[139.37910461400008,-27.991724013217386],[139.3785400390001,-27.991487502217417],[139.37794494600007,-27.991369246217413],[139.37754821800002,-27.99144554021741],[139.37574768100012,-27.991411208217436],[139.3745880130001,-27.991136550217405],[139.37414550800008,-27.991107940217383],[139.37274169900002,-27.990627288217443],[139.3715515140001,-27.990356444217447],[139.37020874000007,-27.990207671217412],[139.36900329600007,-27.988817214217473],[139.36750793500005,-27.987392425217447],[139.3673095700001,-27.98704338021751],[139.3664398190001,-27.985971450217505],[139.36589050300006,-27.985425948217493],[139.36573791500007,-27.985120772217517],[139.36576843300008,-27.98435974021752],[139.36592102100008,-27.98400115921751],[139.3661346440001,-27.98287391621755],[139.36706543000003,-27.9813995352176],[139.3671875000001,-27.980848311217613],[139.36714172400002,-27.979963302217634],[139.36630249000007,-27.976789473217647],[139.3662567140001,-27.97602653421769],[139.36633300800008,-27.974269866217746],[139.36624145500002,-27.97332382121772],[139.36691284200003,-27.971916198217777],[139.3672332760001,-27.971519469217796],[139.36717224100005,-27.971349715217784],[139.36694335900006,-27.971126555217765],[139.36689758300008,-27.970628737217794],[139.366394043,-27.968978881217787],[139.36633300800008,-27.968414306217806],[139.366394043,-27.967260360217832],[139.36614990200007,-27.966732024217844],[139.36616516100003,-27.966352462217873],[139.36584472700008,-27.96461486721789],[139.36614990200007,-27.962778090217935],[139.36640930200008,-27.96043968121797],[139.36645507800006,-27.959938048217992],[139.36608886700003,-27.958780288217998],[139.3648223880001,-27.957313537218024],[139.364440918,-27.956521987218053],[139.36390686000004,-27.94858741721816],[139.3639984130001,-27.94778633021823],[139.3634338380001,-27.94045066721837],[139.360610962,-27.93284988321849],[139.35824585000012,-27.928667067218583],[139.35643005400004,-27.925907134218587],[139.3549804690001,-27.924097060218628],[139.35398864700005,-27.92148971521868],[139.35324096700003,-27.916994094218765],[139.35148620600012,-27.912759780218877],[139.3491210940001,-27.904155730219006],[139.34820556600005,-27.8998680102191],[139.34809875500002,-27.8880424492193],[139.34925842300004,-27.881576537219395],[139.3486785890001,-27.877210616219507],[139.3468322750001,-27.872964858219618],[139.34883117700008,-27.86454963621977],[139.35473632800006,-27.856182097219932],[139.35485839800003,-27.855762481219877],[139.354751587,-27.85473823421993],[139.35476684600008,-27.852855681219996],[139.354675293,-27.851205825220003],[139.3548736570001,-27.849508285220022],[139.35482788100012,-27.847995757220062],[139.35459899900002,-27.84643554622006],[139.35447692900004,-27.846090316220078],[139.35459899900002,-27.845520019220135],[139.35461425800008,-27.844762801220092],[139.35488891600005,-27.843873977220152],[139.35488891600005,-27.842035293220174],[139.35481262200005,-27.84107398922021],[139.35485839800003,-27.840139388220184],[139.35458374000007,-27.839437484220213],[139.35449218700012,-27.838077544220262],[139.354675293,-27.83599853422025],[139.35458374000007,-27.835214614220323],[139.35462951700003,-27.83274459722036],[139.3545379640001,-27.831350326220345],[139.35400390600012,-27.827970504220403],[139.3536682130001,-27.826412200220467],[139.35195922900004,-27.82010650522057],[139.35095214800003,-27.815956115220633],[139.35066223100011,-27.8144989002207],[139.35070800800008,-27.81410789422067],[139.35052490200007,-27.813768386220712],[139.35035705600012,-27.812446593220702],[139.35035705600012,-27.808839797220774],[139.35026550300006,-27.807172774220824],[139.35034179700006,-27.806795119220823],[139.35038757300003,-27.803035735220895],[139.35046386700003,-27.802679061220918],[139.35043335000012,-27.801958083220924],[139.3505554200001,-27.801210402220928],[139.3504028320001,-27.798751830220958],[139.35038757300003,-27.796129226220998],[139.3504791260001,-27.79519653222105],[139.35041809100005,-27.794435500221038],[139.3504028320001,-27.7916622152211],[139.3503265380001,-27.788793563221137],[139.34977722200006,-27.780900954221277],[139.3493499760001,-27.77847289922132],[139.3483734130001,-27.775033950221403],[139.34826660200008,-27.77411079322144],[139.34802246100003,-27.773197173221455],[139.347763062,-27.77115440322148],[139.34741210900006,-27.769878386221496],[139.34680175800008,-27.766902923221565],[139.34696960400004,-27.76518440122157]],[[139.53694152800006,-28.063724517216077],[139.536315918,-28.063722609216082],[139.53586391800002,-28.063559628216066]]]},"properties":{"id":"ga:pipe0:51","layer":"pipelines_oil","name":"Bauer to Lyceum","subtype":"Oil pipeline","status":"fully capable of operation.","country":"AU","state":"South Australia","source":"Geoscience Australia","source_url":"https://digital.atlas.gov.au/datasets/digitalatlas::gas-pipelines/about","license":"CC BY 4.0","length_km":0.44148398,"spatial_confidence":"0"}},{"type":"Feature","geometry":{"type":"LineString","coordinates":[[141.85238647500012,-28.14324188121465],[141.852798462,-28.14706611521456],[141.85488891600005,-28.15221786421445],[141.85522460900006,-28.154092788214424],[141.86203002900004,-28.164476394214233],[141.86228942900004,-28.164989470214227],[141.8626861570001,-28.166202544214215],[141.86280822800006,-28.1663513172142],[141.86280822800006,-28.166536330214214],[141.86311340300006,-28.16732788021418],[141.86306762700008,-28.16740798921418]]},"properties":{"id":"ga:pipe0:52","layer":"pipelines_oil","name":"Genoa Spineline","subtype":"Oil pipeline","status":"fully capable of operation.","country":"AU","state":"Queensland","source":"Geoscience Australia","source_url":"https://digital.atlas.gov.au/datasets/digitalatlas::gas-pipelines/about","license":"CC BY 4.0","length_km":0.02689514,"spatial_confidence":"0"}},{"type":"Feature","geometry":{"type":"LineString","coordinates":[[140.02555847200006,-27.964811324217905],[140.025497437,-27.964654921217907],[140.02363586400008,-27.964370727217897],[140.01527404800004,-27.970823287217797],[140.0148010250001,-27.971395492217752],[139.99630737300004,-28.02074813721684],[139.99528503400006,-28.023649215216825],[139.995376587,-28.023872374216786]]},"properties":{"id":"ga:pipe0:53","layer":"pipelines_oil","name":"Gidgealpa 18 Flowline","subtype":"Oil pipeline","status":"fully capable of operation.","country":"AU","state":"South Australia","source":"Geoscience Australia","source_url":"https://digital.atlas.gov.au/datasets/digitalatlas::gas-pipelines/about","license":"CC BY 4.0","length_km":0.06937645,"spatial_confidence":"0"}},{"type":"Feature","geometry":{"type":"LineString","coordinates":[[139.97880554200003,-28.022203444216828],[139.97868347200006,-28.02225685021684],[139.9788970950001,-28.02283859221683],[139.98210144000006,-28.022386550216833],[139.98260498000002,-28.022380828216804],[139.9947052000001,-28.0239028922168],[139.9954223630001,-28.024082183216805]]},"properties":{"id":"ga:pipe0:54","layer":"pipelines_oil","name":"Gidgealpa 22 Flowline","subtype":"Oil pipeline","status":"fully capable of operation.","country":"AU","state":"South Australia","source":"Geoscience Australia","source_url":"https://digital.atlas.gov.au/datasets/digitalatlas::gas-pipelines/about","license":"CC BY 4.0","length_km":0.017427420000000002,"spatial_confidence":"0"}},{"type":"Feature","geometry":{"type":"LineString","coordinates":[[139.96728515600012,-28.027658462216746],[139.96719360400004,-28.027681350216742],[139.96711731000005,-28.02759361221675],[139.9668731690001,-28.02704048121676],[139.97399902300003,-28.025222777216765],[139.97456359900002,-28.024936675216814],[139.97721862800006,-28.023252486216848],[139.97804260300006,-28.022720336216832],[139.978622437,-28.022233962216845]]},"properties":{"id":"ga:pipe0:55","layer":"pipelines_oil","name":"Gidgealpa 27 Flowline","subtype":"Oil pipeline","status":"fully capable of operation.","country":"AU","state":"South Australia","source":"Geoscience Australia","source_url":"https://digital.atlas.gov.au/datasets/digitalatlas::gas-pipelines/about","license":"CC BY 4.0","length_km":0.013684060000000001,"spatial_confidence":"0"}},{"type":"Feature","geometry":{"type":"MultiLineString","coordinates":[[[139.99620842000002,-28.02670535821675],[139.99574279800004,-28.02620506221677],[139.99664306600005,-28.025489806216758],[139.9968872070001,-28.025690078216787]],[[139.99628731300004,-28.02679012621677],[139.99620842000002,-28.02670535821675]],[[139.99635773400007,-28.026865791216757],[139.99628731300004,-28.02679012621677]],[[139.99632724800006,-28.028192982216712],[139.99645996100003,-28.027132033216773],[139.99645996100003,-28.02697563121676],[139.99635773400007,-28.026865791216757]],[[139.9950866700001,-28.03869056621652],[139.99511718700012,-28.03786659121654],[139.99632724800006,-28.028192982216712]]]},"properties":{"id":"ga:pipe0:56","layer":"pipelines_oil","name":"Gidgealpa 33 Flowline","subtype":"Oil pipeline","status":"fully capable of operation.","country":"AU","state":"South Australia","source":"Geoscience Australia","source_url":"https://digital.atlas.gov.au/datasets/digitalatlas::gas-pipelines/about","license":"CC BY 4.0","length_km":0.014317410000000001,"spatial_confidence":"0"}},{"type":"Feature","geometry":{"type":"LineString","coordinates":[[140.04919433600003,-27.924573897218636],[140.05047607400002,-27.923990249218672],[140.05073547400002,-27.923690795218654],[140.05146789600008,-27.916894912218787],[140.05482482900004,-27.909294127218907],[140.0554809570001,-27.883729934219406],[140.0541992190001,-27.86625289821972],[140.05438232400002,-27.865982055219717],[140.07014465300006,-27.852993010219972],[140.07258606000005,-27.849641799220034],[140.07279968300008,-27.84952163622002],[140.07502746600005,-27.848817824220045],[140.07510376000005,-27.848684310220026]]},"properties":{"id":"ga:pipe0:57","layer":"pipelines_oil","name":"Gidgealpa 58 Flowline","subtype":"Oil pipeline","status":"fully capable of operation.","country":"AU","state":"South Australia","source":"Geoscience Australia","source_url":"https://digital.atlas.gov.au/datasets/digitalatlas::gas-pipelines/about","license":"CC BY 4.0","length_km":0.08767844,"spatial_confidence":"0"}},{"type":"Feature","geometry":{"type":"MultiLineString","coordinates":[[[139.99641418500005,-28.02669525021678],[139.99628731300004,-28.02679012621677]],[[139.99628731300004,-28.02679012621677],[139.99554443400007,-28.02734565621674],[139.9955749510001,-28.027399062216748]],[[139.9955749510001,-28.027399062216748],[139.99632724800006,-28.028192982216712]],[[139.99632724800006,-28.028192982216712],[139.99743652300003,-28.029363631216704],[139.9980468750001,-28.029808043216676],[139.9987640380001,-28.030155181216664],[140.03030395500002,-28.039606093216527],[140.03126525900007,-28.039762496216536],[140.06402587900004,-28.04321289021644],[140.0645751950001,-28.04337692221648],[140.06506347700008,-28.04362869221645],[140.06546020500002,-28.043918609216423],[140.06675720200008,-28.045270919216414],[140.06738281200012,-28.045635222216436],[140.0679168700001,-28.045803069216415],[140.08480835000012,-28.047246932216364],[140.0860900880001,-28.04738235421639],[140.08697509800004,-28.04763030921635],[140.091644287,-28.050058364216348],[140.0930786130001,-28.05156516921629],[140.0933380130001,-28.0520458212163],[140.09541320800008,-28.055097579216223],[140.09613037100007,-28.055788039216253],[140.09669494600007,-28.05614280621622],[140.1389770510001,-28.077766417215816],[140.14391461800005,-28.08025617421575]],[[140.14391461800005,-28.08025617421575],[140.1484069820001,-28.08252143821572]],[[140.1484069820001,-28.08252143821572],[140.15718078600003,-28.08702850221563],[140.1616973880001,-28.089487075215597],[140.1736960190001,-28.095626521215518]],[[140.1736960190001,-28.095626521215518],[140.19909668000003,-28.108623504215256]],[[140.19909668000003,-28.108623504215256],[140.20093736400008,-28.10947500121524]],[[140.20093736400008,-28.10947500121524],[140.20103454600007,-28.109519957215248],[140.20532226600005,-28.109580993215218]]]},"properties":{"id":"ga:pipe0:58","layer":"pipelines_oil","name":"Gidgealpa to Moomba Trunkline","subtype":"Oil pipeline","status":"fully capable of operation.","country":"AU","state":"South Australia","source":"Geoscience Australia","source_url":"https://digital.atlas.gov.au/datasets/digitalatlas::gas-pipelines/about","license":"CC BY 4.0","length_km":0.23091351000000002,"spatial_confidence":"0"}},{"type":"Feature","geometry":{"type":"MultiLineString","coordinates":[[[139.45892334000007,-27.64816665522376],[139.4580535890001,-27.64815711922377],[139.4579010010001,-27.648187636223792],[139.45771789600008,-27.6483287802238],[139.45742797900004,-27.648595809223774],[139.456802368,-27.649190902223772],[139.45619201700003,-27.64981269722374],[139.45487976100003,-27.65171623122372],[139.45478820800008,-27.651823043223725],[139.4535827640001,-27.6530170432237],[139.45344543500005,-27.653215407223662],[139.4533538820001,-27.65344619722371],[139.4518890380001,-27.660261153223544],[139.45097351100003,-27.664033889223447],[139.45036315900006,-27.668407439223387],[139.45005798300008,-27.67035293522338],[139.45007324200003,-27.676792144223256],[139.45040893600003,-27.67864417922319],[139.45043945300006,-27.678920745223202],[139.4504241940001,-27.679199218223182],[139.45040893600003,-27.679332732223198],[139.45039367700008,-27.679468154223173],[139.45028686500007,-27.679718017223195],[139.44969177200005,-27.680873870223163],[139.44946289100005,-27.681320189223147],[139.44940185500002,-27.681467055223173],[139.44924926800002,-27.682046889223177],[139.44892883300008,-27.68358612022312],[139.44865417500012,-27.684856414223088],[139.44857788100012,-27.685052871223107],[139.44848632800006,-27.685232161223112],[139.44837951700003,-27.685398101223093],[139.44824218700012,-27.685548781223076],[139.44717407200005,-27.686521529223047],[139.44662475600012,-27.68698883022304],[139.44642639200003,-27.68709945622302],[139.4451293950001,-27.68773460322304],[139.44322204600007,-27.68864631622302],[139.4332275390001,-27.693147658222955],[139.42938232400002,-27.694807052222917],[139.4284515380001,-27.695188521222903],[139.42550659200003,-27.69632339422289],[139.42539978000002,-27.696376800222847],[139.4253692630001,-27.696378707222863],[139.4252624510001,-27.696420669222874],[139.42519926800003,-27.696449189222868]],[[139.42519926800003,-27.696449189222868],[139.424987793,-27.696544646222865],[139.42427063000002,-27.696956634222847],[139.4227447510001,-27.697896956222838],[139.42152404800004,-27.69863891522281],[139.41952514600007,-27.699605941222806],[139.417739868,-27.700448989222828],[139.4176025390001,-27.7005329122228],[139.41728210400004,-27.70077323822278],[139.41716003400006,-27.700828551222802],[139.41621398900008,-27.701171874222773],[139.41531372100008,-27.701608657222756],[139.4124908450001,-27.702928542222725],[139.40986633300008,-27.704221724222737],[139.40826416000004,-27.70488166722269],[139.4063720700001,-27.70597076322272],[139.40603637700008,-27.706148147222688],[139.40495300300006,-27.706674575222678],[139.40010070800008,-27.709104537222643],[139.39991760300006,-27.7092132562226],[139.39974975600012,-27.70934486322261],[139.39628601100003,-27.712528228222546],[139.3960418700001,-27.712715148222575],[139.39591980000012,-27.71278190522258],[139.39399719200003,-27.713491439222523],[139.38772583000002,-27.71609497022251],[139.38542175300006,-27.716989516222466],[139.38406372100008,-27.717493056222477],[139.38139343300008,-27.71856880122244],[139.3804931640001,-27.71889686522247],[139.38020324700005,-27.719022750222447],[139.38002014200003,-27.719141005222472],[139.37638855000012,-27.721925734222403],[139.37478637700008,-27.723134994222363],[139.3744812010001,-27.723381041222382],[139.37236022900004,-27.725469588222314],[139.37220764200003,-27.72565269422233],[139.37208557100007,-27.72586059522233],[139.36953735400004,-27.731332778222217],[139.36935424800004,-27.73177909822219],[139.36920166000004,-27.73243141122223],[139.3683929440001,-27.736829757222097],[139.36836242700008,-27.737077712222124],[139.36836242700008,-27.737325667222137],[139.368423462,-27.73947143522209],[139.36840820300006,-27.739656447222053],[139.36836242700008,-27.73984718222204],[139.36830139200003,-27.74002647322204],[139.36819458000002,-27.74021148622206],[139.36807251000005,-27.740360259222033],[139.36793518100012,-27.74048995922203],[139.36727905300006,-27.74101066522205],[139.366958618,-27.741315841222033],[139.3668212890001,-27.74151229822204],[139.36671447800006,-27.74172401322201],[139.36660766600005,-27.742183684222002],[139.36633300800008,-27.74385070722201],[139.3659515380001,-27.745271682221954],[139.3657989500001,-27.74623489322192],[139.36576843300008,-27.74645042322191],[139.36578369100005,-27.747037887221936],[139.36578369100005,-27.747270583221955],[139.36576843300008,-27.747434615221927],[139.3653564450001,-27.75026893522185],[139.36521911600005,-27.751068114221848],[139.36514282200005,-27.751308440221827],[139.36503601100003,-27.75151824922184],[139.36381530800008,-27.753583907221792],[139.36364746100003,-27.75379371522181],[139.3634338380001,-27.753982543221785],[139.36274719200003,-27.754465102221804],[139.3606567380001,-27.755989074221755],[139.35987854000007,-27.756547927221767],[139.35966491700003,-27.756669997221746],[139.35943603500004,-27.756761550221736],[139.35928344700005,-27.756805419221767],[139.35887146000005,-27.756843566221757],[139.3584442140001,-27.75685691722177],[139.35148620600012,-27.756992339221746],[139.3512268070001,-27.757011413221765],[139.3509674070001,-27.757074355221775],[139.34898376500007,-27.75774383422171],[139.34884643600003,-27.757783889221706],[139.3485565190001,-27.757827758221723],[139.34840393100012,-27.75782966522173],[139.3470611570001,-27.75774002022173],[139.3463439940001,-27.757627486221764],[139.34613037100007,-27.757619857221712]]]},"properties":{"id":"ga:pipe0:59","layer":"pipelines_oil","name":"Bauer to Stunsail","subtype":"Oil pipeline","status":"fully capable of operation.","country":"AU","state":"South Australia","source":"Geoscience Australia","source_url":"https://digital.atlas.gov.au/datasets/digitalatlas::gas-pipelines/about","license":"CC BY 4.0","length_km":0.17629743,"spatial_confidence":"0"}},{"type":"Feature","geometry":{"type":"MultiLineString","coordinates":[[[142.3880279340001,-27.59067098022487],[142.38803100600012,-27.590667724224843]],[[142.38700866700003,-27.591751098224837],[142.3880279340001,-27.59067098022487]]]},"properties":{"id":"ga:pipe0:60","layer":"pipelines_oil","name":"Graham 2 Flowline","subtype":"Oil pipeline","status":"fully capable of operation.","country":"AU","state":"Queensland","source":"Geoscience Australia","source_url":"https://digital.atlas.gov.au/datasets/digitalatlas::gas-pipelines/about","license":"CC BY 4.0","length_km":0.00148959,"spatial_confidence":"0"}},{"type":"Feature","geometry":{"type":"LineString","coordinates":[[139.56527710000012,-27.55560684122553],[139.56576538100012,-27.555414199225538],[139.5692291260001,-27.55715560822548],[139.57017517100007,-27.557806014225502],[139.57096862800006,-27.55894279422545],[139.57107543900008,-27.55938529922546],[139.57156372100008,-27.564418792225347],[139.57341003400006,-27.57962036022508],[139.5742645260001,-27.582832335225017],[139.5742950440001,-27.585992812224944],[139.57490539600008,-27.592027663224815],[139.57487487800006,-27.594303130224784],[139.57525634800004,-27.59638214022473],[139.57600402800006,-27.598428725224714],[139.57643127400002,-27.59915733222469],[139.57714843700012,-27.600030898224652],[139.5773773190001,-27.600429534224652],[139.57839965800008,-27.603345870224583],[139.579925537,-27.606502532224564],[139.58100891100003,-27.609844207224512],[139.581237793,-27.61197662322446],[139.58117675800008,-27.612951278224436],[139.58093261700003,-27.61589240922438],[139.58055114700005,-27.622856139224258],[139.580749512,-27.627525329224177],[139.58067321800002,-27.628814696224122],[139.58088684100005,-27.632932662224064],[139.580749512,-27.640188216223923],[139.58090210000012,-27.643014907223854],[139.58111572300004,-27.643911361223886],[139.581237793,-27.646368026223797],[139.58152771000005,-27.64897918622376],[139.58209228500004,-27.650762557223715],[139.58222961400008,-27.65217208822372],[139.5821533200001,-27.658653258223573],[139.58222961400008,-27.66144180222351],[139.58265686000004,-27.663747786223503],[139.5839538570001,-27.667083739223415],[139.58419799800004,-27.667472838223432],[139.58471679700006,-27.668083190223385],[139.58503723100011,-27.668645858223414],[139.58520507800006,-27.669080733223414],[139.58528137200005,-27.66962432822335],[139.58532714800003,-27.672342299223335],[139.58602905300006,-27.67547225922326],[139.58602905300006,-27.67742156922325],[139.58610534700006,-27.67787361022321],[139.58836364700005,-27.6846122732231],[139.5886840820001,-27.687007903223076],[139.5889129640001,-27.688173293223038],[139.58934021000005,-27.688989638223006],[139.5904846190001,-27.690229415222987],[139.5907440190001,-27.690629958223006],[139.59263610800008,-27.695442199222885],[139.5934143070001,-27.698598861222862],[139.59358215300006,-27.700252532222816],[139.5936431880001,-27.702455520222745],[139.59347534200003,-27.704187392222757],[139.59367370600012,-27.707654952222672],[139.59361267100007,-27.70817756622265],[139.59332275400004,-27.709041594222654],[139.5932617190001,-27.70955467122264],[139.59365844700005,-27.716772078222494],[139.59417724600007,-27.720062255222423],[139.59635925300006,-27.7284831992223],[139.596374512,-27.72883796622227],[139.5962677000001,-27.72934913522224],[139.59614563000002,-27.729644774222237],[139.59309387200005,-27.734403609222163],[139.5930023190001,-27.734609603222154],[139.59205627400002,-27.737596511222133],[139.59199523900008,-27.737752913222085],[139.59082031200012,-27.739887237222035],[139.59053039600008,-27.74020194922207],[139.5902252200001,-27.740413665222036],[139.58990478500004,-27.740787505222034],[139.58979797400002,-27.741027831222027],[139.5897369380001,-27.741533278222033],[139.59172058100012,-27.750263213221885],[139.59173584000007,-27.750505446221865],[139.59170532200005,-27.751071929221865],[139.59172058100012,-27.751314162221846],[139.59283447300004,-27.756134032221766],[139.59466552700007,-27.766889571221576],[139.59458923300008,-27.76740264822155],[139.59411621100003,-27.768297194221525],[139.5938720700001,-27.76859283322152],[139.5909729000001,-27.770910262221495],[139.59080505400004,-27.77108955322148],[139.59045410200008,-27.771600722221468],[139.5903015140001,-27.772104262221475],[139.59060668900008,-27.781612395221288],[139.5906372070001,-27.781805037221286],[139.59358215300006,-27.792219161221123],[139.59895324700005,-27.807022094220844],[139.60079956100003,-27.8126945492207],[139.60087585400004,-27.812864303220707],[139.60395813000002,-27.818044661220625],[139.60401916500007,-27.818782805220593],[139.6031494140001,-27.820837020220544],[139.60231018100012,-27.823223113220543],[139.60226440400004,-27.8234977712205],[139.60226440400004,-27.824327468220503],[139.60234069800003,-27.82468223522048],[139.6031036380001,-27.82624053922046],[139.60391235400004,-27.827608108220456],[139.60398864700005,-27.827806472220423],[139.60411071800002,-27.828233718220442],[139.60414123500004,-27.828577041220402],[139.60395813000002,-27.82969284022038],[139.6039733890001,-27.829963683220377],[139.60411071800002,-27.830738067220373],[139.60476684600008,-27.83250236422036],[139.60481262200005,-27.832668303220363],[139.6049499510001,-27.83364486622034],[139.60629272500012,-27.838762282220205],[139.60632324200003,-27.83899688622022],[139.60604858400006,-27.858224868219875],[139.606140137,-27.85861015221987],[139.6074676510001,-27.86119461021982],[139.60755920400004,-27.861509322219792],[139.60768127400002,-27.8631725302198],[139.60762023900008,-27.863538741219763],[139.60661315900006,-27.8660678852197],[139.60588073700012,-27.86664390521972],[139.60287475600012,-27.867237090219675],[139.6024627690001,-27.867418288219678],[139.60069274900002,-27.86869621221968],[139.6003265380001,-27.869251250219666],[139.60009765600012,-27.870492934219648],[139.59953308100012,-27.876861571219504],[139.59936523400006,-27.877309798219493],[139.59268188500005,-27.886020659219323],[139.59268188500005,-27.886022567219324],[139.59257507300003,-27.886207580219338],[139.5918731690001,-27.88783073321934],[139.59181213400007,-27.888153075219336],[139.59181213400007,-27.892457961219254],[139.5917663570001,-27.89271545321927],[139.5894775390001,-27.899549483219108],[139.5894317630001,-27.899793624219114],[139.58929443400007,-27.90758705021895],[139.58934021000005,-27.907829284218924],[139.59220886200012,-27.917884826218774],[139.59313964800003,-27.926595687218608],[139.59460449200003,-27.93418884221846],[139.59460449200003,-27.934537887218458],[139.59434509300002,-27.935548781218426],[139.59423828100012,-27.935798644218448],[139.591903687,-27.939434051218377],[139.59172058100012,-27.939643859218336],[139.58653259300002,-27.9439830772183],[139.56375122100008,-27.969367980217807],[139.560394287,-27.972482680217777],[139.55989074700005,-27.973011016217768],[139.559753418,-27.97319221421777],[139.5561523440001,-27.97957611021764],[139.55528259300002,-27.981204986217595],[139.5550689700001,-27.981475829217583],[139.55348205600012,-27.9828014362176],[139.5501861570001,-27.984775542217534],[139.5499572750001,-27.984954833217508],[139.54446411100002,-27.990949630217447],[139.54431152300003,-27.99118041921744],[139.54344177200005,-27.993099212217352],[139.54338073700012,-27.99329185421735],[139.540863037,-28.007061004217142],[139.54072570800008,-28.007387160217096],[139.54031372100008,-28.007974624217116],[139.54002380400004,-28.008251189217095],[139.53683471700003,-28.01017761121706],[139.5366210940001,-28.01035499521703],[139.53556823700012,-28.011510848217025],[139.5337677000001,-28.014602660216994],[139.5336608890001,-28.014896392216976],[139.5329437260001,-28.019830703216883],[139.5329437260001,-28.020214080216874],[139.536956787,-28.042943953216454],[139.53796386700003,-28.049264907216326],[139.53848266600005,-28.06230354221608]]},"properties":{"id":"ga:pipe0:61","layer":"pipelines_oil","name":"Growler to Lycium","subtype":"Oil pipeline","status":"fully capable of operation.","country":"AU","state":"South Australia","source":"Geoscience Australia","source_url":"https://digital.atlas.gov.au/datasets/digitalatlas::gas-pipelines/about","license":"CC BY 4.0","length_km":0.55446417,"spatial_confidence":"0"}},{"type":"Feature","geometry":{"type":"LineString","coordinates":[[147.7044830320001,-37.992736815084406],[147.7109085740001,-37.99554178808442]]},"properties":{"id":"ga:pipe0:62","layer":"pipelines_oil","name":"Halibut to Shore","subtype":"Oil pipeline","status":"fully capable of operation.","country":"AU","state":"Victoria","source":"Geoscience Australia","source_url":"https://digital.atlas.gov.au/datasets/digitalatlas::gas-pipelines/about","license":"CC BY 4.0","length_km":0.0070111,"spatial_confidence":"0"}},{"type":"Feature","geometry":{"type":"MultiLineString","coordinates":[[[144.86645310000006,-37.85955760308552],[144.86654663100012,-37.84800720108558]],[[145.21144104000007,-38.03201293808414],[145.17700195300006,-38.033641814084106],[145.0820007320001,-38.00644302308432],[145.0815208690001,-38.00645105708435]]]},"properties":{"id":"ga:pipe0:63","layer":"pipelines_oil","name":"Hastings","subtype":"Oil pipeline","status":"fully capable of operation.","country":"AU","state":"Victoria","source":"Geoscience Australia","source_url":"https://digital.atlas.gov.au/datasets/digitalatlas::gas-pipelines/about","license":"CC BY 4.0","length_km":0.14532634000000003,"spatial_confidence":"0"}},{"type":"Feature","geometry":{"type":"LineString","coordinates":[[145.212997437,-38.02070999008418],[145.187606812,-38.005867003084354],[145.08489990200007,-37.92583465508495],[144.9966583250001,-37.90724182008511],[144.97058105500003,-37.85047531008558],[144.925888062,-37.831493377085714],[144.79786682100007,-37.866474151085455],[144.73985290500002,-37.873756408085384],[144.71313476600005,-37.91406249908505],[144.41563415500002,-38.07811355508375]]},"properties":{"id":"ga:pipe0:64","layer":"pipelines_oil","name":"Hastings to Geelong","subtype":"Oil pipeline","status":"fully capable of operation.","country":"AU","state":"Victoria","source":"Geoscience Australia","source_url":"https://digital.atlas.gov.au/datasets/digitalatlas::gas-pipelines/about","license":"CC BY 4.0","length_km":0.94009885,"spatial_confidence":"0"}},{"type":"Feature","geometry":{"type":"MultiLineString","coordinates":[[[140.44683837900004,-28.483070373208484],[140.44778442400002,-28.483205794208462],[140.44769287100007,-28.483652114208507],[140.44712829600007,-28.48482704120843],[140.44758606000005,-28.48689079220838],[140.44781494100005,-28.48710441520841],[140.44963073700012,-28.488094329208398],[140.45066833500005,-28.489439010208365],[140.45086669900002,-28.489549636208384],[140.45127743800003,-28.48962848320838]],[[140.45127743800003,-28.48962848320838],[140.4512939450001,-28.489631652208345]]]},"properties":{"id":"ga:pipe0:65","layer":"pipelines_oil","name":"Hoek 1 Flowline","subtype":"Oil pipeline","status":"fully capable of operation.","country":"AU","state":"South Australia","source":"Geoscience Australia","source_url":"https://digital.atlas.gov.au/datasets/digitalatlas::gas-pipelines/about","license":"CC BY 4.0","length_km":0.00957057,"spatial_confidence":"0"}},{"type":"Feature","geometry":{"type":"LineString","coordinates":[[140.474716187,-28.401542663209963],[140.47094726600005,-28.402025222209932],[140.47091674800004,-28.40203094420995],[140.47087097200006,-28.402036666209913],[140.47084045400004,-28.4020442952099],[140.470809937,-28.402053832209948],[140.47076416000004,-28.40206336920993],[140.47073364300002,-28.40207672020992],[140.47068786600005,-28.40208816420993],[140.47065734900002,-28.40210151620992],[140.47062683100012,-28.40211677520993],[140.47058105500003,-28.402130126209943],[140.470550537,-28.402147292209904],[140.4705200200001,-28.402166366209926],[140.47048950200008,-28.40218353220993],[140.47045898400006,-28.402204513209917],[140.47042846700003,-28.40222358620995],[140.47039794900002,-28.402246474209946],[140.4703674320001,-28.402267455209916],[140.4703369140001,-28.40229225120991],[140.47030639600007,-28.402315139209897],[140.47027587900004,-28.402341842209893],[140.47024536100002,-28.4023666372099],[140.47023010300006,-28.402393340209894],[140.47019958500005,-28.402420043209915],[140.4693908690001,-28.40338134720994],[140.46936035200008,-28.403413772209895],[140.46934509300002,-28.403444289209926],[140.4693145750001,-28.403478621209914],[140.46929931600005,-28.403512954209894],[140.46926879900002,-28.403545379209923],[140.46925354000007,-28.403581618209916],[140.46923828100012,-28.40361595120988],[140.46922302200005,-28.40365219020987],[140.4692077640001,-28.40368843020993],[140.46919250500002,-28.403726577209905],[140.46917724600007,-28.40376281620992],[140.46917724600007,-28.403800963209918],[140.46916198700012,-28.4038372032099],[140.46914672900004,-28.403875350209894],[140.46914672900004,-28.40391540420991],[140.46914672900004,-28.40395355120991],[140.46846008300008,-28.41048240620978],[140.46846008300008,-28.41050147920977],[140.46846008300008,-28.410520553209782],[140.46846008300008,-28.410539626209754],[140.46846008300008,-28.410560607209792],[140.46846008300008,-28.410579680209764],[140.46846008300008,-28.41059875420979],[140.46846008300008,-28.41061782720976],[140.46847534200003,-28.410636901209777],[140.46847534200003,-28.410655974209764],[140.46847534200003,-28.410675048209786],[140.4684906010001,-28.41069412120975],[140.4684906010001,-28.410711287209786],[140.46850585900006,-28.410730361209804],[140.46850585900006,-28.41074943420978],[140.468521118,-28.41076660120979],[140.46943664600008,-28.41266059820972],[140.46943664600008,-28.412679671209744],[140.46945190400004,-28.41269874520972],[140.46945190400004,-28.41271781820974],[140.4694671630001,-28.412736892209715],[140.4694671630001,-28.412755965209747],[140.46948242200006,-28.412775039209706],[140.46948242200006,-28.41279411220975],[140.46948242200006,-28.412813186209757],[140.46948242200006,-28.412832259209743],[140.46948242200006,-28.412853240209714],[140.46948242200006,-28.412872313209743],[140.46948242200006,-28.412893294209738],[140.46948242200006,-28.41291236820974],[140.46948242200006,-28.412931441209725],[140.46948242200006,-28.412952422209763],[140.4693145750001,-28.4144992822097],[140.46952819800003,-28.41474342220969]]},"properties":{"id":"ga:pipe0:66","layer":"pipelines_oil","name":"Hoff 1 Flowline","subtype":"Proposed Oil pipeline","status":"proposed infrastructure.","country":"AU","state":"South Australia","source":"Geoscience Australia","source_url":"https://digital.atlas.gov.au/datasets/digitalatlas::gas-pipelines/about","license":"CC BY 4.0","length_km":0.01772395,"spatial_confidence":"0"}},{"type":"Feature","geometry":{"type":"LineString","coordinates":[[147.1781158450001,-38.22599410908258],[147.32360839800003,-38.222621917082634],[147.51692199700005,-38.0896606440837],[147.55706787100007,-38.08642196608372],[147.7044830320001,-37.992736815084406]]},"properties":{"id":"ga:pipe0:67","layer":"pipelines_oil","name":"Beach to Longford (Halibut)","subtype":"Oil pipeline","status":"fully capable of operation.","country":"AU","state":"Victoria","source":"Geoscience Australia","source_url":"https://digital.atlas.gov.au/datasets/digitalatlas::gas-pipelines/about","license":"CC BY 4.0","length_km":0.59509862,"spatial_confidence":"0"}},{"type":"Feature","geometry":{"type":"LineString","coordinates":[[141.36654663100012,-28.294464110211884],[141.36642456100003,-28.29501533421186],[141.36982727100008,-28.295997619211864],[141.37246704100005,-28.29756164521183],[141.3741760250001,-28.29977798421176],[141.37429809600008,-28.329492568211254],[141.37478637700008,-28.330720900211215],[141.3784637450001,-28.33568382221112],[141.37910461400008,-28.33835411021107],[141.3790588380001,-28.33982658321107],[141.37948608400006,-28.340700149211063]]},"properties":{"id":"ga:pipe0:68","layer":"pipelines_oil","name":"Illiad to Tickalara","subtype":"Oil pipeline","status":"fully capable of operation.","country":"AU","state":"Queensland","source":"Geoscience Australia","source_url":"https://digital.atlas.gov.au/datasets/digitalatlas::gas-pipelines/about","license":"CC BY 4.0","length_km":0.05237853,"spatial_confidence":"0"}},{"type":"Feature","geometry":{"type":"MultiLineString","coordinates":[[[141.67988793900008,-28.110973997215225],[141.68000793500005,-28.11095237621519],[141.68054199200003,-28.11035919121525]],[[141.63981628400006,-28.11883926321509],[141.64016723600002,-28.11788558921509],[141.64102172900004,-28.118135451215068],[141.64962768600003,-28.121417998215023],[141.65205383300008,-28.12172508121501],[141.65397644000006,-28.12162589921502],[141.6606140140001,-28.12026786721501],[141.66618347200006,-28.12026786721501],[141.6703033450001,-28.119945525215076],[141.67488098100011,-28.115844726215137],[141.67831420900006,-28.11125755221522],[141.67988793900008,-28.110973997215225]]]},"properties":{"id":"ga:pipe0:69","layer":"pipelines_oil","name":"Inca NFE A Flowline","subtype":"Proposed Oil pipeline","status":"proposed infrastructure.","country":"AU","state":"Queensland","source":"Geoscience Australia","source_url":"https://digital.atlas.gov.au/datasets/digitalatlas::gas-pipelines/about","license":"CC BY 4.0","length_km":0.04635956,"spatial_confidence":"0"}},{"type":"Feature","geometry":{"type":"MultiLineString","coordinates":[[[143.32888793900008,-26.93549156123738],[143.32903593600008,-26.935662927237342]],[[143.32903593600008,-26.935662927237342],[143.3290654210001,-26.93569706723737]],[[143.3290654210001,-26.93569706723737],[143.3300476070001,-26.936834334237325],[143.3307189940001,-26.9379367822373],[143.331007203,-26.938208178237307]],[[143.331007203,-26.938208178237307],[143.33115014200007,-26.938342779237324]],[[143.33115014200007,-26.938342779237324],[143.33117675800008,-26.93836784323733],[143.33118836200003,-26.938381444237297]],[[143.33118836200003,-26.938381444237297],[143.33125287200005,-26.938457061237298]],[[143.33125287200005,-26.938457061237298],[143.33198547400002,-26.939315795237288],[143.33224643900007,-26.939704913237275]],[[143.33224643900007,-26.939704913237275],[143.33225621500003,-26.93971949023727]],[[143.33225621500003,-26.93971949023727],[143.33262634300002,-26.940271377237288],[143.3329315190001,-26.940059661237267]]]},"properties":{"id":"ga:pipe0:70","layer":"pipelines_oil","name":"Ipundu 1 Flowline","subtype":"Oil pipeline","status":"fully capable of operation.","country":"AU","state":"Queensland","source":"Geoscience Australia","source_url":"https://digital.atlas.gov.au/datasets/digitalatlas::gas-pipelines/about","license":"CC BY 4.0","length_km":0.006461860000000001,"spatial_confidence":"0"}},{"type":"Feature","geometry":{"type":"MultiLineString","coordinates":[[[143.3290654210001,-26.93569706723737],[143.32885742200006,-26.935560225237353]],[[143.331007203,-26.938208178237307],[143.33068847700008,-26.937885283237303],[143.3301239010001,-26.936916350237357],[143.3291473390001,-26.935750960237336],[143.3290654210001,-26.93569706723737]],[[143.33125287200005,-26.938457061237298],[143.331007203,-26.938208178237307]],[[143.33217449200004,-26.939558021237307],[143.3320007320001,-26.93921470523732],[143.33125287200005,-26.938457061237298]],[[143.33225621500003,-26.93971949023727],[143.33217449200004,-26.939558021237307]],[[143.33246972900008,-26.940160796237294],[143.33247375500002,-26.940149306237274],[143.33225621500003,-26.93971949023727]],[[143.317077637,-26.944133758237193],[143.31700134300002,-26.94417190523719],[143.31694030800008,-26.94384002623721],[143.31706237800006,-26.943738936237217],[143.3172760010001,-26.9437618252372],[143.31759643600003,-26.94438171323721],[143.317565918,-26.944871901237157],[143.31790161100002,-26.945594787237148],[143.31950378400006,-26.947666167237127],[143.31970214800003,-26.94780921823713],[143.31988525400004,-26.947813033237153],[143.3256530760001,-26.944305419237217],[143.33238220200008,-26.940410613237283],[143.33246972900008,-26.940160796237294]]]},"properties":{"id":"ga:pipe0:71","layer":"pipelines_oil","name":"Ipundu 10 Flowline","subtype":"Oil pipeline","status":"fully capable of operation.","country":"AU","state":"Queensland","source":"Geoscience Australia","source_url":"https://digital.atlas.gov.au/datasets/digitalatlas::gas-pipelines/about","license":"CC BY 4.0","length_km":0.026535380000000004,"spatial_confidence":"0"}},{"type":"Feature","geometry":{"type":"MultiLineString","coordinates":[[[143.32903593600008,-26.935662927237342],[143.32887268100012,-26.935550689237363]],[[143.33115014200007,-26.938342779237324],[143.33068847700008,-26.937875747237307],[143.33013916000004,-26.93690681423731],[143.3291473390001,-26.935739516237344],[143.32903593600008,-26.935662927237342]],[[143.33659362800006,-26.937356948237298],[143.33584594700005,-26.93833541823729],[143.3341369630001,-26.939310073237277],[143.33360290500002,-26.9398612972373],[143.33287048300008,-26.94038200323727],[143.33264160200008,-26.940406798237266],[143.33255004900002,-26.94032478223726],[143.33246972900008,-26.940160796237294]],[[143.33118836200003,-26.938381444237297],[143.33115014200007,-26.938342779237324]],[[143.33217449200004,-26.939558021237307],[143.3320007320001,-26.93920326123731],[143.33118836200003,-26.938381444237297]],[[143.33224643900007,-26.939704913237275],[143.33217449200004,-26.939558021237307]],[[143.33246972900008,-26.940160796237294],[143.33224643900007,-26.939704913237275]]]},"properties":{"id":"ga:pipe0:72","layer":"pipelines_oil","name":"Ipundu 14 Flowline","subtype":"Oil pipeline","status":"fully capable of operation.","country":"AU","state":"Queensland","source":"Geoscience Australia","source_url":"https://digital.atlas.gov.au/datasets/digitalatlas::gas-pipelines/about","license":"CC BY 4.0","length_km":0.011312440000000002,"spatial_confidence":"0"}},{"type":"Feature","geometry":{"type":"LineString","coordinates":[[143.3288421630001,-26.935560225237353],[143.32862854000007,-26.93536186123739],[143.32853698700012,-26.93506431523738],[143.32829284700006,-26.93473815823738],[143.32699585000012,-26.933465957237388],[143.32626342800006,-26.93248557923741],[143.32447814900002,-26.93036651523744],[143.32334899900002,-26.92928504823746],[143.32135009800004,-26.92705345123751],[143.3206176760001,-26.92632865823756],[143.31855773900008,-26.923751830237588],[143.3151702880001,-26.920936583237637],[143.31382751500007,-26.92008972123765],[143.31364440900006,-26.919872283237652],[143.31356811500007,-26.919656753237675]]},"properties":{"id":"ga:pipe0:73","layer":"pipelines_oil","name":"Ipundu Field Production Spineline","subtype":"Oil pipeline","status":"fully capable of operation.","country":"AU","state":"Queensland","source":"Geoscience Australia","source_url":"https://digital.atlas.gov.au/datasets/digitalatlas::gas-pipelines/about","license":"CC BY 4.0","length_km":0.02221551,"spatial_confidence":"0"}},{"type":"Feature","geometry":{"type":"LineString","coordinates":[[143.31388855000012,-26.91967773323766],[143.31381225600012,-26.919631957237677],[143.313659668,-26.91970252923765],[143.31358337400002,-26.919649123237647]]},"properties":{"id":"ga:pipe0:74","layer":"pipelines_oil","name":"Ipundu North 1 Flowline","subtype":"Oil pipeline","status":"fully capable of operation.","country":"AU","state":"Queensland","source":"Geoscience Australia","source_url":"https://digital.atlas.gov.au/datasets/digitalatlas::gas-pipelines/about","license":"CC BY 4.0","length_km":0.00035022000000000005,"spatial_confidence":"0"}},{"type":"Feature","geometry":{"type":"MultiLineString","coordinates":[[[143.28794860800008,-26.889270781238285],[143.2890625000001,-26.88846969523827],[143.28926086400008,-26.888570785238265]],[[143.28807961600012,-26.890248537238264],[143.28770446800002,-26.88977813623825],[143.28764343300008,-26.889570235238246],[143.28794860800008,-26.889270781238285]],[[143.31356811500007,-26.919641494237673],[143.3132934570001,-26.919292449237666],[143.31323242200006,-26.919067382237696],[143.31219482400002,-26.91812324423769],[143.31155395500002,-26.917312621237702],[143.31080627400002,-26.91651725723772],[143.31056213400007,-26.916110991237748],[143.31019592300004,-26.915779113237754],[143.3100280760001,-26.91549491823776],[143.30857849100005,-26.913829802237764],[143.30718994100005,-26.911642074237843],[143.30636596700003,-26.910970687237842],[143.3062744140001,-26.910657882237828],[143.30656433100012,-26.909933089237875],[143.30662536600005,-26.909593581237864],[143.30659484900002,-26.909046172237904],[143.30371093700012,-26.90576744023795],[143.30366516100003,-26.905563353237973],[143.30290222200006,-26.904766082237973],[143.30230712900004,-26.903917312237986],[143.30084228500004,-26.90214157023802],[143.29159545900006,-26.891271590238233],[143.29130554200003,-26.891187667238196],[143.29100036600005,-26.891227721238206],[143.2899627690001,-26.89170074423824],[143.28894043000003,-26.8919372552382],[143.28884887700008,-26.891899108238203],[143.28881835900006,-26.891424178238214],[143.28868103000002,-26.891002654238225],[143.28807961600012,-26.890248537238264]]]},"properties":{"id":"ga:pipe0:75","layer":"pipelines_oil","name":"Ipundu Production Spineline","subtype":"Oil pipeline","status":"fully capable of operation.","country":"AU","state":"Queensland","source":"Geoscience Australia","source_url":"https://digital.atlas.gov.au/datasets/digitalatlas::gas-pipelines/about","license":"CC BY 4.0","length_km":0.04427657,"spatial_confidence":"0"}},{"type":"Feature","geometry":{"type":"MultiLineString","coordinates":[[[142.28571907700007,-27.718856744222474],[142.28569030800008,-27.718814849222454],[142.2851257320001,-27.718511580222483],[142.28228759800004,-27.718339919222455],[142.28145941100001,-27.719075562222425]],[[142.2859336560001,-27.71916922622245],[142.28571907700007,-27.718856744222474]],[[142.28145941100001,-27.719075562222425],[142.28027343700012,-27.720129012222447],[142.27883911100002,-27.72216987522239],[142.27807617200006,-27.723489760222346],[142.27510070800008,-27.725753783222316],[142.27316284200003,-27.727365493222308],[142.26805114700005,-27.728282927222267],[142.2663421630001,-27.728485106222305],[142.26568603500004,-27.72875976522226],[142.26515894400006,-27.72886330122229]],[[142.28598077800007,-27.719237847222466],[142.2859336560001,-27.71916922622245]],[[142.2860565190001,-27.7203407282224],[142.28599548300008,-27.71925926122247],[142.28598077800007,-27.719237847222466]],[[142.26515894400006,-27.72886330122229],[142.26515197800006,-27.72886466922227]]]},"properties":{"id":"ga:pipe0:76","layer":"pipelines_oil","name":"Irtalie East 1 Flowline","subtype":"Oil pipeline","status":"fully capable of operation.","country":"AU","state":"Queensland","source":"Geoscience Australia","source_url":"https://digital.atlas.gov.au/datasets/digitalatlas::gas-pipelines/about","license":"CC BY 4.0","length_km":0.02624871,"spatial_confidence":"0"}},{"type":"Feature","geometry":{"type":"MultiLineString","coordinates":[[[142.25363159200003,-27.72416114722234],[142.2534179690001,-27.724815368222323],[142.25347900400004,-27.72525787322235],[142.25366210900006,-27.72560119522233],[142.2570501040001,-27.72868872522228]],[[142.2570501040001,-27.72868872522228],[142.25865173300008,-27.730148314222244],[142.25874328700002,-27.730205535222254]],[[142.26515894400006,-27.72886330122229],[142.26515197800006,-27.728858947222296]],[[142.25961941800006,-27.730546403222228],[142.2601470950001,-27.730501174222255],[142.26420593300008,-27.72949409422225],[142.26475524900002,-27.729309081222233],[142.2652130130001,-27.72889709422229],[142.26515894400006,-27.72886330122229]],[[142.25874328700002,-27.730205535222254],[142.2590942380001,-27.730424880222255],[142.25961162200008,-27.730546617222224]],[[142.25961162200008,-27.730546617222224],[142.259613037,-27.730546950222227],[142.25961941800006,-27.730546403222228]]]},"properties":{"id":"ga:pipe0:77","layer":"pipelines_oil","name":"Irtalie East 3 Flowline","subtype":"Oil pipeline","status":"fully capable of operation.","country":"AU","state":"Queensland","source":"Geoscience Australia","source_url":"https://digital.atlas.gov.au/datasets/digitalatlas::gas-pipelines/about","license":"CC BY 4.0","length_km":0.01531494,"spatial_confidence":"0"}},{"type":"Feature","geometry":{"type":"LineString","coordinates":[[140.38058471700003,-28.535676955207553],[140.37341308600003,-28.533203124207564],[140.3682098390001,-28.532182692207616],[140.36759948700012,-28.531831740207615]]},"properties":{"id":"ga:pipe0:78","layer":"pipelines_oil","name":"Biala 10 Flowline","subtype":"Oil pipeline","status":"fully capable of operation.","country":"AU","state":"South Australia","source":"Geoscience Australia","source_url":"https://digital.atlas.gov.au/datasets/digitalatlas::gas-pipelines/about","license":"CC BY 4.0","length_km":0.013592729999999999,"spatial_confidence":"0"}},{"type":"Feature","geometry":{"type":"MultiLineString","coordinates":[[[142.24916076700003,-27.720283507222444],[142.2503814700001,-27.721141814222403],[142.25065612800006,-27.721416472222426],[142.25103759800004,-27.72233009222242],[142.25224304200003,-27.724382400222357],[142.2570501040001,-27.72868872522228]],[[142.2570501040001,-27.72868872522228],[142.25874328700002,-27.730205535222254]],[[142.25961941800006,-27.730546403222228],[142.26008606000005,-27.73053359922223],[142.2645416260001,-27.729427337222244],[142.264907837,-27.72923660222225],[142.26524353000002,-27.728899001222246]],[[142.25874328700002,-27.730205535222254],[142.25892639200003,-27.73036956722224],[142.25946044900002,-27.730550765222247],[142.25961162200008,-27.730546617222224]],[[142.25961162200008,-27.730546617222224],[142.25961941800006,-27.730546403222228]]]},"properties":{"id":"ga:pipe0:79","layer":"pipelines_oil","name":"Irtalie East 4 Flowline","subtype":"Oil pipeline","status":"fully capable of operation.","country":"AU","state":"Queensland","source":"Geoscience Australia","source_url":"https://digital.atlas.gov.au/datasets/digitalatlas::gas-pipelines/about","license":"CC BY 4.0","length_km":0.02089345,"spatial_confidence":"0"}},{"type":"Feature","geometry":{"type":"LineString","coordinates":[[142.26091003400006,-27.72533988922231],[142.26216125500002,-27.725330352222336],[142.26271057100007,-27.725410460222346],[142.26316833500005,-27.72565269422233],[142.2646942140001,-27.726808547222305],[142.26499939000007,-27.72712325922227],[142.2651824950001,-27.727504729222304],[142.26522827100007,-27.727817534222265],[142.26516723600002,-27.728799819222264]]},"properties":{"id":"ga:pipe0:80","layer":"pipelines_oil","name":"Irtalie East 5 Flowline","subtype":"Oil pipeline","status":"fully capable of operation.","country":"AU","state":"Queensland","source":"Geoscience Australia","source_url":"https://digital.atlas.gov.au/datasets/digitalatlas::gas-pipelines/about","license":"CC BY 4.0","length_km":0.00640036,"spatial_confidence":"0"}},{"type":"Feature","geometry":{"type":"MultiLineString","coordinates":[[[140.30068969700005,-28.549333571207303],[140.30166626000005,-28.548843383207302],[140.3020629880001,-28.548845290207307],[140.3023986820001,-28.54838180420731],[140.30276489300002,-28.54810523920733],[140.30625915500002,-28.54634094120735],[140.3067626950001,-28.54618263120734],[140.30969238300008,-28.546176909207315],[140.31031614000005,-28.54728833320734]],[[140.31031614000005,-28.54728833320734],[140.31045589300004,-28.547537347207303]],[[140.31045589300004,-28.547537347207303],[140.31053161600005,-28.5476722712073]]]},"properties":{"id":"ga:pipe0:81","layer":"pipelines_oil","name":"Isoptera 1 Flowline","subtype":"Oil pipeline","status":"fully capable of operation.","country":"AU","state":"South Australia","source":"Geoscience Australia","source_url":"https://digital.atlas.gov.au/datasets/digitalatlas::gas-pipelines/about","license":"CC BY 4.0","length_km":0.01160732,"spatial_confidence":"0"}},{"type":"Feature","geometry":{"type":"MultiLineString","coordinates":[[[142.43560791000004,-27.581958770225018],[142.43542480500003,-27.583053588225024],[142.435317993,-27.583312987224964],[142.43238830600012,-27.58727073622494],[142.42900085400004,-27.589324950224903],[142.4286346440001,-27.589412688224893],[142.41877746600005,-27.589708327224887],[142.41761965800004,-27.590090817224873]],[[142.41761965800004,-27.590090817224873],[142.41685485800008,-27.590343474224856]]]},"properties":{"id":"ga:pipe0:82","layer":"pipelines_oil","name":"Jackson East 2 Flowline","subtype":"Oil pipeline","status":"fully capable of operation.","country":"AU","state":"Queensland","source":"Geoscience Australia","source_url":"https://digital.atlas.gov.au/datasets/digitalatlas::gas-pipelines/about","license":"CC BY 4.0","length_km":0.022539290000000003,"spatial_confidence":"0"}},{"type":"Feature","geometry":{"type":"LineString","coordinates":[[142.41806030300006,-27.622289657224243],[142.42288208000002,-27.635763167224034],[142.4335632320001,-27.657567977223614],[142.4403228760001,-27.662912368223516],[142.44799804700006,-27.66346740622346]]},"properties":{"id":"ga:pipe0:83","layer":"pipelines_oil","name":"Jackson South to Jackson","subtype":"Oil pipeline","status":"fully capable of operation.","country":"AU","state":"Queensland","source":"Geoscience Australia","source_url":"https://digital.atlas.gov.au/datasets/digitalatlas::gas-pipelines/about","license":"CC BY 4.0","length_km":0.05490305,"spatial_confidence":"0"}},{"type":"Feature","geometry":{"type":"MultiLineString","coordinates":[[[142.4116210940001,-27.616924285224385],[142.4114379880001,-27.616792678224375],[142.40895080600012,-27.61615180922438],[142.40885925300006,-27.616161345224377],[142.406585693,-27.61653327822437],[142.4065551760001,-27.616554259224344],[142.40644836400008,-27.616657256224354],[142.3995666500001,-27.624002456224236],[142.39109802200005,-27.632982253224068],[142.37487793000003,-27.64675712522381],[142.36450195300006,-27.653568267223672],[142.35710144000006,-27.6583480822236],[142.3550567630001,-27.659765243223575],[142.3549804690001,-27.659830092223586],[142.3549499510001,-27.659864425223564],[142.35337829600007,-27.665380477223483],[142.353363037,-27.665428161223453],[142.35173034700006,-27.66786384522339],[142.34774780300006,-27.671436309223317],[142.3473968510001,-27.671838759223338],[142.34738159200003,-27.671873092223315],[142.34736633300008,-27.6719112392233],[142.34736633300008,-27.671943664223328],[142.3476257320001,-27.67300987122332],[142.34764099100005,-27.673038482223316],[142.3476257320001,-27.673065185223333],[142.3466491700001,-27.674772262223286],[142.34661865200007,-27.674797057223287],[142.3465728760001,-27.674819945223273],[142.34486389200003,-27.67541122322326],[142.34483337400002,-27.67542457522327],[142.34480285600011,-27.675430297223294],[142.34294128400006,-27.675203322223265],[142.34289550800008,-27.67520904422329],[142.34272766100003,-27.67528343122327],[142.3423614500001,-27.67547225922326],[142.34233093300008,-27.675493239223297],[142.34228515600012,-27.675550460223256],[142.34181213400007,-27.675992965223273],[142.3379364010001,-27.679777144223177],[142.32307434100005,-27.694000243222902],[142.32246398900008,-27.694744109222878],[142.31471252400002,-27.702386855222784],[142.30778503400006,-27.708133697222667],[142.30699157700008,-27.70870780822266],[142.30485534700006,-27.709270476222635],[142.3048095700001,-27.70927238422265],[142.30432142000006,-27.709123490222634]],[[142.30432142000006,-27.709123490222634],[142.30047607400002,-27.707950591222666],[142.30032348600002,-27.707958220222665],[142.29907226600005,-27.708040236222686],[142.2983398440001,-27.708097457222635],[142.29510498000002,-27.709222793222644],[142.2937622070001,-27.71015739322262],[142.29133606000005,-27.71267318622258],[142.28987121600005,-27.715644835222527],[142.28871154800004,-27.717275619222484],[142.287778483,-27.718750952222493]],[[142.287778483,-27.718750952222493],[142.28753662100007,-27.719133376222423],[142.2873987920001,-27.719535788222444]],[[142.2873987920001,-27.719535788222444],[142.2871093750001,-27.720380782222414],[142.28706359900002,-27.720426558222446],[142.2869455120001,-27.72052144922245]],[[142.2869455120001,-27.72052144922245],[142.28691261100005,-27.720547888222395]],[[142.28691261100005,-27.720547888222395],[142.28688315300008,-27.720571559222417]],[[142.28688315300008,-27.720571559222417],[142.28599548300008,-27.721284865222426],[142.2847137450001,-27.722520827222407],[142.2744598390001,-27.740161895222062],[142.26661682100007,-27.753635405221793],[142.266296387,-27.754156112221807],[142.2648773190001,-27.756761550221736],[142.26460266100003,-27.757083892221736],[142.26206970200008,-27.761627196221646],[142.26174926800002,-27.76218986422168],[142.26139831500006,-27.762756347221668],[142.260101318,-27.7650260922216],[142.23905944800003,-27.80121612422091],[142.2389221190001,-27.801343917220898],[142.23845046100007,-27.80165571022092]],[[142.23845046100007,-27.80165571022092],[142.23733520500002,-27.802392959220914],[142.23728942900004,-27.8024425502209],[142.23693847700008,-27.80345344422087],[142.23428344700005,-27.808179854220764],[142.23213195800008,-27.812713622220738],[142.23173522900004,-27.81358337322069],[142.23146057100007,-27.81423759422068],[142.23097229000007,-27.814609527220657],[142.23094177200005,-27.814641952220686],[142.23074340800008,-27.815244674220676],[142.23074340800008,-27.815290450220665],[142.2310043000001,-27.81627270922066]],[[142.2310043000001,-27.81627270922066],[142.23112487800006,-27.816726684220612],[142.23112487800006,-27.816759108220648],[142.23091125500002,-27.817340850220646],[142.230575562,-27.8178977962206],[142.2304687500001,-27.818504332220602],[142.2298736570001,-27.819639205220604],[142.22970581100003,-27.820665358220584],[142.22911071800002,-27.821453093220534],[142.22903442400002,-27.82159423722052],[142.22096252400002,-27.84046935922016],[142.21900939900002,-27.8450489032201],[142.2169189450001,-27.84984970022005],[142.21675109900002,-27.850484847220002],[142.2163543700001,-27.85116195621996],[142.21557617200006,-27.852973937219947],[142.21557617200006,-27.85301589921995],[142.2161254880001,-27.853986739219966],[142.2161254880001,-27.85402297921997],[142.21611022900004,-27.85406303321997],[142.21568298300008,-27.85491371121991],[142.21565246600005,-27.854946135219944],[142.21453857400002,-27.85557174621991],[142.2145080570001,-27.855596541219903],[142.2113952640001,-27.862777709219742],[142.21119689900002,-27.86351776021977],[142.210784912,-27.86443138021977],[142.210220337,-27.86520957821973],[142.20980835000012,-27.866161345219716],[142.20893859900002,-27.868089675219686],[142.20878601100003,-27.868391036219702],[142.2085418700001,-27.868974685219648],[142.20788574200003,-27.87042427021961],[142.20777893100012,-27.87083625721961],[142.194595337,-27.898717879219102],[142.1945648190001,-27.898738860219122],[142.19422600500002,-27.898852105219078]],[[142.19422600500002,-27.898852105219078],[142.19386291500007,-27.898973464219132],[142.19383239700005,-27.899007796219124],[142.193206787,-27.900312423219066],[142.19076538100012,-27.90266227621902],[142.18777465800008,-27.904733657218987],[142.1876525880001,-27.904916762218996],[142.18467712400002,-27.909519195218913],[142.18466186500007,-27.90954780521894],[142.1847021540001,-27.9101034442189]],[[142.1847021540001,-27.9101034442189],[142.18470764200003,-27.910179137218883],[142.18473815900006,-27.91045761021892],[142.17697143600003,-27.924856185218623],[142.1765747070001,-27.92556953321864],[142.17643737800006,-27.925863265218624],[142.1660919190001,-27.945055007218237],[142.15879821800002,-27.95991897521801],[142.15867614700005,-27.96005630421799],[142.15707397500012,-27.96151733321795],[142.14717102100008,-27.974512099217723],[142.1463012700001,-27.97660064621765],[142.14537048300008,-27.977352141217683],[142.1449127200001,-27.977766036217695],[142.1402130130001,-27.98623084921751],[142.14012146000005,-27.98670005721748],[142.14006042500012,-27.98690986521749],[142.13945007300003,-27.987979888217488],[142.1346588130001,-27.996612548217314],[142.13403320300006,-27.997425078217315],[142.12889099100005,-28.0067825312171],[142.12387085000012,-28.01584434421694],[142.1188812260001,-28.024915694216784],[142.11367797900004,-28.034299849216627],[142.11265564000007,-28.03616142221658],[142.11257934600008,-28.036281585216596],[142.11251831100003,-28.03643226521658],[142.112487793,-28.036754607216572],[142.1124572750001,-28.03706932021654],[142.11239624000007,-28.037212371216548],[142.11218261700003,-28.03747367821656],[142.11198425300006,-28.037750243216536],[142.11175537100007,-28.038089751216557],[142.11131286600005,-28.038536071216527],[142.11116027800006,-28.038772582216552],[142.111099243,-28.038921355216527],[142.10447692900004,-28.050926207216314],[142.10437011700003,-28.051126479216286],[142.10433960000012,-28.051424025216292],[142.10313415500002,-28.053470611216262],[142.1026916500001,-28.05414771921625],[142.10037231400008,-28.05840301421617],[142.10037231400008,-28.05843925421615],[142.1004028320001,-28.060018538216127],[142.09915161100002,-28.062818526216073],[142.09906005900007,-28.063032149216117],[142.097991943,-28.06446838321606],[142.09794616700003,-28.064506530216065],[142.0965728760001,-28.06529426521606],[142.09654235800008,-28.06531906021605],[142.09118652300003,-28.075006484215876],[142.0906372070001,-28.076166152215873],[142.0899963380001,-28.077089309215836],[142.0835418700001,-28.088747024215643],[142.0826721190001,-28.090421676215573],[142.08056640600012,-28.09273338221552],[142.07849121100003,-28.094615935215515],[142.07832999000004,-28.094764141215517]],[[142.07832999000004,-28.094764141215517],[142.07702636700003,-28.095962523215487],[142.0718536380001,-28.100893020215373],[142.0640869140001,-28.10796928321528],[142.0614929200001,-28.110279082215236],[142.0588989260001,-28.11127281121523],[142.05314636200012,-28.113611220215137],[142.05313110400004,-28.113618850215165],[142.053070068,-28.11365699721516],[142.0450439450001,-28.121164321215044],[142.04501342800006,-28.121181487215004],[142.04498291000004,-28.121187209215027],[142.04290771500007,-28.12096786421503],[142.03909301800002,-28.119924544215046],[142.03904724100005,-28.119918822215077],[142.03608703600003,-28.120599746215046],[142.03077697800006,-28.122783660215017],[142.02827453600003,-28.123643874214995],[142.02699279800004,-28.124172210214986],[142.0258483890001,-28.124626159214937],[142.02330017100007,-28.12553977921493],[142.0196838380001,-28.126981734214915],[142.00975036600005,-28.12965965221489],[141.98834228500004,-28.13540077121479],[141.9828796390001,-28.13687705921474],[141.97535705600012,-28.138856887214715],[141.9662017820001,-28.13998794521469],[141.96611022900004,-28.140005111214712],[141.96531677200005,-28.140581130214688],[141.96527099600007,-28.14058875921467],[141.96418762200005,-28.14060592621468],[141.96324157700008,-28.14047813321469],[141.9621429440001,-28.14072227421469],[141.95729064900002,-28.14171218821467],[141.95449829100005,-28.142330169214652],[141.954284668,-28.142381667214607],[141.9496765140001,-28.145542144214602],[141.949554443,-28.145614623214584],[141.9493713380001,-28.145593642214614],[141.94589233400006,-28.144901275214554],[141.94534301800002,-28.144783019214604],[141.9449005130001,-28.14470672521462],[141.93434143100012,-28.14769554021454],[141.9219970700001,-28.15116310021447],[141.91738891600005,-28.152544021214474],[141.91654968300008,-28.152700423214423],[141.8972778320001,-28.158126830214343],[141.89591980000012,-28.158515929214357],[141.89317321800002,-28.15932846021435],[141.8898773190001,-28.160285949214312],[141.88925170900006,-28.160402297214304],[141.88121032700008,-28.162683486214284],[141.8784637450001,-28.163454055214274],[141.87535095200008,-28.164295196214223],[141.87480163600003,-28.16457176121426],[141.8731689450001,-28.164972304214203],[141.87097168000003,-28.16627883821422],[141.8709106450001,-28.166305541214218],[141.8695220950001,-28.166372298214178],[141.86744689900002,-28.16658401421419],[141.86732482900004,-28.16660308721417],[141.8632507320001,-28.16778564421421],[141.8605041500001,-28.168537139214163],[141.85777282700008,-28.169305800214136],[141.8550262450001,-28.170089721214115],[141.84339904800004,-28.173452376214048],[141.84271240200007,-28.173635482214063],[141.83859252900004,-28.17467689421404],[141.83720397900004,-28.175064086214036],[141.833755493,-28.176046370214053],[141.8300781250001,-28.177255629213978],[141.8250122070001,-28.17860984721397],[141.82255554200003,-28.179174422213958],[141.812271118,-28.18206214821389],[141.81076049800004,-28.182609557213922],[141.80883789100005,-28.183038711213875],[141.80130004900002,-28.18515205321386],[141.79896545400004,-28.18608856121385],[141.7969512940001,-28.186359405213835],[141.78878784200003,-28.188676833213822],[141.76403808600003,-28.195594787213643],[141.76283264200003,-28.196247100213682],[141.76213073700012,-28.196430205213645],[141.76094055200008,-28.19651222121366],[141.75956726100003,-28.19686698821363],[141.757659912,-28.197381972213623],[141.74668884300002,-28.20045280421357],[141.74360656700003,-28.20199203421352],[141.7417755130001,-28.20318603421351],[141.74172973600002,-28.203197478213553],[141.73924255400004,-28.20344734121352],[141.72761535600011,-28.207803725213445],[141.72756958000002,-28.20782661321343],[141.727233887,-28.20823669321342],[141.72717285200008,-28.208307265213453],[141.72673034700006,-28.20861625621344],[141.72351074200003,-28.209621428213435],[141.7189025880001,-28.211875915213355],[141.718856812,-28.2118835442134],[141.71688842800006,-28.211851119213375],[141.695983887,-28.219833373213234],[141.68045043900008,-28.225790023213094],[141.67134094200003,-28.229337691213047],[141.67042541500007,-28.22970771721303],[141.66851806600005,-28.230390548213016],[141.65489196800002,-28.23558425821293],[141.65338134800004,-28.236293792212933],[141.65042114300002,-28.237251281212885],[141.65037536600005,-28.23727416921293],[141.6497955320001,-28.237918853212868],[141.649108887,-28.23829078621292],[141.6488952640001,-28.238323211212883],[141.64714050300006,-28.238519668212895],[141.6313171390001,-28.244546889212796],[141.62095642100007,-28.248514174212712],[141.62048339800003,-28.248744964212698],[141.6105804440001,-28.253765105212597],[141.6072387700001,-28.25546455321258],[141.5989379880001,-28.26113891521245],[141.58499145500002,-28.27198409921226],[141.58464050300006,-28.27225685021227],[141.58439636200012,-28.27254295221228],[141.58407592800006,-28.27293395921224],[141.58358764600007,-28.273426055212234],[141.58351135300006,-28.273448943212234],[141.58258056600005,-28.273525237212226],[141.58125305200008,-28.27359771621228],[141.5736236570001,-28.2759704582122],[141.56781005900007,-28.277753829212156],[141.5655822750001,-28.278873443212138],[141.5644989010001,-28.27922630221217],[141.5631408690001,-28.279233931212136],[141.5630645750001,-28.27924156121217],[141.55187988300008,-28.2827739712121],[141.55049133300008,-28.28354072521207],[141.54757690400004,-28.284723281212052],[141.54576110800008,-28.284631728212045],[141.53517150900007,-28.28795432921197],[141.52435302700007,-28.29133987321194],[141.51391601600005,-28.29459190321187],[141.481628418,-28.30475425621169],[141.47415161100002,-28.307085036211667],[141.47398376500007,-28.307146071211655],[141.47334289600008,-28.307409285211644],[141.4726562500001,-28.30758666921166],[141.44157409700006,-28.31738471921145],[141.4412994380001,-28.31756591721146],[141.4405822750001,-28.31777572521148],[141.43988037100007,-28.31791496221146],[141.41333007800006,-28.326236724211295],[141.39755249000007,-28.33308601321117],[141.39677861300004,-28.333152299211147]],[[141.39677861300004,-28.333152299211147],[141.39207458500005,-28.333555221211192],[141.38528442400002,-28.334159850211176],[141.38464355500003,-28.334239959211125],[141.38436889600007,-28.334260940211163],[141.38421630900007,-28.334245681211154],[141.3841705320001,-28.334230422211142],[141.38414001500007,-28.334205626211155],[141.38410949700005,-28.33415603521116],[141.38407897900004,-28.328748702211282],[141.38406372100008,-28.32363319321136],[141.38389587400002,-28.30146026521173],[141.38400268600003,-28.29856872521177],[141.38392639200003,-28.293668746211903],[141.38385009800004,-28.28295898321207],[141.3847351070001,-28.278123855212186],[141.38494873000002,-28.27702903621221],[141.38726806600005,-28.267295836212366],[141.38723754900002,-28.26654052621238],[141.38713073700012,-28.266113280212384],[141.38719177200005,-28.265522002212386],[141.38714599600007,-28.2642879482124],[141.38708496100003,-28.260274886212525],[141.38569641100003,-28.25013923521266],[141.3843231200001,-28.240171431212858],[141.38336181600005,-28.233379363213004],[141.380142212,-28.227178573213067],[141.379577637,-28.2257270802131],[141.38005065900006,-28.21487998921329],[141.3708343510001,-28.198867797213627],[141.37078857400002,-28.19882202021361],[141.370300293,-28.198434829213596],[141.36982727100008,-28.19794845521361],[141.36772155800008,-28.19605064321367],[141.36767578100012,-28.196037291213674],[141.33724975600012,-28.196115493213675],[141.33720397900004,-28.196107863213644],[141.33314514200003,-28.193986892213672],[141.32333374000007,-28.187108993213837],[141.31575012200005,-28.18042755021397],[141.31555175800008,-28.180265426213925],[141.31550598100011,-28.180253982213937],[141.31236267100007,-28.180194854213955],[141.3058929440001,-28.177726745213995],[141.290863037,-28.177778243213993],[141.28863525400004,-28.178279876214003],[141.2850494380001,-28.17829894921398],[141.28199768100012,-28.17779731721396],[141.2546234130001,-28.177850722213982],[141.25445556600005,-28.177778243213993],[141.25234985400004,-28.176719665214],[141.24281311000004,-28.16902542021416],[141.24269104000007,-28.169025420214165],[141.23988342300004,-28.169200896214143],[141.2398223880001,-28.169193267214162],[141.23788452100007,-28.168687819214146],[141.23782348600002,-28.168661117214135],[141.23512268100012,-28.16659736521421],[141.23500061000004,-28.166505813214194],[141.2221374510001,-28.160839080214295],[141.18550109900002,-28.160875319214295],[141.17749023400006,-28.16090774421432],[141.15469360400004,-28.160886764214272],[141.14488220200008,-28.160869597214322],[141.14189147900004,-28.16079711821428],[141.1418304440001,-28.1608161922143],[141.14109802200005,-28.1613693232143],[141.14106750500002,-28.16139030421427],[141.13914489700005,-28.161725997214287],[141.13908386200012,-28.16173934821429],[141.13908386200012,-28.16173553421426],[141.13861084000007,-28.16180992021426],[141.1330413820001,-28.16251563921429],[141.13298034700006,-28.16250228821429],[141.1324005130001,-28.162267684214275],[141.13227844200003,-28.162248610214256],[141.13128662100007,-28.161869048214296],[141.130966187,-28.161729812214286],[141.12617492700008,-28.157684325214376],[141.12603759800004,-28.15762138321439],[141.12519836400008,-28.157384871214376],[141.06384277300003,-28.13720321621476],[141.03788757300003,-28.13466644221479],[140.99947620500006,-28.13071518321483]]]},"properties":{"id":"ga:pipe0:84","layer":"pipelines_oil","name":"Jackson to Moomba Trunkline","subtype":"Oil pipeline","status":"fully capable of operation.","country":"AU","state":"Queensland","source":"Geoscience Australia","source_url":"https://digital.atlas.gov.au/datasets/digitalatlas::gas-pipelines/about","license":"CC BY 4.0","length_km":1.87476474,"spatial_confidence":"0"}},{"type":"Feature","geometry":{"type":"MultiLineString","coordinates":[[[140.67851640600009,-28.127908311214878],[140.67759704600007,-28.127729415214915],[140.67683410600011,-28.12780952421492],[140.67466735800008,-28.127159118214905],[140.67460632300003,-28.12711334121493],[140.67430114700005,-28.12639045621494],[140.67425537100007,-28.126354217214935],[140.66694641100003,-28.124826430214974],[140.66687011700003,-28.124805449214943],[140.66554260300006,-28.12382125821498],[140.65132141100003,-28.108280181215225],[140.6511840820001,-28.108177184215247],[140.6488189700001,-28.106576919215286],[140.648773193,-28.106561660215284],[140.63381958000002,-28.105602263215328],[140.63250732400002,-28.1046428672153],[140.63000488300008,-28.103845595215315],[140.5737762450001,-28.104154586215373],[140.54943847700008,-28.104328155215335],[140.54763793900008,-28.10472488321532],[140.54534912100007,-28.10474395721534],[140.54338073700012,-28.10436439421532],[140.50941467300004,-28.104555129215314],[140.50610351600005,-28.105255126215326],[140.50125122100008,-28.104598998215337],[140.486999512,-28.10467529221533],[140.48213195800008,-28.10576057321529],[140.4797973630001,-28.1055717462153],[140.47842407200005,-28.105451583215334],[140.47274780300006,-28.10474967921531],[140.46264648400006,-28.1047992702153],[140.45957946800002,-28.1046829212153],[140.45660400400004,-28.1048259732153],[140.45611572300004,-28.10483360221534],[140.45561218300008,-28.104827880215318],[140.45462036100002,-28.10484313921533],[140.45048522900004,-28.104862212215295],[140.45030212400002,-28.104856490215333],[140.449066162,-28.104721068215305],[140.44628906200012,-28.104879378215323],[140.438171387,-28.10492134021533],[140.43812561000004,-28.104927062215303],[140.4354400630001,-28.105665206215306],[140.43537902800006,-28.105670928215286],[140.43305969200003,-28.105499267215304],[140.4327697750001,-28.10540962121533],[140.43147277800006,-28.10495948721532],[140.4218444820001,-28.10500144921534],[140.42062377900004,-28.105264663215312],[140.4205627440001,-28.105266570215317],[140.41879272500012,-28.105012893215335],[140.36897277800006,-28.105245589215343],[140.36604309100005,-28.105478286215344],[140.36175537100007,-28.105539321215325],[140.36157226600005,-28.10553169221529],[140.35868835400004,-28.10529136621531],[140.34854126000005,-28.105337142215294],[140.34445190400004,-28.105787276215285],[140.34434509300002,-28.105770110215317],[140.3424377440001,-28.10536193721529],[140.32806396500007,-28.10542488021533],[140.32800293000003,-28.105449676215322],[140.32609558100012,-28.106988906215285],[140.32600402800006,-28.107015609215296],[140.32360839800003,-28.107477187215277],[140.3235473630001,-28.107477187215277],[140.3186645510001,-28.10545921221532],[140.23834228500004,-28.10576057321529],[140.2372283940001,-28.10582542321528],[140.23435974100005,-28.105781554215312],[140.22061157200005,-28.105936049215313],[140.22056579600007,-28.105922698215302],[140.22011702800012,-28.10550413621533]],[[140.22011702800012,-28.10550413621533],[140.2197723390001,-28.105182647215347],[140.21968078600003,-28.10511398221533],[140.21963501000005,-28.105102538215334],[140.212661743,-28.104993819215306],[140.2097778320001,-28.10508155721531],[140.20693969700005,-28.10503768821533],[140.20686340300006,-28.10504722521532],[140.20678710900006,-28.105096816215312],[140.2060935820001,-28.10569924521532]],[[140.2060935820001,-28.10569924521532],[140.2059912730001,-28.10578811521528]],[[140.2059912730001,-28.10578811521528],[140.20588684100005,-28.105878829215282],[140.2058715820001,-28.10604667621529],[140.20581054700006,-28.108886718215235],[140.2057952880001,-28.108898162215226],[140.20539856000005,-28.10889434721527],[140.2053833010001,-28.108903884215255],[140.2053683890001,-28.109556277215237]],[[140.2053683890001,-28.109556277215237],[140.20535278300008,-28.110239028215226]],[[140.9541919390001,-28.13316208021481],[140.95285034200003,-28.133207320214783],[140.95262146000005,-28.13329505821483],[140.95216369600007,-28.13348960821483],[140.9521179200001,-28.133499145214802],[140.9483947750001,-28.133623122214782],[140.9403991700001,-28.13361549321481],[140.9403228760001,-28.133623122214782],[140.94027710000012,-28.1336498252148],[140.93447876000005,-28.14006423921468],[140.93443298300008,-28.140096663214667],[140.91903686500007,-28.14044761621467],[140.91284179700006,-28.14325523321464],[140.9087677000001,-28.145286559214565],[140.90560913100012,-28.146011352214565],[140.88565063500005,-28.14978408721449],[140.87675476100003,-28.152490615214475],[140.8716583250001,-28.152065276214472],[140.86495971700003,-28.15362930221442],[140.86387634300002,-28.153736114214436],[140.86236572300004,-28.15419006221439],[140.86230468700012,-28.154197692214428],[140.86224365200007,-28.154182433214412],[140.8596038820001,-28.151952743214466],[140.85827636700003,-28.150390624214477],[140.85824585000012,-28.150348662214466],[140.85789489700005,-28.148742675214546],[140.8578796390001,-28.14870643521451],[140.8567504880001,-28.147600173214517],[140.8566741940001,-28.147581099214555],[140.824890137,-28.156187056214378],[140.82310485800008,-28.15685081421434],[140.82081604000007,-28.157283782214385],[140.81680297900004,-28.158308028214343],[140.81675720200008,-28.158311843214364],[140.81413269000006,-28.157812118214373],[140.80854797400002,-28.156679152214394],[140.77239990200007,-28.14926338121451],[140.7709960940001,-28.148967742214516],[140.7693481450001,-28.148588180214546],[140.767684937,-28.147796630214533],[140.7617645260001,-28.144144057214593],[140.75363159200003,-28.142395019214664],[140.74134826700003,-28.139936446214694],[140.74130249000007,-28.13994216821467],[140.7394866940001,-28.140613555214667],[140.7394104000001,-28.140623092214646],[140.73767089800003,-28.140378951214654],[140.7376098630001,-28.140354155214663],[140.73652648900008,-28.138988494214725],[140.73649597200006,-28.13896560621468],[140.73646545400004,-28.13895225421468],[140.72914123500004,-28.137491225214724],[140.7246093750001,-28.137777327214735],[140.72454834000007,-28.137762069214716],[140.72122192400002,-28.13599204921477],[140.680923462,-28.127731322214924],[140.67907714800003,-28.12801742521487],[140.67851640600009,-28.127908311214878]],[[140.99947620500006,-28.13071518321483],[140.98652648900008,-28.129383086214872],[140.98646545400004,-28.129392623214848],[140.98577880900007,-28.12973594621489],[140.9857330320001,-28.129737853214895],[140.98291015600012,-28.12923240621488],[140.98284912100007,-28.129255294214882],[140.97985839800003,-28.131141662214834],[140.96971130400004,-28.13450813221477],[140.95968627900004,-28.1334171292148],[140.95899963400007,-28.13340759221481],[140.95613098100011,-28.133096694214796],[140.9541919390001,-28.13316208021481]]]},"properties":{"id":"ga:pipe0:85","layer":"pipelines_oil","name":"Jackson to Moomba Trunkline","subtype":"Oil pipeline","status":"fully capable of operation.","country":"AU","state":"South Australia","source":"Geoscience Australia","source_url":"https://digital.atlas.gov.au/datasets/digitalatlas::gas-pipelines/about","license":"CC BY 4.0","length_km":0.8258382400000001,"spatial_confidence":"0"}},{"type":"Feature","geometry":{"type":"MultiLineString","coordinates":[[[142.41180419900002,-27.61782836822433],[142.41806030300006,-27.622289657224243]],[[142.41806030300006,-27.622289657224243],[142.42237854000007,-27.624803542224186],[142.42959594700005,-27.622674941224247],[142.44355773900008,-27.623680114224243],[142.48191833500005,-27.64771652122377],[142.49475097700008,-27.6580543512236],[142.53012085000012,-27.657804488223583],[142.54655456500006,-27.65369415222366],[142.58802795400004,-27.626848220224154],[142.59312439000007,-27.625923156224165],[142.6562957760001,-27.627981185224137],[142.71218872100008,-27.664030074223504],[142.73921203600003,-27.691677093222953],[142.74456787100007,-27.69230079622298],[142.7491760250001,-27.693422317222897],[142.79040527300003,-27.718080520222447],[142.89289856000005,-27.72281265222237],[142.96374511700003,-27.71191596922257],[143.02217102100008,-27.70487785222273],[143.0366210940001,-27.706869124222692],[143.04234314000007,-27.70736885022267],[143.0595397950001,-27.701141356222813],[143.0863189700001,-27.701265334222793],[143.1817169190001,-27.69889831422282],[143.2307739260001,-27.71583557022251],[143.277114868,-27.75170326122187],[143.27984619100005,-27.759174346221684],[143.34025573700012,-27.806875228220818],[143.40901184100005,-27.82203483522052],[143.43850708000002,-27.82816886822044],[143.48147583000002,-27.83427238422032],[143.57463073700012,-27.838256835220257],[143.601669312,-27.85320091121998],[143.6593322750001,-27.8769874562195],[143.70353698700012,-27.890935897219258],[143.80470275900007,-27.969934463217804],[143.82096862800006,-27.97574806121772],[143.835784912,-27.980232238217628],[143.8457489010001,-27.98172569221755],[143.85484314000007,-27.979858397217647],[143.87028503400006,-27.97724151521764],[143.95410156200012,-27.980976104217625],[143.9829864500001,-27.987453460217502],[144.00105285600011,-27.98857307321743],[144.04837036100002,-27.994552611217337],[144.1336822510001,-28.00339317221717],[144.1475067140001,-28.00127410821721],[144.18263244600007,-28.005384444217142],[144.1869812010001,-28.004932403217136],[144.1934356690001,-28.006914138217113],[144.19532775900007,-28.00961875821709],[144.1991882320001,-28.016344069216927],[144.20866394000006,-28.020578383216886],[144.22006225600012,-28.019388198216866],[144.248382568,-28.019332885216905],[144.25846862800006,-28.021076201216864],[144.2695770260001,-28.018718718216878],[144.28150939900002,-28.021450042216856],[144.2938385010001,-28.023319243216807],[144.32833862300004,-28.02232170021683],[144.36465454100005,-28.012742995216982],[144.45063781700003,-28.012979506217007],[144.45310974100005,-28.014532088216967],[144.48202514600007,-28.012855529217013],[144.58415222200006,-28.01173210021702],[144.59042358400006,-28.00928878721706],[144.62593078600003,-28.01574134721696],[144.62817382800006,-28.016517638216957],[144.63243103000002,-28.019245147216914],[144.8136291500001,-28.040578841216494],[144.8180236820001,-28.039245604216536],[144.84809875500002,-28.04275321921646],[144.93664550800008,-28.044019698216424],[144.9476470950001,-28.041954040216453],[144.98562622100008,-28.04653930621637],[144.99661254900002,-28.045473098216384],[145.08459472700008,-28.058126449216196],[145.09542846700003,-28.056121825216238],[145.09753418000003,-28.05535697821622],[145.09835815400004,-28.055753707216205],[145.10496521000005,-28.055053710216256],[145.10620117200006,-28.055339812216207],[145.11654663100012,-28.060630797216156],[145.137054443,-28.059148787216156],[145.14433288600003,-28.057048797216225],[145.21472168000003,-28.05223274121628],[145.22706604000007,-28.04840469321634],[145.26869201700003,-28.046058654216413],[145.28974914600008,-28.050258635216327],[145.3710632320001,-28.0409946432165],[145.3830413820001,-28.03654861421658],[145.41059875500002,-28.0360507962166],[145.41810607900004,-28.033830642216607],[145.4589843750001,-28.041488646216465],[145.4779968260001,-28.04136466921648],[145.51408386200012,-28.048067092216336],[145.57571411100002,-28.047637938216393],[145.58663940400004,-28.046775817216385],[145.61038208000002,-28.048311233216385],[145.64050293000003,-28.047288894216372],[145.64508056600005,-28.04691886821639],[145.66520690900006,-28.046302794216405],[145.68385314900002,-28.046672820216394],[145.68759155300006,-28.04427337521646],[145.73484802200005,-28.03790473821653],[145.74214172400002,-28.04012680021648],[145.7916564940001,-28.0406188952165],[145.9508361820001,-28.037532805216543],[145.953796387,-28.039508819216536],[145.99319458000002,-28.037652968216562],[146.09432983400006,-28.01629066421692],[146.11346435500002,-28.016042708216972],[146.15469360400004,-28.018512725216937],[146.17124939000007,-28.017648696216938],[146.1969299320001,-28.02135276721683],[146.2489166260001,-28.01517677221696],[146.27859497100008,-28.01659202521694],[146.297210693,-28.013448714217024],[146.30461120600012,-28.014558791216956],[146.33091735800008,-28.008754729217088],[146.4088439940001,-28.0092487332171],[146.428970337,-28.012212752217042],[146.5107116700001,-28.012458800217058],[146.55195617700008,-28.005418776217127],[146.5646820070001,-28.006036757217117],[146.5692596440001,-28.00529670621715],[146.61717224100005,-28.003814696217155],[146.71632385300006,-28.018743514216936],[146.76034545900006,-28.01533889721699],[146.8105468750001,-28.004220962217175],[146.81520080600012,-28.001504897217217],[146.90567016600005,-27.99568939121735],[146.92707824700005,-28.00257492021721],[146.931411743,-28.001192092217188],[147.01380920400004,-28.01035499521702],[147.0751647950001,-27.99759864721728],[147.12408447300004,-27.994178771217342],[147.15634155300006,-27.999176024217235],[147.15977478000002,-27.99887084921725],[147.193466187,-27.999868392217223],[147.3167114260001,-28.016033172216975],[147.32962036100002,-28.019767760216897],[147.3356018070001,-28.020109176216863],[147.38569641100003,-28.025779723216772],[147.3993072510001,-28.031709670216642],[147.46238708500005,-28.036886214216594],[147.47782897900004,-28.04621696421637],[147.48269653300008,-28.041604995216463],[147.48387146000005,-28.03840446421652],[147.4947052000001,-28.03833579921656],[147.5086059570001,-28.03658866821659],[147.54403686500007,-28.033300399216653],[147.56484985400004,-28.03269576921666],[147.7113952640001,-28.003639220217185],[147.7481689450001,-28.002248763217185],[147.7539825440001,-28.002323150217183],[147.76979064900002,-28.001722335217213],[147.80900573700012,-27.99763870121731],[147.84147644000006,-27.996953963217294],[147.86288452100007,-27.99892044021726],[147.8818817140001,-27.997781753217296],[147.92430114700005,-28.00057983321723],[147.9400177000001,-27.995872497217345],[148.10180664100005,-28.000667571217217],[148.10830688500005,-27.99709510721727],[148.12852478000002,-27.99114036521742],[148.187835693,-27.991600036217402],[148.27172851600005,-27.976778029217645],[148.28005981400008,-27.9715213772178],[148.29884338400007,-27.965320586217878],[148.3002929690001,-27.96407508821789],[148.32620239300002,-27.96471595721788],[148.37742614700005,-27.962011336217973],[148.44815063500005,-27.961250304217977],[148.4929046630001,-27.950471877218174],[148.51110839800003,-27.94696044821823],[148.53256225600012,-27.937820434218374],[148.54028320300006,-27.938423156218366],[148.5862426760001,-27.940408706218342],[148.60224914600008,-27.943904876218287],[148.63215637200005,-27.93816757121837],[148.6578369140001,-27.93609046821843],[148.66915893600003,-27.93836021321837],[148.67961120600012,-27.93316268821849],[148.69590759300002,-27.93508911021845],[148.69740295400004,-27.932575225218514],[148.71086120600012,-27.929674148218528],[148.7634887700001,-27.93451881321845],[148.79711914100005,-27.91515731721881],[149.00009155300006,-27.924482345218614],[149.07006835900006,-27.92018508821873],[149.08049011200012,-27.918201446218735],[149.15203857400002,-27.917453765218763],[149.16563415500002,-27.91486740021884],[149.217468262,-27.913011550218844],[149.22267150900007,-27.91522407421882],[149.30430603000002,-27.91271018921883],[149.31420898400006,-27.911289214218886],[149.32878112800006,-27.904947280219027],[149.34436035200008,-27.906877517218934],[149.3530273440001,-27.90626335021897],[149.35534668000003,-27.905038833219017],[149.37141418500005,-27.89928245421908],[149.3888244630001,-27.8980617512191],[149.45477294900002,-27.886623382219348],[149.49168396000005,-27.879932403219435],[149.53576660200008,-27.87351036021957],[149.5413208010001,-27.87289237921957],[149.55429077100007,-27.87375831521958],[149.55801391600005,-27.872196197219633],[149.56391906700003,-27.87005233721963],[149.5704650880001,-27.86931228521967],[149.58430481000005,-27.87005233721963],[149.65405273400006,-27.864479064219736],[149.6570434570001,-27.86276626521976],[149.70100402800006,-27.85856628321985],[149.709655762,-27.856851577219906],[149.7209320070001,-27.856863021219898],[149.8133697510001,-27.847452163220055],[149.86622619600007,-27.839025496220234],[149.93537902800006,-27.827461242220437],[149.9914398190001,-27.811515807220744],[150.01107788100012,-27.807317733220835],[150.020690918,-27.805061339220853],[150.06567382800006,-27.80350303522086],[150.11183166500007,-27.78946876422118],[150.13415527300003,-27.78205871522126],[150.2090301510001,-27.766590117221558],[150.21051025400004,-27.765205382221602],[150.23692321800002,-27.757383346221754],[150.23757934600008,-27.757247924221716]],[[150.24525451700003,-27.755681991221753],[150.24697876000005,-27.75533103822176]],[[150.24134826700003,-27.75647926222176],[150.24525451700003,-27.755681991221753]],[[150.23757934600008,-27.757247924221716],[150.24134826700003,-27.75647926222176]]]},"properties":{"id":"ga:pipe0:86","layer":"pipelines_oil","name":"Jackson to Moonie","subtype":"Oil pipeline","status":"fully capable of operation.","country":"AU","state":"Queensland","source":"Geoscience Australia","source_url":"https://digital.atlas.gov.au/datasets/digitalatlas::gas-pipelines/about","license":"CC BY 4.0","length_km":8.05893859,"spatial_confidence":"0"}},{"type":"Feature","geometry":{"type":"LineString","coordinates":[[142.20416259800004,-27.713714599222538],[142.20581054700006,-27.713846206222563],[142.2062835690001,-27.714042663222568],[142.20663452100007,-27.714332580222525],[142.20947265600012,-27.719131469222468],[142.2097778320001,-27.719490050222465],[142.21025085400004,-27.720289229222406],[142.21040344200003,-27.72072029022243],[142.21144104000007,-27.722494124222393],[142.2117309570001,-27.72281074422237],[142.2122192380001,-27.723114013222396]]},"properties":{"id":"ga:pipe0:87","layer":"pipelines_oil","name":"Jarrar 5 Flowline","subtype":"Proposed Oil pipeline","status":"proposed infrastructure.","country":"AU","state":"Queensland","source":"Geoscience Australia","source_url":"https://digital.atlas.gov.au/datasets/digitalatlas::gas-pipelines/about","license":"CC BY 4.0","length_km":0.013111860000000001,"spatial_confidence":"0"}},{"type":"Feature","geometry":{"type":"MultiLineString","coordinates":[[[142.2164306640001,-27.731632232222236],[142.2136077880001,-27.726413726222322],[142.21295166000004,-27.724195479222328],[142.212173462,-27.723762511222358],[142.21226501500007,-27.72321891722235],[142.2305450440001,-27.710958480222626],[142.27532959000007,-27.717960357222495],[142.28059387200005,-27.719120025222423],[142.28145941100001,-27.719075562222425]],[[142.287778483,-27.718750952222493],[142.2883911130001,-27.71871948122249]],[[142.28591976400003,-27.718846434222428],[142.287778483,-27.718750952222493]],[[142.28584264500012,-27.71885039622248],[142.28591976400003,-27.718846434222428]],[[142.28571907700007,-27.718856744222474],[142.28584264500012,-27.71885039622248]],[[142.28145941100001,-27.719075562222425],[142.28571907700007,-27.718856744222474]]]},"properties":{"id":"ga:pipe0:88","layer":"pipelines_oil","name":"Jarrar to Cooroo","subtype":"Oil pipeline","status":"fully capable of operation.","country":"AU","state":"Queensland","source":"Geoscience Australia","source_url":"https://digital.atlas.gov.au/datasets/digitalatlas::gas-pipelines/about","license":"CC BY 4.0","length_km":0.09022559000000001,"spatial_confidence":"0"}},{"type":"Feature","geometry":{"type":"LineString","coordinates":[[140.29144287100007,-28.501346587208115],[140.2918853760001,-28.501934051208153],[140.3005981450001,-28.507848739208004],[140.30253601100003,-28.509069442207988]]},"properties":{"id":"ga:pipe0:89","layer":"pipelines_oil","name":"Jena 10 Flowline","subtype":"Oil pipeline","status":"fully capable of operation.","country":"AU","state":"South Australia","source":"Geoscience Australia","source_url":"https://digital.atlas.gov.au/datasets/digitalatlas::gas-pipelines/about","license":"CC BY 4.0","length_km":0.01355648,"spatial_confidence":"0"}},{"type":"Feature","geometry":{"type":"LineString","coordinates":[[140.35087585400004,-28.541761397207424],[140.35092163100012,-28.541280745207455],[140.35108947800006,-28.54100418020743],[140.35224914600008,-28.54038810620746],[140.35537719700005,-28.53992080620743],[140.35571289100005,-28.539810180207457],[140.3577270510001,-28.5383377072075],[140.35961914100005,-28.536838530207504],[140.36442565900006,-28.534145354207563],[140.36714172400002,-28.53355026120757],[140.3673400880001,-28.53337860020759],[140.36747741700003,-28.53299903820757],[140.36755371100003,-28.531818389207604]]},"properties":{"id":"ga:pipe0:90","layer":"pipelines_oil","name":"Biala 12 Flowline","subtype":"Oil pipeline","status":"fully capable of operation.","country":"AU","state":"South Australia","source":"Geoscience Australia","source_url":"https://digital.atlas.gov.au/datasets/digitalatlas::gas-pipelines/about","license":"CC BY 4.0","length_km":0.02068392,"spatial_confidence":"0"}},{"type":"Feature","geometry":{"type":"LineString","coordinates":[[140.312347412,-28.502750396208107],[140.31202697800006,-28.502767562208128],[140.31196594200003,-28.5024127952081],[140.311706543,-28.50226592920814],[140.31117248500004,-28.502546309208125],[140.31094360400004,-28.50280380120813],[140.31033325200008,-28.503808974208116],[140.30937194800003,-28.504749297208107],[140.3080749510001,-28.505283355208075],[140.3072814940001,-28.506170272208067],[140.30462646500007,-28.507518767208033],[140.30276489300002,-28.50895881620801],[140.30267334000007,-28.509056090207977],[140.30268859900002,-28.50912284820799]]},"properties":{"id":"ga:pipe0:91","layer":"pipelines_oil","name":"Jena 12 Flowline","subtype":"Oil pipeline","status":"fully capable of operation.","country":"AU","state":"South Australia","source":"Geoscience Australia","source_url":"https://digital.atlas.gov.au/datasets/digitalatlas::gas-pipelines/about","license":"CC BY 4.0","length_km":0.012573510000000001,"spatial_confidence":"0"}},{"type":"Feature","geometry":{"type":"LineString","coordinates":[[140.33679199200003,-28.51120758020797],[140.33666992200006,-28.510801314208006],[140.33636474600007,-28.510446547207973],[140.33497619600007,-28.507804870208037],[140.3345489500001,-28.506710051208046],[140.33451843300008,-28.505851745208076],[140.33445739700005,-28.50558853020806],[140.33116149900002,-28.500793456208136],[140.33021545400004,-28.499530791208194],[140.33009338400007,-28.498434066208198],[140.330413818,-28.497365951208202]]},"properties":{"id":"ga:pipe0:92","layer":"pipelines_oil","name":"Jena 13 Flowline","subtype":"Oil pipeline","status":"fully capable of operation.","country":"AU","state":"South Australia","source":"Geoscience Australia","source_url":"https://digital.atlas.gov.au/datasets/digitalatlas::gas-pipelines/about","license":"CC BY 4.0","length_km":0.015795800000000002,"spatial_confidence":"0"}},{"type":"Feature","geometry":{"type":"LineString","coordinates":[[140.28388977100008,-28.510801314208006],[140.28540039100005,-28.51042175220796],[140.29794311500007,-28.51153564420799],[140.30485534700006,-28.511896132207944],[140.30526733400006,-28.512186049207966],[140.30583190900006,-28.513063430207957],[140.30598449700005,-28.514076232207934],[140.30580139200003,-28.51454353220789]]},"properties":{"id":"ga:pipe0:93","layer":"pipelines_oil","name":"Jena 14 Flowline","subtype":"Oil pipeline","status":"fully capable of operation.","country":"AU","state":"South Australia","source":"Geoscience Australia","source_url":"https://digital.atlas.gov.au/datasets/digitalatlas::gas-pipelines/about","license":"CC BY 4.0","length_km":0.02414452,"spatial_confidence":"0"}},{"type":"Feature","geometry":{"type":"LineString","coordinates":[[140.31147766100003,-28.5143623342079],[140.31135559100005,-28.514060973207926],[140.31138610800008,-28.51334381020795],[140.3108520510001,-28.512414931207942],[140.31048584000007,-28.511960982207945],[140.3105163570001,-28.511564254207947],[140.31204223600002,-28.508316039208022],[140.3129577640001,-28.507118224208032]]},"properties":{"id":"ga:pipe0:94","layer":"pipelines_oil","name":"Jena 18 Flowline","subtype":"Oil pipeline","status":"fully capable of operation.","country":"AU","state":"South Australia","source":"Geoscience Australia","source_url":"https://digital.atlas.gov.au/datasets/digitalatlas::gas-pipelines/about","license":"CC BY 4.0","length_km":0.00819196,"spatial_confidence":"0"}},{"type":"Feature","geometry":{"type":"LineString","coordinates":[[140.31163024900002,-28.51469230620792],[140.3147583010001,-28.51264762820794],[140.31484985400004,-28.512506484207947],[140.31503295900006,-28.511478423207976]]},"properties":{"id":"ga:pipe0:95","layer":"pipelines_oil","name":"Jena 19 Flowline","subtype":"Oil pipeline","status":"fully capable of operation.","country":"AU","state":"South Australia","source":"Geoscience Australia","source_url":"https://digital.atlas.gov.au/datasets/digitalatlas::gas-pipelines/about","license":"CC BY 4.0","length_km":0.00494951,"spatial_confidence":"0"}},{"type":"Feature","geometry":{"type":"MultiLineString","coordinates":[[[140.31163024900002,-28.51486968920791],[140.3111877440001,-28.514249801207907],[140.31095886200012,-28.51408576920792],[140.3106689450001,-28.513998031207926],[140.310394287,-28.514017104207895],[140.30958557100007,-28.514328002207908],[140.30877685500002,-28.51453590320792],[140.3072052000001,-28.514595031207865],[140.3067169190001,-28.5145702352079],[140.3060455320001,-28.514411925207938],[140.30583190900006,-28.51456642120792]],[[140.31166076700003,-28.514926909207876],[140.31163024900002,-28.51486968920791]]]},"properties":{"id":"ga:pipe0:96","layer":"pipelines_oil","name":"Jena 5 Production Line","subtype":"Oil pipeline","status":"fully capable of operation.","country":"AU","state":"South Australia","source":"Geoscience Australia","source_url":"https://digital.atlas.gov.au/datasets/digitalatlas::gas-pipelines/about","license":"CC BY 4.0","length_km":0.00640283,"spatial_confidence":"0"}},{"type":"Feature","geometry":{"type":"MultiLineString","coordinates":[[[140.3027038570001,-28.509124755208],[140.30364990200007,-28.509469985207993],[140.30508422900004,-28.51034736520799],[140.30693054200003,-28.511007308208],[140.31015014600007,-28.512731551207928],[140.3106689450001,-28.513149260207957],[140.31166076700003,-28.514850615207884]],[[140.31166076700003,-28.514850615207884],[140.31169128400006,-28.51490592920789]]]},"properties":{"id":"ga:pipe0:97","layer":"pipelines_oil","name":"Jena Field Test Flowline","subtype":"Oil pipeline","status":"fully capable of operation.","country":"AU","state":"South Australia","source":"Geoscience Australia","source_url":"https://digital.atlas.gov.au/datasets/digitalatlas::gas-pipelines/about","license":"CC BY 4.0","length_km":0.01099999,"spatial_confidence":"0"}},{"type":"Feature","geometry":{"type":"LineString","coordinates":[[140.32630920400004,-28.513095855207933],[140.32412719700005,-28.512248992207955],[140.3237304690001,-28.512172698207962],[140.32327270500002,-28.512218474207934],[140.311706543,-28.5149726862079]]},"properties":{"id":"ga:pipe0:98","layer":"pipelines_oil","name":"Jena Gathering Line","subtype":"Oil pipeline","status":"fully capable of operation.","country":"AU","state":"South Australia","source":"Geoscience Australia","source_url":"https://digital.atlas.gov.au/datasets/digitalatlas::gas-pipelines/about","license":"CC BY 4.0","length_km":0.01509419,"spatial_confidence":"0"}},{"type":"Feature","geometry":{"type":"MultiLineString","coordinates":[[[140.3750000000001,-28.51464652920789],[140.37438964800003,-28.514858245207908],[140.37174987800006,-28.51544570820789],[140.37115478500004,-28.51551437320791],[140.352798462,-28.51574134720788],[140.34883117700008,-28.515716552207888],[140.34362793000003,-28.51584243720787],[140.3422546390001,-28.515806197207883],[140.33540344200003,-28.515264510207885],[140.32839965800008,-28.51384544320795],[140.32720947300004,-28.513404845207933]],[[140.38989257800006,-28.515731811207896],[140.38752746600005,-28.515882491207876],[140.38662719700005,-28.515836715207907],[140.37747192400002,-28.51401138220793],[140.37678527800006,-28.514032363207914],[140.3750000000001,-28.51464652920789]]]},"properties":{"id":"ga:pipe0:99","layer":"pipelines_oil","name":"Jena to Limestone Creek Trunkline","subtype":"Oil pipeline","status":"fully capable of operation.","country":"AU","state":"South Australia","source":"Geoscience Australia","source_url":"https://digital.atlas.gov.au/datasets/digitalatlas::gas-pipelines/about","license":"CC BY 4.0","length_km":0.06332258,"spatial_confidence":"0"}},{"type":"Feature","geometry":{"type":"MultiLineString","coordinates":[[[139.3997192380001,-27.664945601223447],[139.40093590900005,-27.66659438322343]],[[139.40093590900005,-27.66659438322343],[139.40260314900002,-27.668853759223374],[139.40754699700005,-27.672174453223334],[139.41090393100012,-27.67445564222326],[139.41497802700007,-27.675521850223234],[139.41836547900004,-27.676172255223257],[139.421081543,-27.676406859223224],[139.42265319800003,-27.677444457223242],[139.42352294900002,-27.68010711622321],[139.42430114700005,-27.687665938223017],[139.42489624000007,-27.693592071222923],[139.42519926800003,-27.696449189222868]],[[139.42519926800003,-27.696449189222868],[139.42520419800007,-27.6964956762229]],[[139.42520419800007,-27.6964956762229],[139.42521667500012,-27.696613311222873]]]},"properties":{"id":"ga:pipe0:100","layer":"pipelines_oil","name":"Kalladeina Pipeline","subtype":"Oil pipeline","status":"fully capable of operation.","country":"AU","state":"South Australia","source":"Geoscience Australia","source_url":"https://digital.atlas.gov.au/datasets/digitalatlas::gas-pipelines/about","license":"CC BY 4.0","length_km":0.04653533,"spatial_confidence":"0"}},{"type":"Feature","geometry":{"type":"LineString","coordinates":[[140.35722351100003,-28.52894592220768],[140.357269287,-28.52879714920764],[140.35745239300002,-28.52884864720765],[140.3575744630001,-28.528984069207677],[140.3578796390001,-28.529993056207633],[140.35807800300006,-28.530170440207616],[140.36619567900004,-28.53231430020757],[140.36640930200008,-28.532346724207592],[140.36697387700008,-28.53217506320759],[140.3674163820001,-28.53177833520759],[140.36743164100005,-28.531774520207573]]},"properties":{"id":"ga:pipe0:101","layer":"pipelines_oil","name":"Biala 2 Flowline","subtype":"Oil pipeline","status":"fully capable of operation.","country":"AU","state":"South Australia","source":"Geoscience Australia","source_url":"https://digital.atlas.gov.au/datasets/digitalatlas::gas-pipelines/about","license":"CC BY 4.0","length_km":0.011660620000000002,"spatial_confidence":"0"}},{"type":"Feature","geometry":{"type":"MultiLineString","coordinates":[[[139.39917294100007,-27.664249094223468],[139.39920043900008,-27.66403770322347],[139.39929199200003,-27.663848876223494],[139.39952087400002,-27.663227080223475],[139.3995666500001,-27.663070678223466],[139.39965820300006,-27.662794112223512],[139.3997192380001,-27.66249847322352],[139.39988708500005,-27.661420821223544],[139.4002838130001,-27.659315108223584],[139.40037536600005,-27.658411025223582],[139.40029907200005,-27.657987594223588],[139.3999023440001,-27.657342910223587],[139.39955139200003,-27.657026290223612],[139.39950561500007,-27.65700530922359],[139.39952087400002,-27.657022475223602]],[[139.3991546630001,-27.66483688322346],[139.39916992200006,-27.664272307223484],[139.39917294100007,-27.664249094223468]]]},"properties":{"id":"ga:pipe0:102","layer":"pipelines_oil","name":"Kalladenia Flowline","subtype":"Oil pipeline","status":"fully capable of operation.","country":"AU","state":"South Australia","source":"Geoscience Australia","source_url":"https://digital.atlas.gov.au/datasets/digitalatlas::gas-pipelines/about","license":"CC BY 4.0","length_km":0.00830529,"spatial_confidence":"0"}},{"type":"Feature","geometry":{"type":"LineString","coordinates":[[142.5777893070001,-27.704132079222727],[142.5782775880001,-27.704553603222724],[142.57896423300008,-27.705446242222738],[142.5810241700001,-27.70713043122265],[142.58572387700008,-27.716156005222498],[142.58483886700003,-27.718330382222476],[142.5848541260001,-27.718664168222464],[142.5851135250001,-27.718986510222475]]},"properties":{"id":"ga:pipe0:103","layer":"pipelines_oil","name":"Kamel 1 Flowline","subtype":"Oil pipeline","status":"fully capable of operation.","country":"AU","state":"Queensland","source":"Geoscience Australia","source_url":"https://digital.atlas.gov.au/datasets/digitalatlas::gas-pipelines/about","license":"CC BY 4.0","length_km":0.01770338,"spatial_confidence":"0"}},{"type":"Feature","geometry":{"type":"LineString","coordinates":[[140.68440246600005,-27.072931289234678],[140.68444824200003,-27.0716724392347]]},"properties":{"id":"ga:pipe0:104","layer":"pipelines_oil","name":"Keleary 1 Flowline","subtype":"Oil pipeline","status":"fully capable of operation.","country":"AU","state":"South Australia","source":"Geoscience Australia","source_url":"https://digital.atlas.gov.au/datasets/digitalatlas::gas-pipelines/about","license":"CC BY 4.0","length_km":0.0012596800000000002,"spatial_confidence":"0"}},{"type":"Feature","geometry":{"type":"MultiLineString","coordinates":[[[140.6811981200001,-27.06368446323487],[140.6815338130001,-27.064014434234856],[140.6823577880001,-27.064357757234887],[140.68354797400002,-27.06529426523487],[140.68412780800008,-27.065851211234815],[140.68443298300008,-27.066465377234852],[140.68452453600003,-27.067308425234803],[140.68435668900008,-27.068693160234776],[140.6843872070001,-27.06923103223475]],[[140.6843872070001,-27.06923103223475],[140.6843872070001,-27.069379806234775],[140.6843885840001,-27.069421389234762]],[[140.6843885840001,-27.069421389234762],[140.68445113400003,-27.071310414234752]],[[140.68445113400003,-27.071310414234752],[140.6844635010001,-27.071683883234755]]]},"properties":{"id":"ga:pipe0:105","layer":"pipelines_oil","name":"Keleary 2 Flowline","subtype":"Oil pipeline","status":"fully capable of operation.","country":"AU","state":"South Australia","source":"Geoscience Australia","source_url":"https://digital.atlas.gov.au/datasets/digitalatlas::gas-pipelines/about","license":"CC BY 4.0","length_km":0.00960333,"spatial_confidence":"0"}},{"type":"Feature","geometry":{"type":"MultiLineString","coordinates":[[[140.6843872070001,-27.06923103223475],[140.68429565400004,-27.068489074234783],[140.68409729000007,-27.067970275234828],[140.68350219700005,-27.067068099234838]],[[140.6843885840001,-27.069421389234762],[140.6843872070001,-27.06923103223475]],[[140.68440224800008,-27.071310464234745],[140.6843885840001,-27.069421389234762]],[[140.68440246600005,-27.07219695923469],[140.68440246600005,-27.071340560234724],[140.68440224800008,-27.071310464234745]]]},"properties":{"id":"ga:pipe0:106","layer":"pipelines_oil","name":"Keleary 3 Flowline","subtype":"Oil pipeline","status":"fully capable of operation.","country":"AU","state":"South Australia","source":"Geoscience Australia","source_url":"https://digital.atlas.gov.au/datasets/digitalatlas::gas-pipelines/about","license":"CC BY 4.0","length_km":0.00534976,"spatial_confidence":"0"}},{"type":"Feature","geometry":{"type":"MultiLineString","coordinates":[[[140.68481445300006,-27.071310042234764],[140.68445113400003,-27.071310414234752]],[[140.68445113400003,-27.071310414234752],[140.68440224800008,-27.071310464234745]],[[140.68440224800008,-27.071310464234745],[140.68295288100012,-27.071311950234712],[140.68273925800008,-27.071340560234724],[140.68261718700012,-27.071380614234727],[140.68244934100005,-27.07145118623476],[140.682312012,-27.07153320223472],[140.68125915500002,-27.072563170234716],[140.6809692380001,-27.072917937234685],[140.68064880400004,-27.0731410972347],[140.68045043900008,-27.073333739234695],[140.68019104000007,-27.0736198422347],[140.68003845200008,-27.073726653234715],[140.67987060500002,-27.073871612234676],[140.67947387700008,-27.074234008234676],[140.6793518070001,-27.074357985234677],[140.67926025400004,-27.074493407234684],[140.67872619600007,-27.07494544923469],[140.67787170400004,-27.07572746223465],[140.67765808100012,-27.075952529234627],[140.67648315400004,-27.07704925423463],[140.67520141600005,-27.078277587234584],[140.67427063000002,-27.079242705234567],[140.67402648900008,-27.079442977234596],[140.67376709000007,-27.07967376623459],[140.67314147900004,-27.080177306234543],[140.67247009300002,-27.08080673123452],[140.67216491700003,-27.081068038234534],[140.67147827100007,-27.081735610234517],[140.67077636700003,-27.082391738234513],[140.6694335940001,-27.08360671923453],[140.66873168900008,-27.084281920234485],[140.66711425800008,-27.085769652234447],[140.66656494100005,-27.086315154234462],[140.6660614010001,-27.086725234234443],[140.66499328600003,-27.08772849923443],[140.6639556880001,-27.08863067523442],[140.66088867200006,-27.091564177234336],[140.66050720200008,-27.09188461223431],[140.65937805200008,-27.092924117234293],[140.65873718300008,-27.09354400523429],[140.65751647900004,-27.094659804234258],[140.65585327100007,-27.09624290423424],[140.65505981400008,-27.096923827234225],[140.65092468300008,-27.101371764234155],[140.64950561500007,-27.10284995923413],[140.6487426760001,-27.103736876234116],[140.64346313500005,-27.109422683234023],[140.6429595950001,-27.109937667233964],[140.63723754900002,-27.116115569233898],[140.63650512700008,-27.11692428523387],[140.63551330600012,-27.118061065233817],[140.63494873000002,-27.118593215233837],[140.63325500500002,-27.120410918233777],[140.6328125000001,-27.120920180233792],[140.63241577100007,-27.121305465233792],[140.63177490200007,-27.121969222233762],[140.63137817400002,-27.122415542233735],[140.6311645510001,-27.122695922233767],[140.63087463400007,-27.122974395233747],[140.62919616700003,-27.12477874723373],[140.62855529800004,-27.125434874233672],[140.62771606400008,-27.126354217233676],[140.626724243,-27.127477645233625],[140.6259460450001,-27.128324508233668],[140.62576293900008,-27.128541945233597],[140.62528991700003,-27.129217147233618],[140.62471008300008,-27.130258559233596],[140.6244812010001,-27.130613326233572],[140.62393188500005,-27.1315078732336],[140.62341308600003,-27.13245964023357],[140.62071228000002,-27.13702964723348],[140.62025451700003,-27.137899398233426],[140.61972045900006,-27.138729094233465],[140.61492919900002,-27.146869658233275],[140.61433410600011,-27.147844314233232],[140.613952637,-27.14850807123327],[140.61135864300002,-27.152931212233145],[140.61094665500002,-27.153587340233123],[140.61059570300006,-27.15421867323312],[140.60516357400002,-27.167383193232894],[140.6040802000001,-27.169948577232834],[140.60375976600005,-27.170764922232856],[140.597991943,-27.184762954232543],[140.5957031250001,-27.18716239823249],[140.5937500000001,-27.189170836232467],[140.59289550800008,-27.19011497423248],[140.5816650390001,-27.201881408232225],[140.58100891100003,-27.20255851623221],[140.58033752400002,-27.203289031232174],[140.56579589800003,-27.218540191231934],[140.564224243,-27.220218657231882],[140.56379699700005,-27.220449447231864],[140.56320190400004,-27.22081375023189],[140.56294250500002,-27.22102737323186],[140.5627288820001,-27.221286773231864],[140.562606812,-27.221506118231865],[140.5623931880001,-27.22198104823185],[140.56210327100007,-27.22239303523185],[140.55805969200003,-27.226642608231753],[140.55764770500002,-27.22714996223172],[140.557312012,-27.227428435231747],[140.55574035600011,-27.229064940231673],[140.55541992200006,-27.229434966231715],[140.55226135300006,-27.232734679231648],[140.55204772900004,-27.23294448823165],[140.55169677700007,-27.23318862823166],[140.55113220200008,-27.23362541123165],[140.55087280300006,-27.23380279423164],[140.55043029800004,-27.2340526572316],[140.54730224600007,-27.236152648231567],[140.54602050800008,-27.23695754923155],[140.54519653300008,-27.237573623231516],[140.5365905760001,-27.243419646231423],[140.5364379880001,-27.243501662231445],[140.53623962400002,-27.24365615723143],[140.53483581500006,-27.244607924231424],[140.53453064000007,-27.2448596942314],[140.53395080600012,-27.245201110231413],[140.53298950200008,-27.24584388623141],[140.53256225600012,-27.24614524723138],[140.53225708000002,-27.24638175923138],[140.53182983400006,-27.246644973231348],[140.53128051800002,-27.247043609231348],[140.53089904800004,-27.247268676231368],[140.53051757800006,-27.24750709423134],[140.5292968750001,-27.248352050231375],[140.52868652300003,-27.24884223823132],[140.52803039600008,-27.24921226423135],[140.52607727100008,-27.250537871231277],[140.52360534700006,-27.252183913231256],[140.5234069820001,-27.25233840823126],[140.52308654800004,-27.252662658231245],[140.5229187010001,-27.25288391023127],[140.52258300800008,-27.25340080223126],[140.52165222200006,-27.255046843231188],[140.52151489300002,-27.25527381823122],[140.52117919900002,-27.255903243231206],[140.52046203600003,-27.257196425231157],[140.52018737800006,-27.257738112231166],[140.51994323700012,-27.258113860231163],[140.51838684100005,-27.2608871452311],[140.5176544190001,-27.26218795723108],[140.51750183100012,-27.262491225231052],[140.51692199700005,-27.26351547123102],[140.51676940900006,-27.263845443231055],[140.51658630400004,-27.264110564231036],[140.51622009300002,-27.264741897231023],[140.51524353000002,-27.266506194231017],[140.51489257800006,-27.26718711823099],[140.51419067400002,-27.26834678523095],[140.5126190190001,-27.271196364230924],[140.51150512700008,-27.27316284123088],[140.5107879640001,-27.27447318923086],[140.51029968300008,-27.275304793230834],[140.509872437,-27.27610588023083],[140.5032348630001,-27.287965774230596],[140.50294494600007,-27.288557052230587],[140.50268554700006,-27.28896331723056],[140.50117492700008,-27.29164314223049],[140.5008697510001,-27.29215621823047],[140.5006408690001,-27.292589187230508],[140.49926757800006,-27.295072555230465],[140.4981994630001,-27.29694938623043],[140.49720764200003,-27.29874992323036],[140.4968872070001,-27.299325942230347],[140.49668884300002,-27.299640655230363],[140.49601745600012,-27.300952910230357],[140.49581909200003,-27.301267623230306],[140.49351501500007,-27.305305480230235],[140.4932098390001,-27.305898665230245],[140.49237060500002,-27.30780982923018],[140.4916992190001,-27.309345244230197],[140.4915161130001,-27.309719085230185],[140.48777771000005,-27.318349837230016],[140.4874572750001,-27.31901550222998],[140.48713684100005,-27.319793700229994],[140.48564147900004,-27.323215484229888],[140.48512268100012,-27.324419021229893],[140.48484802200005,-27.32493400522991],[140.48429870600012,-27.326307296229874],[140.48417663600003,-27.326559066229848],[140.48406982400002,-27.326854705229824],[140.48333740200007,-27.32848167322979],[140.48251342800006,-27.330408095229746],[140.480239868,-27.335641860229657],[140.47988891600005,-27.33639907722965],[140.47958374000007,-27.337129592229623],[140.4781494140001,-27.34042167622956],[140.47698974600007,-27.343051909229498],[140.476669312,-27.343904494229513],[140.47625732400002,-27.344911574229517],[140.47595214800003,-27.345468520229463],[140.475769043,-27.345851897229505],[140.47534179700006,-27.34685516322948],[140.47210693400007,-27.354263305229313],[140.47041320800008,-27.358148574229272],[140.47012329100005,-27.358821868229214],[140.4699554440001,-27.359115600229195],[140.46984863300008,-27.359342574229238],[140.46911621100003,-27.3611259452292],[140.46801757800006,-27.363605498229152],[140.46740722700008,-27.365045546229133],[140.46720886200012,-27.365453719229098],[140.46595764200003,-27.368362426229062],[140.46585083000002,-27.368583678229065],[140.4656372070001,-27.368885039229045],[140.46546936000004,-27.36905479322904],[140.46528625500002,-27.369228362229016],[140.46502685500002,-27.36941146822901],[140.46310424800004,-27.370655059228994],[140.46246337900004,-27.371141433229035],[140.46191406200012,-27.37145423822898],[140.46046447800006,-27.37243080022897],[140.45989990200007,-27.372873305228993],[140.45933532700008,-27.373195647228986],[140.45809936500007,-27.37394332822892],[140.45712280300006,-27.374626159228917],[140.45660400400004,-27.374956130228956],[140.45242309600008,-27.377716063228895],[140.4521179200001,-27.37793922322885],[140.45152282700008,-27.37830734222887],[140.45062255900007,-27.378910064228858],[140.44996643100012,-27.379411696228853],[140.44961547900004,-27.37959289522885],[140.44923400900007,-27.379829406228804],[140.44863891600005,-27.380243300228823],[140.44819641100003,-27.380577086228822],[140.44770813000002,-27.38085746722879],[140.44721984900002,-27.381164550228824],[140.44639587400002,-27.381776809228803],[140.44599914600008,-27.38199233922879],[140.4455413820001,-27.38226890522881],[140.44468689000007,-27.382879256228776],[140.44349670400004,-27.38360404922878],[140.44300842300004,-27.38395309322873],[140.44200134300002,-27.384616851228767],[140.44175720200008,-27.384798049228745],[140.44110107400002,-27.385198592228708],[140.4403228760001,-27.385721206228727],[140.4395294190001,-27.386348723228714],[140.43923950200008,-27.386484145228675],[140.43864440900006,-27.386816024228715],[140.4364929200001,-27.388225554228683],[140.43572998000002,-27.388591765228643],[140.43492126500007,-27.38900566022865],[140.43460083000002,-27.389183043228652],[140.43424987800006,-27.389472960228666],[140.43379211400008,-27.389974593228654],[140.43350219700005,-27.390338897228666],[140.43301391600005,-27.390832900228624],[140.4287567140001,-27.394479751228545],[140.42822265600012,-27.394971847228536],[140.42604064900002,-27.396841048228477],[140.42549133300008,-27.39736175422851],[140.42535400400004,-27.397443770228477],[140.42497253400006,-27.3977203362285],[140.42440795900006,-27.3981971732285],[140.4239501950001,-27.398607253228473],[140.423599243,-27.3988819112285],[140.4232330320001,-27.3991394032285],[140.421646118,-27.400611876228442],[140.420257568,-27.401815413228398],[140.41986084000007,-27.402097701228392],[140.4194335940001,-27.40244102422843],[140.417739868,-27.403892516228396],[140.41651916500007,-27.405038833228385],[140.4160919190001,-27.405418395228352],[140.4152679440001,-27.40610694822831],[140.4146270750001,-27.40675544622833],[140.41409301800002,-27.407142638228333],[140.41084289600008,-27.409919738228286],[140.4102325440001,-27.41042518522824],[140.4095611570001,-27.410991668228224],[140.40895080600012,-27.411546706228233],[140.40397644000006,-27.415842055228175],[140.40145874000007,-27.41794776822812],[140.40003967300004,-27.41921424822807],[140.39852905300006,-27.421302794228065],[140.3984069820001,-27.42144966022803],[140.39830017100007,-27.421552657228027],[140.39746093700012,-27.42274665722801],[140.39672851600005,-27.423721312227975],[140.3965301510001,-27.423969268227978],[140.3948364260001,-27.42633056522793],[140.38894653300008,-27.434387206227775],[140.38832092300004,-27.435276030227772],[140.38768005400004,-27.436143874227785],[140.38641357400002,-27.437814712227752],[140.38516235400004,-27.439548491227725],[140.3847351070001,-27.440179824227705],[140.3843994140001,-27.440595626227672],[140.38391113300008,-27.441205977227682],[140.38333129900002,-27.442043303227678],[140.37983703600003,-27.44678687922755],[140.3787994380001,-27.44823265022754],[140.37828064000007,-27.448902129227537],[140.37773132300003,-27.449697494227518],[140.37748718300008,-27.449983596227522],[140.3766937260001,-27.451114654227503],[140.37614440900006,-27.451848983227503],[140.37583923300008,-27.452281951227462],[140.3756408690001,-27.452613830227452],[140.3753814700001,-27.45290756122744],[140.37423706100003,-27.454450606227404],[140.3739471440001,-27.45487213022741],[140.37332153300008,-27.455730437227366],[140.3730468750001,-27.456176757227404],[140.3726806640001,-27.4565887442274],[140.37242126500007,-27.456949233227398],[140.37231445300006,-27.457117080227384],[140.37197876000005,-27.45770072822735],[140.3718872070001,-27.45777893022735],[140.37171936000004,-27.457946776227363],[140.37156677200005,-27.458116530227375],[140.37074279800004,-27.459251403227306],[140.3702697750001,-27.459989547227316],[140.37019348100011,-27.46009063622731],[140.37005615200007,-27.4602050772273],[140.36991882300003,-27.460374831227305],[140.36941528300008,-27.46109199422728],[140.36927795400004,-27.4612236012273],[140.3689575200001,-27.461606978227284],[140.36851501500007,-27.46217536822728],[140.3682098390001,-27.462486266227288],[140.36795043900008,-27.462699889227267],[140.36735534700006,-27.463113784227254],[140.36724853500004,-27.46320533722727],[140.36711120600012,-27.46327400122724],[140.36662292500012,-27.463466643227235],[140.36578369100005,-27.46385192822722],[140.36550903300008,-27.46399688622724],[140.36346435500002,-27.4649047842272],[140.36259460400004,-27.465414046227224],[140.36180114700005,-27.465669631227215],[140.35972595200008,-27.46660041722716],[140.35850524900002,-27.46718215822717],[140.3579864500001,-27.467472075227203],[140.35691833500005,-27.467956542227178],[140.35643005400004,-27.468212127227147],[140.35588073700012,-27.468418120227156],[140.3552093510001,-27.46871948122718],[140.3539733890001,-27.46930503722714],[140.3534851070001,-27.46954917822714],[140.35331726100003,-27.469602584227147],[140.35237121600005,-27.4700336452271],[140.35090637200005,-27.470762252227136],[140.35018920900006,-27.47104453922714],[140.34896850600012,-27.47159957822707],[140.348327637,-27.47195625222711],[140.347427368,-27.47231864822706],[140.34695434600008,-27.47253227122709],[140.3465728760001,-27.472734450227073],[140.34614563000002,-27.472986220227043],[140.34548950200008,-27.473228454227083],[140.34492492700008,-27.47345161322706],[140.34407043500005,-27.473869323227063],[140.34304809600008,-27.474395751227046],[140.3419189450001,-27.474878310227023],[140.34173584000007,-27.474933623227038],[140.3403015140001,-27.475606917227047],[140.3383483890001,-27.476570128227028],[140.33769226100003,-27.476810454226996],[140.33692932100007,-27.477165221226983],[140.33625793500005,-27.477485656226953],[140.33543396000005,-27.47785758922695],[140.3344421390001,-27.478370666226994],[140.33253479000007,-27.479166030226978],[140.32905578600003,-27.48086738522691],[140.32791137700008,-27.481403350226945],[140.32757568400007,-27.481592177226922],[140.32713317900004,-27.481777190226886],[140.32637023900008,-27.482149123226872],[140.32571411100002,-27.4825038902269],[140.32513427700007,-27.482780456226862],[140.32450866700003,-27.483049392226857],[140.32443237300004,-27.48310470522687],[140.32344055200008,-27.483604430226865],[140.3224945070001,-27.483989715226848],[140.32171630900007,-27.484373092226825],[140.32127380400004,-27.48461723222684],[140.32089233400006,-27.484857558226874],[140.32073974600007,-27.48493385222686],[140.32026672400002,-27.485099791226848],[140.3199768070001,-27.485231399226866],[140.31909179700006,-27.485656737226808],[140.3178710940001,-27.486206054226834],[140.31724548300008,-27.486537932226828],[140.31698608400006,-27.486663817226802],[140.31562805200008,-27.489191054226755],[140.31375122100008,-27.492788314226665],[140.31353759800004,-27.493148803226664],[140.31300354000007,-27.494102477226665],[140.31269836400008,-27.494728087226644],[140.3125000000001,-27.49507522522669],[140.3123931880001,-27.49534034622666],[140.31140136700003,-27.497222899226596],[140.31057739300002,-27.498834609226577],[140.31030273400006,-27.499301909226542],[140.309829712,-27.50018119722656],[140.30932617200006,-27.50118827722656],[140.30850219700005,-27.502725600226505],[140.3082275390001,-27.5032672872265],[140.30781555200008,-27.503988265226493],[140.30732727100008,-27.504953383226486],[140.30691528300008,-27.505720138226458],[140.30677795400004,-27.506011962226424],[140.30651855500003,-27.50643730122642],[140.3058166500001,-27.507772445226394],[140.30560302700007,-27.508146285226395],[140.30541992200006,-27.508558272226402],[140.30451965300006,-27.510250091226393],[140.30415344200003,-27.510923385226345],[140.30320739700005,-27.512723922226318],[140.30294799800004,-27.51328277522634],[140.3024749760001,-27.514026641226316],[140.3020629880001,-27.51487350422629],[140.3016815190001,-27.515682219226296],[140.3015747070001,-27.515836715226275],[140.3009338380001,-27.51698875322623],[140.30076599100005,-27.517343520226213],[140.30058288600003,-27.51776695222625],[140.3003692630001,-27.5182075492262],[140.30001831100003,-27.518796920226183],[140.29968261700003,-27.519485473226204],[140.29924011200012,-27.520246505226197],[140.29785156200012,-27.522890090226138],[140.296157837,-27.52606391822608],[140.29528808600003,-27.527717589226032],[140.29501342800006,-27.528379439226033],[140.2944793700001,-27.529220580226003],[140.29406738300008,-27.529975890225977],[140.29396057100007,-27.530086516226014],[140.29371643100012,-27.530246734225965],[140.2931213380001,-27.530548095225992],[140.29295349100005,-27.53066825822602],[140.29284668000003,-27.530761718225957],[140.29264831500006,-27.531023025225977],[140.29238891600005,-27.53144454922597],[140.29235839800003,-27.531684874225956],[140.29235839800003,-27.531970977225946],[140.29235839800003,-27.532117843225972],[140.29241943400007,-27.532579421225957],[140.29243469200003,-27.532970427225923],[140.29240417500012,-27.533233642225937],[140.29220581100003,-27.53431701622594],[140.29071044900002,-27.539562224225804],[140.2900848390001,-27.542461394225786],[140.2893676760001,-27.544263839225703],[140.28904724100005,-27.545370101225686],[140.28892517100007,-27.545919417225715],[140.28849792500012,-27.547496795225666],[140.28810119600007,-27.54890823322564],[140.28770446800002,-27.550065993225623],[140.28730773900008,-27.551351546225607],[140.28660583500005,-27.55392456022556],[140.28540039100005,-27.558036803225498],[140.28486633300008,-27.560052871225448],[140.28437805200008,-27.561740874225382],[140.28341674800004,-27.564905166225333],[140.28318786600005,-27.5659408562253],[140.28306579600007,-27.56643485922531],[140.28285217300004,-27.566789626225283],[140.28269958500005,-27.567617415225293],[140.2814788820001,-27.56928062322523],[140.28022766100003,-27.57111358522523],[140.2792663570001,-27.572660445225164],[140.27848815900006,-27.573804854225152],[140.27722168000003,-27.57574081322516],[140.27388000500002,-27.58069801222505],[140.27334594700005,-27.581432342225032],[140.27265930200008,-27.582540511225037],[140.27195739700005,-27.583549499224983],[140.27000427200005,-27.586441039224937],[140.2696838380001,-27.58690071022492],[140.26922607400002,-27.587602614224938],[140.26620483400006,-27.59208488422484],[140.26565551800002,-27.593008040224824],[140.26535034200003,-27.593351363224798],[140.2648773190001,-27.5940361012248],[140.26303100600012,-27.59677505422475],[140.26278686500007,-27.597230910224713],[140.2623596190001,-27.59777831922474],[140.26072692900004,-27.600194930224696],[140.26045227100008,-27.600566863224685],[140.26025390600012,-27.600938796224675],[140.26011657700008,-27.601240157224634],[140.26004028300008,-27.60149383422463],[140.25997924800004,-27.60183715722466],[140.25962829600007,-27.604713439224593],[140.25921630900007,-27.608325957224537],[140.25878906200012,-27.612720489224447],[140.25837100800004,-27.615674628224387]],[[140.25837100800004,-27.615674628224387],[140.25830078100012,-27.61617088222436],[140.25866699200003,-27.616928100224335],[140.25985717800006,-27.621610640224272],[140.26002112300012,-27.62221948622424]],[[140.26002112300012,-27.62221948622424],[140.2603302000001,-27.623367309224214],[140.26072692900004,-27.6251296992242],[140.26091003400006,-27.62649536022419],[140.2609710690001,-27.626731872224216],[140.261001587,-27.62689971822416],[140.26113891600005,-27.628822326224153],[140.26129150400004,-27.629817962224106],[140.26124572800006,-27.632127761224112],[140.2612304690001,-27.632955550224054],[140.26124572800006,-27.633804320224055],[140.26124572800006,-27.635200499224005],[140.2612762450001,-27.635499953224016],[140.26124572800006,-27.635948180224005],[140.26121521000005,-27.64117431522388],[140.26116943400007,-27.642847060223858],[140.26116943400007,-27.64391708322386],[140.26116943400007,-27.644456862223844],[140.26121521000005,-27.64535331622382],[140.26116943400007,-27.646112441223803],[140.26118469200003,-27.646392821223788],[140.26118469200003,-27.64717483422377],[140.26115417500012,-27.64749717622377],[140.26118469200003,-27.64796256922378],[140.26115417500012,-27.649555205223734],[140.26115417500012,-27.650913238223747],[140.26109314000007,-27.65294265622371],[140.26106262200005,-27.65332984822365],[140.26107788100012,-27.65369415222366],[140.26107788100012,-27.65573120022366],[140.26103210400004,-27.657499312223607],[140.26091003400006,-27.660373687223526],[140.26083374000007,-27.66295432922348],[140.26074218700012,-27.664924621223452],[140.26074218700012,-27.665307998223426],[140.26069641100003,-27.665925979223424],[140.26057434100005,-27.669502257223396],[140.26049804700006,-27.67260551422329],[140.26046752900004,-27.672958373223313],[140.26046752900004,-27.67306709222328],[140.26037597700008,-27.673341750223305],[140.26028442400002,-27.67354011422332],[140.26019287100007,-27.673673629223284],[140.25994873000002,-27.673871993223308],[140.2598114010001,-27.673940658223323],[140.2595825200001,-27.674110412223275],[140.25949096700003,-27.674194335223298],[140.25944519000006,-27.674276351223273],[140.25941467300004,-27.674459456223286],[140.2594299320001,-27.674594878223306],[140.25947570800008,-27.674724578223255],[140.25968933100012,-27.6751708972233],[140.2598419190001,-27.67562103222329],[140.25990295400004,-27.676048278223234],[140.25994873000002,-27.677459716223247],[140.25990295400004,-27.6778984062232],[140.25975036600005,-27.678703307223213],[140.25967407200005,-27.678880691223195],[140.25962829600007,-27.67895507722319],[140.25947570800008,-27.679109572223183],[140.259048462,-27.679412841223208],[140.25891113300008,-27.679531096223176],[140.25886535600011,-27.67958068722316],[140.25772094700005,-27.680490493223182],[140.25746154800004,-27.680675506223142],[140.25691223100011,-27.681137084223145],[140.25682067900004,-27.68123626622317],[140.25671386700003,-27.68131065322316],[140.25637817400002,-27.681486129223146],[140.25605773900008,-27.681680678223156],[140.2558288570001,-27.68184852522315],[140.2554473880001,-27.682186126223147],[140.25529480000012,-27.682258605223133],[140.25509643600003,-27.68237495322314],[140.25418090800008,-27.683071135223138],[140.2538757320001,-27.683265685223134],[140.25239563000002,-27.6843662252231],[140.25163269000006,-27.684900283223115],[140.25134277300003,-27.68514060922309],[140.25109863300008,-27.6853752132231],[140.25096130400004,-27.68544578522307],[140.25062561000004,-27.68565559322309],[140.24937439000007,-27.686569213223077],[140.24877929700006,-27.686975478223058],[140.2480926510001,-27.687536239223007],[140.24742126500007,-27.68803596422305],[140.24690246600005,-27.688356399223046],[140.2464752200001,-27.68864822322303],[140.24607849100005,-27.688972472223043],[140.24551391600005,-27.689496993223003],[140.24484252900004,-27.690004348222967],[140.2442932130001,-27.690347671223],[140.24319458000002,-27.691120147223],[140.2415924070001,-27.692337035222966],[140.24015808100012,-27.69336318922294],[140.23977661100002,-27.693674087222927],[140.23710632300003,-27.695646285222875],[140.23603820800008,-27.69640922422288],[140.2355041500001,-27.696832656222874],[140.23461914100005,-27.697505950222876],[140.2339630130001,-27.697946547222838],[140.23339843700012,-27.698373794222842],[140.23262023900008,-27.69894409122285],[140.2319793700001,-27.699441909222827],[140.23067194200007,-27.70040575422281]],[[140.23067194200007,-27.70040575422281],[140.22482299800004,-27.70471763522271],[140.21844482400002,-27.70962142822265],[140.2128906250001,-27.713603972222568],[140.2125549320001,-27.71381950322256],[140.21212768600003,-27.714149474222534],[140.206878662,-27.71790313622247],[140.20613098100011,-27.718507766222448],[140.20555114700005,-27.718862533222477],[140.20159912100007,-27.72168922322238],[140.2008056640001,-27.7223281852224],[140.20033264200003,-27.722589492222355],[140.1986999510001,-27.723791121222366],[140.19665527300003,-27.725221633222358],[140.19241333000002,-27.728258132222262],[140.191177368,-27.729166030222288],[140.19076538100012,-27.72943496622228],[140.19042968700012,-27.729675292222257],[140.19003295900006,-27.730009078222245],[140.18986511200012,-27.730096816222236],[140.18735726500006,-27.731879179222215]],[[140.18735726500006,-27.731879179222215],[140.18719482400002,-27.73199462822219],[140.18719482400002,-27.73247337222219],[140.18722534200003,-27.732780456222176],[140.18728637700008,-27.73365783622217],[140.1873168950001,-27.734312056222166],[140.18730163600003,-27.73448562522218],[140.18733215300006,-27.734790801222168],[140.18736267100007,-27.73528861922214],[140.18740844700005,-27.736629485222135],[140.18737793000003,-27.73723220722212],[140.18743896500007,-27.737672805222125],[140.1874694820001,-27.740388869222052],[140.18751525900007,-27.741355895222032],[140.18743896500007,-27.741670608222055],[140.18737793000003,-27.742202758222017],[140.18699646000005,-27.744827270221982],[140.1870117190001,-27.74504089322196],[140.1870574950001,-27.74516296322198],[140.18712668800003,-27.745258104221953]],[[140.18712668800003,-27.745258104221953],[140.18717956500006,-27.745330810221983],[140.18743896500007,-27.745597838221975],[140.18766784700006,-27.745935439221988],[140.18792724600007,-27.74651145822197],[140.1879577640001,-27.74662399222195],[140.18797302200005,-27.74671554522194],[140.18792724600007,-27.746906280221918],[140.18786621100003,-27.747011184221947],[140.18777465800008,-27.74709510722191],[140.18737793000003,-27.747385024221938],[140.18728637700008,-27.7474822992219],[140.18707275400004,-27.747749328221893],[140.18696594200003,-27.747848510221925],[140.18687439000007,-27.74790000822193],[140.18669128400006,-27.7479572292219],[140.18640136700003,-27.74798774622193],[140.18634963400007,-27.747986283221934]],[[140.18634963400007,-27.747986283221934],[140.18511962900004,-27.747951507221927],[140.18508911100002,-27.747943877221896],[140.18507385300006,-27.7478904712219],[140.18507385300006,-27.747701644221912]]]},"properties":{"id":"ga:pipe0:107","layer":"pipelines_oil","name":"Keleary to Merrimelia Trunkline","subtype":"Oil pipeline","status":"fully capable of operation.","country":"AU","state":"South Australia","source":"Geoscience Australia","source_url":"https://digital.atlas.gov.au/datasets/digitalatlas::gas-pipelines/about","license":"CC BY 4.0","length_km":0.88764381,"spatial_confidence":"0"}},{"type":"Feature","geometry":{"type":"LineString","coordinates":[[143.272720337,-26.66697120624261],[143.2729492190001,-26.665296554242623],[143.27491760300006,-26.662729262242696],[143.29652404800004,-26.654821395242816],[143.3458557130001,-26.661607741242698],[143.36566162100007,-26.661312102242704],[143.3673095700001,-26.661943435242698],[143.36979675300006,-26.66205406124272],[143.3714752200001,-26.661203383242732],[143.37744140600012,-26.661104201242694],[143.37910461400008,-26.660743712242702],[143.39819335900006,-26.66042327824271],[143.4293212890001,-26.66298103224267],[143.43017578100012,-26.662399291242714],[143.4305877690001,-26.659782409242716],[143.43400573700012,-26.654172896242862],[143.43620300300006,-26.6520786282429]]},"properties":{"id":"ga:pipe0:108","layer":"pipelines_oil","name":"Kenmore to Eromanga Refinery","subtype":"Oil pipeline","status":"fully capable of operation.","country":"AU","state":"Queensland","source":"Geoscience Australia","source_url":"https://digital.atlas.gov.au/datasets/digitalatlas::gas-pipelines/about","license":"CC BY 4.0","length_km":0.17495405,"spatial_confidence":"0"}},{"type":"Feature","geometry":{"type":"LineString","coordinates":[[143.23503112800006,-27.011234282235908],[143.23522949200003,-27.01103973323589],[143.23522949200003,-27.01083946123593],[143.2346038820001,-27.01064109723591],[143.23425293000003,-27.0101375572359],[143.2307739260001,-27.00607490423597],[143.23060607900004,-27.004392623236008],[143.23083496100003,-27.002893447236048],[143.23078918500005,-27.002553939236034],[143.230804443,-27.00129318123612],[143.23066711400008,-27.00109863223611],[143.23049926800002,-27.00106811423609]]},"properties":{"id":"ga:pipe0:109","layer":"pipelines_oil","name":"Kooroopa 1 Flowline","subtype":"Oil pipeline","status":"fully capable of operation.","country":"AU","state":"Queensland","source":"Geoscience Australia","source_url":"https://digital.atlas.gov.au/datasets/digitalatlas::gas-pipelines/about","license":"CC BY 4.0","length_km":0.012316240000000001,"spatial_confidence":"0"}},{"type":"Feature","geometry":{"type":"LineString","coordinates":[[140.37614440900006,-28.523029326207762],[140.37617492700008,-28.522891997207775],[140.37483215300006,-28.515060424207903]]},"properties":{"id":"ga:pipe0:110","layer":"pipelines_oil","name":"Biala 3 Flowline","subtype":"Oil pipeline","status":"fully capable of operation.","country":"AU","state":"South Australia","source":"Geoscience Australia","source_url":"https://digital.atlas.gov.au/datasets/digitalatlas::gas-pipelines/about","license":"CC BY 4.0","length_km":0.00808653,"spatial_confidence":"0"}},{"type":"Feature","geometry":{"type":"LineString","coordinates":[[143.2300567630001,-27.00099182023609],[143.2294158940001,-27.001001357236085],[143.22924804700006,-27.0010719292361],[143.227233887,-27.00294494523606],[143.2227783200001,-27.005594253236],[143.22334289600008,-27.00637435823598],[143.224380493,-27.007457732235984],[143.22561645500002,-27.008966445235917],[143.22613525400004,-27.009632110235938],[143.22642517100007,-27.010099410235906],[143.226898193,-27.01054382223593],[143.22879028300008,-27.01287078823589],[143.2288208010001,-27.013114928235883],[143.22871398900008,-27.01423454223582],[143.2288208010001,-27.014547347235826],[143.22943115200007,-27.015010833235813],[143.2312622070001,-27.016824721235807],[143.233093262,-27.01813125523575],[143.23571777300003,-27.02143478323569],[143.23680114700005,-27.02265548623568],[143.23687744100005,-27.022882461235643],[143.23686218300008,-27.023279189235677],[143.2362213130001,-27.024168014235617]]},"properties":{"id":"ga:pipe0:111","layer":"pipelines_oil","name":"Kooroopa 3 Flowline","subtype":"Oil pipeline","status":"fully capable of operation.","country":"AU","state":"Queensland","source":"Geoscience Australia","source_url":"https://digital.atlas.gov.au/datasets/digitalatlas::gas-pipelines/about","license":"CC BY 4.0","length_km":0.03309065,"spatial_confidence":"0"}},{"type":"Feature","geometry":{"type":"LineString","coordinates":[[143.23898315400004,-27.0209598532357],[143.2386627200001,-27.021905898235662],[143.2384338380001,-27.0222644802357],[143.23681640600012,-27.023500442235626],[143.23626709000007,-27.024196624235643]]},"properties":{"id":"ga:pipe0:112","layer":"pipelines_oil","name":"Kooroopa 4 Flowline","subtype":"Oil pipeline","status":"fully capable of operation.","country":"AU","state":"Queensland","source":"Geoscience Australia","source_url":"https://digital.atlas.gov.au/datasets/digitalatlas::gas-pipelines/about","license":"CC BY 4.0","length_km":0.00434665,"spatial_confidence":"0"}},{"type":"Feature","geometry":{"type":"LineString","coordinates":[[143.37048339800003,-26.805059432239883],[143.3714752200001,-26.805072783239886],[143.37136840800008,-26.807422637239835],[143.37112426800002,-26.807796477239847],[143.37063598600002,-26.808042525239834],[143.36811828600003,-26.80817604023985],[143.35540771500007,-26.808275222239832]]},"properties":{"id":"ga:pipe0:113","layer":"pipelines_oil","name":"Kooyong 1 Flowline","subtype":"Oil pipeline","status":"fully capable of operation.","country":"AU","state":"Queensland","source":"Geoscience Australia","source_url":"https://digital.atlas.gov.au/datasets/digitalatlas::gas-pipelines/about","license":"CC BY 4.0","length_km":0.01956966,"spatial_confidence":"0"}},{"type":"Feature","geometry":{"type":"MultiLineString","coordinates":[[[145.93003845200008,-38.165683745083065],[145.92985534700006,-38.165622710083085],[145.92816162100007,-38.16664123408304],[145.92710876500007,-38.167842864083056],[145.92684936500007,-38.16919708208306],[145.92700195300006,-38.16921615508304],[145.9266815190001,-38.17082214308302],[145.92556762700008,-38.17076110708304],[145.9253387450001,-38.171867370083035],[145.91911315900006,-38.17111968908303],[145.91844177200005,-38.17474365108302],[145.917310293,-38.18038043908297]],[[145.917310293,-38.18038043908297],[145.91613772100004,-38.186221946082945]],[[145.91613772100004,-38.186221946082945],[145.9161376950001,-38.18622207508294]]]},"properties":{"id":"ga:pipe0:114","layer":"pipelines_oil","name":"Lardner to Warragul","subtype":"Oil pipeline","status":"fully capable of operation.","country":"AU","state":"Victoria","source":"Geoscience Australia","source_url":"https://digital.atlas.gov.au/datasets/digitalatlas::gas-pipelines/about","license":"CC BY 4.0","length_km":0.030845880000000003,"spatial_confidence":"0"}},{"type":"Feature","geometry":{"type":"MultiLineString","coordinates":[[[140.37138366700003,-28.506828307208067],[140.37156677200005,-28.506929397208044],[140.37446594200003,-28.511831283207997],[140.3750000000001,-28.51464652920789]],[[140.3750000000001,-28.51464652920789],[140.37501525900007,-28.514694213207925]]]},"properties":{"id":"ga:pipe0:115","layer":"pipelines_oil","name":"Limestone Creek 3 Flowline","subtype":"Oil pipeline","status":"fully capable of operation.","country":"AU","state":"South Australia","source":"Geoscience Australia","source_url":"https://digital.atlas.gov.au/datasets/digitalatlas::gas-pipelines/about","license":"CC BY 4.0","length_km":0.008819730000000001,"spatial_confidence":"0"}},{"type":"Feature","geometry":{"type":"LineString","coordinates":[[140.6519317630001,-28.23434829621295],[140.65080261200012,-28.234804152212963],[140.65031433100012,-28.235227584212954],[140.64808654800004,-28.238386153212893],[140.64796447800006,-28.238712310212904],[140.64787292500012,-28.239725112212874],[140.64765930200008,-28.24025917021284],[140.64736938500005,-28.24053955021289],[140.64608764600007,-28.24121856621286],[140.64549255400004,-28.241323470212812],[140.64137268100012,-28.240482329212856],[140.64088439900002,-28.242095946212807],[140.63615417500012,-28.248989104212704],[140.6339416500001,-28.25932121221252],[140.62715148900008,-28.269237517212336],[140.624206543,-28.274833678212257],[140.6239471440001,-28.27514076121225],[140.62332153300008,-28.275587081212223],[140.61799621600005,-28.278341292212197],[140.6114501950001,-28.283859252212057],[140.611099243,-28.284078597212055],[140.60337829600007,-28.286113738212045],[140.5984497070001,-28.28750610321197],[140.59808349600007,-28.287670134211968],[140.5977783200001,-28.287914275212007],[140.59342956500006,-28.292469024211904],[140.5929260250001,-28.2928161612119],[140.56559753400006,-28.30443000721169],[140.56465148900008,-28.30492210321168],[140.541687012,-28.314735412211494],[140.53974914600008,-28.3153591152115],[140.5289306640001,-28.320169448211388],[140.52853393600003,-28.32042884721139],[140.52816772500012,-28.320964812211372],[140.51498413100012,-28.35725784221074],[140.51426696800002,-28.35873413021071],[140.5139770510001,-28.359598159210698],[140.51402282700008,-28.359678267210718],[140.51394653300008,-28.359888076210673],[140.51387023900008,-28.3599300372107],[140.5130004880001,-28.36224555921066],[140.50955200200008,-28.37291908221045],[140.5088348390001,-28.37715148821039],[140.5073242190001,-28.382398604210252],[140.50520324700005,-28.38881492521017],[140.50332641600005,-28.392892837210095],[140.5012054440001,-28.397008895210007],[140.5009460450001,-28.39734268121],[140.50053405800008,-28.397624968209993],[140.49761962900004,-28.39877700721],[140.49353027300003,-28.40059661820995],[140.4909515380001,-28.4028320302099],[140.4906158450001,-28.403299331209915],[140.48716735800008,-28.411329268209762],[140.4858398440001,-28.418287276209615],[140.48168945300006,-28.431509017209365],[140.47714233400006,-28.445117949209138],[140.47697448700012,-28.445373534209125],[140.47673034700006,-28.445537566209158],[140.4732971190001,-28.44666862420914],[140.472991943,-28.44684600720914],[140.4728088380001,-28.447069167209104],[140.46524047900004,-28.463968276208792],[140.46421814000007,-28.46689224120878],[140.46295166000004,-28.469953536208735],[140.46134948700012,-28.47578811520858],[140.45947265600012,-28.481304168208496],[140.45800781200012,-28.48811340220838],[140.4565429690001,-28.492822646208317],[140.45640564000007,-28.493080138208313],[140.45608520500002,-28.49334144520827],[140.4500122070001,-28.49633407520826],[140.447036743,-28.497552871208228],[140.44007873500004,-28.500747680208153],[140.43653869600007,-28.5030441272081],[140.43357849100005,-28.50537300020808],[140.42810058600003,-28.50868225020804],[140.42370605500003,-28.50996398820801],[140.41885376000005,-28.511821746207946],[140.41554260300006,-28.513280868207953],[140.41227722200006,-28.514606475207934],[140.4053192140001,-28.51721000620787],[140.40487670900006,-28.517305373207833],[140.39683532700008,-28.517900466207834],[140.39245605500003,-28.517137526207833],[140.3920593260001,-28.51696205020786],[140.39068603500004,-28.516069411207905]]},"properties":{"id":"ga:pipe0:116","layer":"pipelines_oil","name":"Limestone Creek to Strzeleki Trunkline","subtype":"Oil pipeline","status":"fully capable of operation.","country":"AU","state":"South Australia","source":"Geoscience Australia","source_url":"https://digital.atlas.gov.au/datasets/digitalatlas::gas-pipelines/about","license":"CC BY 4.0","length_km":0.42407441000000007,"spatial_confidence":"0"}},{"type":"Feature","geometry":{"type":"MultiLineString","coordinates":[[[145.917310293,-38.18038043908297],[145.93234252900004,-38.18259811308296],[145.93740844700005,-38.17724990708299],[145.9526367190001,-38.176265716083016],[145.96261596700003,-38.17681884708301],[145.968032837,-38.17312622008302],[145.97354126000005,-38.16969680708305],[145.98994445800008,-38.16807556108305],[145.99432373000002,-38.16723632708305],[146.03810119600007,-38.16146850508309],[146.05131530800008,-38.15462875308314],[146.13887023900008,-38.16182327208314],[146.21305847200006,-38.14877700708322],[146.25578308100012,-38.13953781008328],[146.29174804700006,-38.14100646908329],[146.32382202100007,-38.1373405450833],[146.34591674800004,-38.133281707083334],[146.36801147500012,-38.12890243408334],[146.38369751000005,-38.12981414708337],[146.39813232400002,-38.13314819208333],[146.41401672400002,-38.135517119083325],[146.42480468700012,-38.1367225640833],[146.4410705570001,-38.14055252008327],[146.45310974100005,-38.14030837908329],[146.46406555200008,-38.144748687083215],[146.47323608400006,-38.14513397108321],[146.48376464800003,-38.150703429083194],[146.4923095700001,-38.15254211308319],[146.505142212,-38.15392303408314],[146.51628112800006,-38.15949630608314],[146.53820800800008,-38.16627502308307],[146.57669067400002,-38.170894622083054],[146.58987426800002,-38.17680740308297],[146.6037445070001,-38.17657852108297],[146.6075439450001,-38.18161773608295],[146.64849853500004,-38.18480300808292],[146.6952819820001,-38.187515258082904],[146.7514343260001,-38.19083023008287],[146.79461669900002,-38.19251251108286],[146.82954406700003,-38.192485808082864],[146.85842895500002,-38.19785690208281],[146.93103027300003,-38.201221465082774],[146.99859619100005,-38.20865631008276],[147.07513427700007,-38.22000884908264],[147.11137810700006,-38.223611666082604]],[[145.57877943200003,-38.19353574108284],[145.6289062500001,-38.189788817082885],[145.69241333000002,-38.185848235082936],[145.74604797400002,-38.18620681708292],[145.82243347200006,-38.179927825082984],[145.875106812,-38.17704009908298],[145.88444519000006,-38.180175780082955],[145.89689636200012,-38.17977523708294],[145.90364074700005,-38.178363799082966],[145.917310293,-38.18038043908297]],[[145.3684905450001,-38.1879020530829],[145.37145996100003,-38.1864585870829],[145.4020080570001,-38.18925857408288],[145.4112854000001,-38.18801116808289],[145.4709320070001,-38.19585418608284],[145.4812841800001,-38.20603083408278]],[[145.3569071490001,-38.19038726408289],[145.36267089800003,-38.19073104808288],[145.3684905450001,-38.1879020530829]],[[145.32228070500003,-38.19378513508286],[145.33865356400008,-38.18883514308289],[145.34629821800002,-38.1897544850829],[145.3569071490001,-38.19038726408289]],[[145.56344204100003,-38.19466737308283],[145.56358337400002,-38.19467163008284],[145.57877943200003,-38.19353574108284]],[[145.4882308860001,-38.20730776308274],[145.4902038570001,-38.20890426508272],[145.52647399900002,-38.19355392408285],[145.52743549100012,-38.19358288308286]],[[145.52743549100012,-38.19358288308286],[145.56344204100003,-38.19466737308283]],[[145.28452354600006,-38.20287006108276],[145.31343078600003,-38.196460723082836],[145.32228070500003,-38.19378513508286]],[[145.28230511900006,-38.203361932082764],[145.28452354600006,-38.20287006108276]],[[145.2153268840001,-38.264460444082296],[145.2164306640001,-38.26224517708232],[145.2229614260001,-38.262290954082346],[145.22740173300008,-38.25083541808241],[145.23999023400006,-38.240406035082515],[145.2410278320001,-38.225048064082614],[145.24890136700003,-38.216850280082674],[145.2753906250001,-38.20489501908279],[145.28230511900006,-38.203361932082764]],[[145.48445887000003,-38.20568342208279],[145.4858856200001,-38.20541000308274],[145.4882308860001,-38.20730776308274]],[[145.4812841800001,-38.20603083408278],[145.48150634800004,-38.206249236082755],[145.48445887000003,-38.20568342208279]],[[147.11137810700006,-38.223611666082604],[147.1187286380001,-38.224342345082626],[147.16345214800003,-38.22124862608265]],[[145.2123404040001,-38.268275415082265],[145.21369934100005,-38.267726897082326],[145.2153268840001,-38.264460444082296]],[[145.20989327900008,-38.269263167082286],[145.2123404040001,-38.268275415082265]],[[145.20022032600002,-38.27317720908227],[145.2038421630001,-38.271705626082266],[145.20989327900008,-38.269263167082286]],[[145.19022682800005,-38.277237652082185],[145.20022032600002,-38.27317720908227]],[[145.18988994900008,-38.28049881908217],[145.18751525900007,-38.27833938508222],[145.19022682800005,-38.277237652082185]],[[145.19892007400006,-38.28871039808213],[145.18988994900008,-38.28049881908217]],[[145.20333862300004,-38.29272842308211],[145.19892007400006,-38.28871039808213]]]},"properties":{"id":"ga:pipe0:117","layer":"pipelines_oil","name":"Longford Liquids Replacement Pipeline","subtype":"Oil pipeline","status":"fully capable of operation.","country":"AU","state":"Victoria","source":"Geoscience Australia","source_url":"https://digital.atlas.gov.au/datasets/digitalatlas::gas-pipelines/about","license":"CC BY 4.0","length_km":2.0715958999999997,"spatial_confidence":"0"}},{"type":"Feature","geometry":{"type":"MultiLineString","coordinates":[[[139.53816223100011,-28.06416702221609],[139.86794334600006,-28.07728598221584]],[[139.86794334600006,-28.07728598221584],[139.93496704100005,-28.079952239215785],[139.9349717020001,-28.079952304215773]],[[139.9349717020001,-28.079952304215773],[140.1336822510001,-28.082704543215737],[140.13789367700008,-28.0802669522158],[140.14391461800005,-28.08025617421575]],[[140.14391461800005,-28.08025617421575],[140.14428710900006,-28.08025550721575],[140.16135951,-28.089178657215633]],[[140.16135951,-28.089178657215633],[140.16387756900008,-28.090494759215584]],[[140.16387756900008,-28.090494759215584],[140.1736960190001,-28.095626521215518]],[[140.1736960190001,-28.095626521215518],[140.19894501400006,-28.108823293215238]],[[140.19894501400006,-28.108823293215238],[140.2001647950001,-28.10946083021525],[140.20093736400008,-28.10947500121524]],[[140.20093736400008,-28.10947500121524],[140.2053683890001,-28.109556277215237]],[[140.2053683890001,-28.109556277215237],[140.2054438770001,-28.10955766221526]],[[140.2054438770001,-28.10955766221526],[140.20578002900004,-28.109563827215254],[140.205749512,-28.11053848221523]]]},"properties":{"id":"ga:pipe0:118","layer":"pipelines_oil","name":"Lycium to Moomba","subtype":"Oil pipeline","status":"fully capable of operation.","country":"AU","state":"South Australia","source":"Geoscience Australia","source_url":"https://digital.atlas.gov.au/datasets/digitalatlas::gas-pipelines/about","license":"CC BY 4.0","length_km":0.6767534000000001,"spatial_confidence":"0"}},{"type":"Feature","geometry":{"type":"LineString","coordinates":[[140.37475585900006,-28.514829635207903],[140.37460327100007,-28.514984130207893],[140.37443542500012,-28.515663146207874],[140.37405395500002,-28.51657676620786],[140.37385559100005,-28.517250060207875],[140.37214660600011,-28.52136611820777],[140.36791992200006,-28.531229018207622],[140.36758422900004,-28.53173446620762],[140.36743164100005,-28.531774520207573]]},"properties":{"id":"ga:pipe0:119","layer":"pipelines_oil","name":"Biala Field Flowline","subtype":"Oil pipeline","status":"fully capable of operation.","country":"AU","state":"South Australia","source":"Geoscience Australia","source_url":"https://digital.atlas.gov.au/datasets/digitalatlas::gas-pipelines/about","license":"CC BY 4.0","length_km":0.018560240000000002,"spatial_confidence":"0"}},{"type":"Feature","geometry":{"type":"LineString","coordinates":[[139.62089538600003,-28.13318061721483],[139.613616943,-28.13725280721474],[139.6109161380001,-28.138975142214726],[139.6105041500001,-28.13978958021467],[139.60935974100005,-28.140384673214676],[139.60916137700008,-28.140373229214678],[139.60842895500002,-28.13990211421471],[139.607192993,-28.138959884214714],[139.6061096190001,-28.138557433214693],[139.6056976320001,-28.1385707852147],[139.6056213380001,-28.138635634214708],[139.6056213380001,-28.1387748712147]]},"properties":{"id":"ga:pipe0:120","layer":"pipelines_oil","name":"Malgoona 1A Flowline","subtype":"Oil pipeline","status":"fully capable of operation.","country":"AU","state":"South Australia","source":"Geoscience Australia","source_url":"https://digital.atlas.gov.au/datasets/digitalatlas::gas-pipelines/about","license":"CC BY 4.0","length_km":0.018177000000000002,"spatial_confidence":"0"}},{"type":"Feature","geometry":{"type":"LineString","coordinates":[[139.62088012700008,-28.13317489521481],[139.62141418500005,-28.132904052214798],[139.62135314900002,-28.132131576214807],[139.62115478500004,-28.131874083214814],[139.62036132800006,-28.13116264221486],[139.61982727100008,-28.130371093214844],[139.6195220950001,-28.129720687214874],[139.61897277800006,-28.12909316921489]]},"properties":{"id":"ga:pipe0:121","layer":"pipelines_oil","name":"Malgoona 3 Flowline","subtype":"Oil pipeline","status":"fully capable of operation.","country":"AU","state":"South Australia","source":"Geoscience Australia","source_url":"https://digital.atlas.gov.au/datasets/digitalatlas::gas-pipelines/about","license":"CC BY 4.0","length_km":0.0052717300000000005,"spatial_confidence":"0"}},{"type":"Feature","geometry":{"type":"MultiLineString","coordinates":[[[140.26815795900006,-28.51217460520798],[140.2733306880001,-28.5136032092079],[140.2737426760001,-28.513824462207896],[140.27395629900002,-28.51410293520793],[140.27638244600007,-28.518972396207847],[140.27658081100003,-28.51922416620783],[140.2769012450001,-28.519412993207798],[140.277450562,-28.51947593620784],[140.28483581500006,-28.518276214207845],[140.2857971190001,-28.518371581207813],[140.2857820810001,-28.518479984207833]],[[140.2857820810001,-28.518479984207833],[140.28575134300002,-28.518701552207855]]]},"properties":{"id":"ga:pipe0:122","layer":"pipelines_oil","name":"Mama 1 Flowline","subtype":"Oil pipeline","status":"fully capable of operation.","country":"AU","state":"South Australia","source":"Geoscience Australia","source_url":"https://digital.atlas.gov.au/datasets/digitalatlas::gas-pipelines/about","license":"CC BY 4.0","length_km":0.02165197,"spatial_confidence":"0"}},{"type":"Feature","geometry":{"type":"MultiLineString","coordinates":[[[140.496051125,-28.465430965208753],[140.49563598600002,-28.465332030208792],[140.4944458010001,-28.466520308208796],[140.49394226100003,-28.46683311420874],[140.48933410600011,-28.46783447220877],[140.48893737800006,-28.468078612208725],[140.488616943,-28.46840858420875],[140.48764038100012,-28.470294951208718],[140.4872741700001,-28.470737456208667],[140.48593139600007,-28.47160720720868],[140.48510742200006,-28.471553801208696]],[[140.49853515600012,-28.465513228208792],[140.49726867700008,-28.465721129208802],[140.496051125,-28.465430965208753]]]},"properties":{"id":"ga:pipe0:123","layer":"pipelines_oil","name":"McKinlay 12 Flowline","subtype":"Oil pipeline","status":"fully capable of operation.","country":"AU","state":"South Australia","source":"Geoscience Australia","source_url":"https://digital.atlas.gov.au/datasets/digitalatlas::gas-pipelines/about","license":"CC BY 4.0","length_km":0.01600204,"spatial_confidence":"0"}},{"type":"Feature","geometry":{"type":"MultiLineString","coordinates":[[[140.496051125,-28.465430965208753],[140.4960937500001,-28.465324401208804],[140.49604797400002,-28.465309142208792],[140.496200562,-28.464941024208816],[140.49623107900004,-28.464950561208806],[140.496200562,-28.46500587420882],[140.49630737300004,-28.465038299208786]],[[140.49604797400002,-28.46543884220879],[140.496051125,-28.465430965208753]]]},"properties":{"id":"ga:pipe0:124","layer":"pipelines_oil","name":"McKinlay 16 Flowline","subtype":"Oil pipeline","status":"fully capable of operation.","country":"AU","state":"South Australia","source":"Geoscience Australia","source_url":"https://digital.atlas.gov.au/datasets/digitalatlas::gas-pipelines/about","license":"CC BY 4.0","length_km":0.00077677,"spatial_confidence":"0"}},{"type":"Feature","geometry":{"type":"LineString","coordinates":[[140.49394226100003,-28.461688994208885],[140.4947052000001,-28.46205329820883],[140.49578857400002,-28.462394713208866],[140.4960937500001,-28.46258926320886],[140.49629211400008,-28.462823867208815],[140.49644470200008,-28.463171004208817],[140.49644470200008,-28.46353912320884],[140.495941162,-28.464977263208816]]},"properties":{"id":"ga:pipe0:125","layer":"pipelines_oil","name":"McKinlay App C Flowline","subtype":"Proposed Oil pipeline","status":"proposed infrastructure.","country":"AU","state":"South Australia","source":"Geoscience Australia","source_url":"https://digital.atlas.gov.au/datasets/digitalatlas::gas-pipelines/about","license":"CC BY 4.0","length_km":0.00492155,"spatial_confidence":"0"}},{"type":"Feature","geometry":{"type":"LineString","coordinates":[[140.06967163100012,-27.847940444220058],[140.06977844200003,-27.848117827220044],[140.07044982900004,-27.847997664220074],[140.07138061500007,-27.847974776220035],[140.07383728000002,-27.84837913422005],[140.07470703100012,-27.84840202222003]]},"properties":{"id":"ga:pipe0:126","layer":"pipelines_oil","name":"Meranji 14 Flowline","subtype":"Oil pipeline","status":"fully capable of operation.","country":"AU","state":"South Australia","source":"Geoscience Australia","source_url":"https://digital.atlas.gov.au/datasets/digitalatlas::gas-pipelines/about","license":"CC BY 4.0","length_km":0.00517995,"spatial_confidence":"0"}},{"type":"Feature","geometry":{"type":"MultiLineString","coordinates":[[[140.0714416500001,-27.85317420921996],[140.07153320300006,-27.85313034021993]],[[140.07637023900008,-27.854623794219926],[140.07389831500006,-27.854040145219923],[140.07170105000012,-27.853628158219987],[140.0715179440001,-27.853521346219967],[140.07139587400002,-27.85332488921994],[140.07136535600011,-27.853208541219942],[140.0714416500001,-27.85317420921996]]]},"properties":{"id":"ga:pipe0:127","layer":"pipelines_oil","name":"Meranji 16 Flowline","subtype":"Oil pipeline","status":"fully capable of operation.","country":"AU","state":"South Australia","source":"Geoscience Australia","source_url":"https://digital.atlas.gov.au/datasets/digitalatlas::gas-pipelines/about","license":"CC BY 4.0","length_km":0.005524190000000001,"spatial_confidence":"0"}},{"type":"Feature","geometry":{"type":"LineString","coordinates":[[140.0714416500001,-27.85317420921996],[140.07148742700008,-27.853393554219966],[140.0716705320001,-27.853540420219925],[140.0720062260001,-27.853515624219938],[140.07225036600005,-27.85329246421998],[140.07302856400008,-27.851346969219982],[140.072937012,-27.850713729219983],[140.07299804700006,-27.850372313220028],[140.0732116700001,-27.85009193322004],[140.07360839800003,-27.849779128220028],[140.07519531200012,-27.84881401022003],[140.07519531200012,-27.84862518222005]]},"properties":{"id":"ga:pipe0:128","layer":"pipelines_oil","name":"Meranji 7 Flowline","subtype":"Oil pipeline","status":"fully capable of operation.","country":"AU","state":"South Australia","source":"Geoscience Australia","source_url":"https://digital.atlas.gov.au/datasets/digitalatlas::gas-pipelines/about","license":"CC BY 4.0","length_km":0.007112060000000001,"spatial_confidence":"0"}},{"type":"Feature","geometry":{"type":"MultiLineString","coordinates":[[[140.1861114500001,-27.74666976822192],[140.18635559100005,-27.74672126722191],[140.18634963400007,-27.747986283221934]],[[140.18634963400007,-27.747986283221934],[140.1863403320001,-27.74996185222186],[140.1875000000001,-27.753347396221823],[140.18830871600005,-27.755201339221745],[140.18777465800008,-27.756540297221758],[140.18118286100002,-27.769418715221512],[140.17977905300006,-27.77198409922145],[140.16506958000002,-27.782716750221265],[140.13386151200007,-27.80526480822082]],[[140.13386151200007,-27.80526480822082],[140.13385009800004,-27.805273055220873],[140.13378906200012,-27.80532264622086],[140.12918090800008,-27.80858612022079],[140.1284637450001,-27.80882835322079],[140.1266174320001,-27.80914497322075],[140.08076477100008,-27.842309951220145],[140.07554626500007,-27.846139907220078],[140.07475280800008,-27.847471236220095],[140.07472229000007,-27.848173140220062]]]},"properties":{"id":"ga:pipe0:129","layer":"pipelines_oil","name":"Meranji to Merrimelia Trunkline","subtype":"Oil pipeline","status":"fully capable of operation.","country":"AU","state":"South Australia","source":"Geoscience Australia","source_url":"https://digital.atlas.gov.au/datasets/digitalatlas::gas-pipelines/about","license":"CC BY 4.0","length_km":0.15831968,"spatial_confidence":"0"}},{"type":"Feature","geometry":{"type":"LineString","coordinates":[[131.557388306,-24.00024223229818],[131.5590515140001,-24.002841948298144],[131.55464172400002,-24.009595870297964],[131.55456543000003,-24.009754180297985],[131.554534912,-24.009958266297982],[131.55456543000003,-24.01015472329799],[131.5546569820001,-24.010328292297963],[131.55497741700003,-24.01080131429799],[131.55517578100012,-24.011035918297946],[131.555435181,-24.011245727297954],[131.55569458000002,-24.011419295297937],[131.55603027300003,-24.011564254297948],[131.5566864010001,-24.011800765297966],[131.55677795400004,-24.012006759297954],[131.56263732900004,-24.013967513297892],[131.57986450200008,-24.01946830629778],[131.58073425300006,-24.019729613297788],[131.58842468300008,-24.02228164629771],[131.5885314940001,-24.022314071297743],[131.5887603760001,-24.02235031029773],[131.58895874000007,-24.02244377029769],[131.5896606450001,-24.022665023297698],[131.59327697800006,-24.0237503042977],[131.60124206500006,-24.026241301297638],[131.60615539600008,-24.02772712629757],[131.6173400880001,-24.03136444029751],[131.6183166500001,-24.03164672829749],[131.61946106000005,-24.031957625297498],[131.62191772500012,-24.032543181297516],[131.6225585940001,-24.032760619297513],[131.62295532200005,-24.032949447297476],[131.623458862,-24.033245086297473],[131.62393188500005,-24.033538817297476],[131.62438964800003,-24.03385734529745],[131.62506103500004,-24.03442001229743],[131.62638855000012,-24.03560066129745],[131.62942504900002,-24.037839889297352],[131.63217163100012,-24.039972304297304],[131.6364593510001,-24.043210982297246],[131.6408538820001,-24.046466826297195],[131.64158630400004,-24.046508788297196],[131.64163208000002,-24.04654312029718],[131.64195251500007,-24.0461997982972]]},"properties":{"id":"ga:pipe0:130","layer":"pipelines_oil","name":"Mereenie Eastern Satellite Station to PS1 Trunklin","subtype":"Oil pipeline","status":"fully capable of operation.","country":"AU","state":"Northern Territory","source":"Geoscience Australia","source_url":"https://digital.atlas.gov.au/datasets/digitalatlas::gas-pipelines/about","license":"CC BY 4.0","length_km":0.10787837,"spatial_confidence":"0"}},{"type":"Feature","geometry":{"type":"LineString","coordinates":[[131.55632019000006,-23.999332427298206],[131.55860900900007,-23.994979857298336],[131.54385376000005,-23.97294235129882],[131.6037445070001,-23.74320411630389],[131.61103820800008,-23.727712630304257],[131.6230468750001,-23.710979461304614],[131.63430786100002,-23.70003128030485],[131.6392364500001,-23.696664809304927],[131.64292907700008,-23.69598960830497],[131.78717041000004,-23.704341887304754],[131.79324340800008,-23.70528793230475],[131.81166076700003,-23.711063384304584],[131.8185119630001,-23.714004516304563],[131.8236236570001,-23.714813231304557],[131.8828582760001,-23.73332405030411],[131.885177612,-23.734073638304118],[131.889419556,-23.735118865304063],[131.89421081500006,-23.736867904304024],[131.99179077100007,-23.767347335303352],[132.25396728500004,-23.835605620301838],[132.269866943,-23.84040069530174],[132.29689025900007,-23.847826003301563],[132.38610839800003,-23.86842918330115],[132.39503479000007,-23.873001098301028],[132.4936523440001,-23.89533233530054],[132.49528503400006,-23.896274566300516],[132.49739074700005,-23.896793364300482],[132.49971008300008,-23.896724700300524],[132.5155944820001,-23.900377273300393],[132.71719360400004,-23.926830291299844],[132.7249145510001,-23.932775496299698],[132.72984314000007,-23.93595313929965],[132.73498535200008,-23.938554763299553],[132.750335693,-23.945133208299413],[132.75686645500002,-23.948085784299327],[132.76158142100007,-23.949966430299312],[132.76699829100005,-23.952661513299244],[132.77200317400002,-23.954257964299217],[132.77442932100007,-23.953571319299254],[132.77931213400007,-23.95042228629933],[133.16258239700005,-23.968101500298932],[133.20367431600005,-23.971801757298845],[133.50125122100008,-23.95677757229917],[133.65539550800008,-23.91511726330008],[133.6940002440001,-23.889316558300646],[133.71726989700005,-23.873805999300988],[133.76744079600007,-23.86552429130119],[133.818466187,-23.857082366301395],[133.82002258300008,-23.858573913301353],[133.82109069800003,-23.859928130301306],[133.8220825200001,-23.861381530301266],[133.82345581100003,-23.864542006301203],[133.823989868,-23.86634635830118],[133.8243713380001,-23.86850547730113],[133.82540893600003,-23.87680816630095],[133.8262176510001,-23.883008956300795],[133.83506774900002,-23.881988524300787]]},"properties":{"id":"ga:pipe0:131","layer":"pipelines_oil","name":"Mereenie to Alice Springs","subtype":"Oil pipeline","status":"fully capable of operation.","country":"AU","state":"Northern Territory","source":"Geoscience Australia","source_url":"https://digital.atlas.gov.au/datasets/digitalatlas::gas-pipelines/about","license":"CC BY 4.0","length_km":2.6011923300000004,"spatial_confidence":"0"}},{"type":"Feature","geometry":{"type":"LineString","coordinates":[[140.18493652300003,-27.727684020222288],[140.1860046390001,-27.729206084222234],[140.18640136700003,-27.730398177222256],[140.18681335400004,-27.732595443222213],[140.1869812010001,-27.73381233122218],[140.1873931880001,-27.739419936222095],[140.1873168950001,-27.740919112222045],[140.18696594200003,-27.742012023222024],[140.18685913100012,-27.742631911222034],[140.1868286130001,-27.744701384221937],[140.18664550800008,-27.745138167221988],[140.18586731000005,-27.745779036221972],[140.185882568,-27.746532439221934]]},"properties":{"id":"ga:pipe0:132","layer":"pipelines_oil","name":"Merrimelia 30 Flowline","subtype":"Oil pipeline","status":"fully capable of operation.","country":"AU","state":"South Australia","source":"Geoscience Australia","source_url":"https://digital.atlas.gov.au/datasets/digitalatlas::gas-pipelines/about","license":"CC BY 4.0","length_km":0.019785510000000003,"spatial_confidence":"0"}},{"type":"Feature","geometry":{"type":"LineString","coordinates":[[140.18576049800004,-27.746520995221953],[140.18568420400004,-27.745275496221975],[140.18429565400004,-27.743373870222],[140.1831512450001,-27.74294662422199],[140.18234252900004,-27.74298095622198],[140.18211364700005,-27.742872237222013],[140.1816101070001,-27.740520476222052],[140.1813812260001,-27.740255355222075],[140.18103027300003,-27.740159987222057],[140.17883300800008,-27.74022293022205],[140.1786041260001,-27.740161895222062],[140.17843627900004,-27.74003028822205],[140.17779541000004,-27.739225387222078],[140.17749023400006,-27.739015578222077],[140.1771392820001,-27.73891448922208],[140.1758575440001,-27.73891448922208],[140.1754150390001,-27.738536834222067],[140.17515564000007,-27.737833022222098],[140.17515564000007,-27.737497329222084],[140.17523193400007,-27.737405776222083]]},"properties":{"id":"ga:pipe0:133","layer":"pipelines_oil","name":"Merrimelia 35 Flowline","subtype":"Oil pipeline","status":"fully capable of operation.","country":"AU","state":"South Australia","source":"Geoscience Australia","source_url":"https://digital.atlas.gov.au/datasets/digitalatlas::gas-pipelines/about","license":"CC BY 4.0","length_km":0.016487070000000003,"spatial_confidence":"0"}},{"type":"Feature","geometry":{"type":"LineString","coordinates":[[140.15869140600012,-27.746105193221933],[140.1597442630001,-27.746042251221937],[140.16104126000005,-27.746265410221955],[140.16506958000002,-27.746330260221953],[140.16975402800006,-27.74680519022194],[140.17173767100007,-27.746881484221937],[140.17436218300008,-27.746912002221954],[140.18312072800006,-27.74607086122195],[140.183929443,-27.74604797322195],[140.18481445300006,-27.74614906222196],[140.18550109900002,-27.746513366221965]]},"properties":{"id":"ga:pipe0:134","layer":"pipelines_oil","name":"Merrimelia 43 Flowline","subtype":"Oil pipeline","status":"fully capable of operation.","country":"AU","state":"South Australia","source":"Geoscience Australia","source_url":"https://digital.atlas.gov.au/datasets/digitalatlas::gas-pipelines/about","license":"CC BY 4.0","length_km":0.02699384,"spatial_confidence":"0"}},{"type":"Feature","geometry":{"type":"LineString","coordinates":[[140.15908813500005,-27.744234084221986],[140.1591033940001,-27.744180678221973],[140.15893554700006,-27.744144439221994],[140.1589965820001,-27.743934630221975],[140.15838623000002,-27.743791579221966],[140.15808105500003,-27.74499893122195],[140.15814209000007,-27.746116637221927],[140.15869140600012,-27.746082305221933]]},"properties":{"id":"ga:pipe0:135","layer":"pipelines_oil","name":"Merrimelia 44 Flowline","subtype":"Oil pipeline","status":"fully capable of operation.","country":"AU","state":"South Australia","source":"Geoscience Australia","source_url":"https://digital.atlas.gov.au/datasets/digitalatlas::gas-pipelines/about","license":"CC BY 4.0","length_km":0.00398774,"spatial_confidence":"0"}},{"type":"Feature","geometry":{"type":"LineString","coordinates":[[140.17765808100012,-27.73896980222209],[140.17797851600005,-27.73945426822208],[140.17861938500005,-27.740140914222085],[140.17883300800008,-27.740200042222064],[140.18101501500007,-27.74014282122204],[140.18139648400006,-27.740243911222088],[140.18162536600005,-27.74051284722208],[140.18214416500007,-27.742872237222013],[140.18234252900004,-27.74296379022201],[140.1831512450001,-27.74292945822204],[140.18429565400004,-27.743356704221974],[140.18572998000002,-27.745275496221982],[140.1857757570001,-27.74652671722191]]},"properties":{"id":"ga:pipe0:136","layer":"pipelines_oil","name":"Merrimelia 6 Flowline","subtype":"Oil pipeline","status":"fully capable of operation.","country":"AU","state":"South Australia","source":"Geoscience Australia","source_url":"https://digital.atlas.gov.au/datasets/digitalatlas::gas-pipelines/about","license":"CC BY 4.0","length_km":0.01298522,"spatial_confidence":"0"}},{"type":"Feature","geometry":{"type":"LineString","coordinates":[[140.15705871600005,-27.754859923221783],[140.15838623000002,-27.754859923221783],[140.15895080600012,-27.754714965221776],[140.161392212,-27.7530822742218],[140.16265869100005,-27.75244712722185],[140.163269043,-27.751756667221812],[140.1636199950001,-27.75150299022182],[140.16479492200006,-27.75096511722186],[140.16723632800006,-27.75032806322188],[140.17074585000012,-27.7487659442219],[140.17132568400007,-27.748275756221886],[140.17207336400008,-27.746898650221954]]},"properties":{"id":"ga:pipe0:137","layer":"pipelines_oil","name":"Merrimelia 67 Flowline","subtype":"Oil pipeline","status":"fully capable of operation.","country":"AU","state":"South Australia","source":"Geoscience Australia","source_url":"https://digital.atlas.gov.au/datasets/digitalatlas::gas-pipelines/about","license":"CC BY 4.0","length_km":0.01760192,"spatial_confidence":"0"}},{"type":"Feature","geometry":{"type":"LineString","coordinates":[[124.50170135500002,-17.622379302454885],[124.46731567400003,-17.681091308453315],[124.3700103760001,-17.846250533448917]]},"properties":{"id":"ga:pipe0:138","layer":"pipelines_oil","name":"Blina to Great Northern Highway","subtype":"Oil pipeline","status":"fully capable of operation.","country":"AU","state":"Western Australia","source":"Geoscience Australia","source_url":"https://digital.atlas.gov.au/datasets/digitalatlas::gas-pipelines/about","license":"CC BY 4.0","length_km":0.25973241999999996,"spatial_confidence":"0"}},{"type":"Feature","geometry":{"type":"LineString","coordinates":[[140.1849517820001,-27.74752998322195],[140.18498230000012,-27.748073577221895],[140.1856231690001,-27.749717711221876],[140.18640136700003,-27.750881194221876],[140.18728637700008,-27.75326919522182],[140.18693542500012,-27.75580978322176],[140.1839752200001,-27.757947921221742],[140.1292114260001,-27.770969390221463],[140.1255645750001,-27.77231597822142],[140.12467956500006,-27.772441863221477]]},"properties":{"id":"ga:pipe0:139","layer":"pipelines_oil","name":"Merrimelia Field Spineline","subtype":"Oil pipeline","status":"fully capable of operation.","country":"AU","state":"South Australia","source":"Geoscience Australia","source_url":"https://digital.atlas.gov.au/datasets/digitalatlas::gas-pipelines/about","license":"CC BY 4.0","length_km":0.07354393000000001,"spatial_confidence":"0"}},{"type":"Feature","geometry":{"type":"MultiLineString","coordinates":[[[143.375335693,-26.82498550323954],[143.37603759800004,-26.825073241239533],[143.3767700200001,-26.825412749239486],[143.37760925300006,-26.825471877239522],[143.38561398000002,-26.82538817823951]],[[143.38561398000002,-26.82538817823951],[143.3856353760001,-26.82538795423949],[143.3856658940001,-26.82538795423949],[143.3853302000001,-26.827438353239472],[143.38534545900006,-26.82794570823944],[143.38534545900006,-26.82807731523946],[143.38537597700008,-26.82812309223943],[143.38558960000012,-26.82862472423943],[143.38562011700003,-26.828666686239437],[143.38601684600008,-26.829236983239447],[143.38716125500002,-26.830850600239394]]]},"properties":{"id":"ga:pipe0:140","layer":"pipelines_oil","name":"Minni Richi 1 Flowline","subtype":"Oil pipeline","status":"fully capable of operation.","country":"AU","state":"Queensland","source":"Geoscience Australia","source_url":"https://digital.atlas.gov.au/datasets/digitalatlas::gas-pipelines/about","license":"CC BY 4.0","length_km":0.01645502,"spatial_confidence":"0"}},{"type":"Feature","geometry":{"type":"MultiLineString","coordinates":[[[141.95813779000002,-28.051690147216313],[141.96107482900004,-28.04828262221638],[141.96115112300004,-28.048027038216397],[141.96112060500002,-28.046203612216367],[141.96122741700003,-28.04590225121641],[141.9659729000001,-28.04237747121647],[141.966003418,-28.04197120621648]],[[141.9523010250001,-28.058006286216184],[141.95288085900006,-28.05859184221615],[141.95478820800008,-28.057090758216184],[141.9558715820001,-28.054319381216253],[141.95813779000002,-28.051690147216313]]]},"properties":{"id":"ga:pipe0:141","layer":"pipelines_oil","name":"Minos 1 Flowline","subtype":"Oil pipeline","status":"fully capable of operation.","country":"AU","state":"Queensland","source":"Geoscience Australia","source_url":"https://digital.atlas.gov.au/datasets/digitalatlas::gas-pipelines/about","license":"CC BY 4.0","length_km":0.02292543,"spatial_confidence":"0"}},{"type":"Feature","geometry":{"type":"MultiLineString","coordinates":[[[141.95813779000002,-28.051690147216313],[141.95837402300003,-28.051605224216292],[141.9584655760001,-28.05155563321629],[141.95855712900004,-28.05149841221628],[141.95870971700003,-28.051383971216293],[141.95878601100003,-28.05130577021628],[141.95886230500003,-28.051193236216303],[141.9590301510001,-28.050865172216334],[141.95912170400004,-28.050748824216328],[141.96102905300006,-28.048519134216342],[141.9610900880001,-28.048431395216365],[141.96115112300004,-28.04833793521635],[141.96119689900002,-28.048238753216356],[141.96122741700003,-28.048137664216362],[141.9612426760001,-28.04806899921635],[141.96125793500005,-28.047927855216358],[141.9612426760001,-28.04661750721638],[141.9612426760001,-28.046482085216407],[141.961273193,-28.046346663216383],[141.9613189700001,-28.04621696421637],[141.96136474600007,-28.04612350421642],[141.96145629900002,-28.046009063216413],[141.96154785200008,-28.045904159216416],[141.96166992200006,-28.04581069821642],[141.96380615200007,-28.04440307521645],[141.9643249510001,-28.044000625216444],[141.96437072800006,-28.04395103421645],[141.96476745600012,-28.04349517721644],[141.9648437500001,-28.043420791216445],[141.96493530300006,-28.04335403321644],[141.96502685500002,-28.04329490621646],[141.9656372070001,-28.042949676216477],[141.96575927700007,-28.04286766021646],[141.96583557100007,-28.042795180216476],[141.96591186500007,-28.04271697921647],[141.96601867700008,-28.042572020216465],[141.96609497100008,-28.042413711216444],[141.96611022900004,-28.042346953216487],[141.96614074700005,-28.042219161216494]],[[141.95126342800006,-28.05601692121623],[141.95225524900002,-28.05609893721619],[141.9524536130001,-28.05609893721619],[141.95256042500012,-28.056085586216184],[141.9527130130001,-28.05605125321622],[141.9528656010001,-28.055995940216196],[141.95300293000003,-28.05592536821623],[141.9530944820001,-28.055862426216233],[141.9532012940001,-28.055765151216207],[141.95422363300008,-28.05467414821622],[141.9545898440001,-28.05412292421625],[141.95584106400008,-28.052665709216253],[141.95591735800008,-28.052589416216307],[141.95599365200007,-28.052518844216273],[141.95614624000007,-28.05241966121631],[141.9562835690001,-28.052356719216306],[141.95813779000002,-28.051690147216313]]]},"properties":{"id":"ga:pipe0:142","layer":"pipelines_oil","name":"Minos 2 Flowline","subtype":"Oil pipeline","status":"fully capable of operation.","country":"AU","state":"Queensland","source":"Geoscience Australia","source_url":"https://digital.atlas.gov.au/datasets/digitalatlas::gas-pipelines/about","license":"CC BY 4.0","length_km":0.02171804,"spatial_confidence":"0"}},{"type":"Feature","geometry":{"type":"LineString","coordinates":[[141.27920532200005,-28.329006194211267],[141.28141784700006,-28.328750609211234],[141.30824279800004,-28.32893180721123],[141.3103637700001,-28.329284667211237],[141.31282043500005,-28.33055877621123],[141.3348541260001,-28.334947585211133],[141.35835266100003,-28.33751678421108],[141.3771820070001,-28.34026145821106],[141.38218689000007,-28.341524123210995]]},"properties":{"id":"ga:pipe0:143","layer":"pipelines_oil","name":"Mooliampah to Tickalara","subtype":"Oil pipeline","status":"fully capable of operation.","country":"AU","state":"Queensland","source":"Geoscience Australia","source_url":"https://digital.atlas.gov.au/datasets/digitalatlas::gas-pipelines/about","license":"CC BY 4.0","length_km":0.10426548000000001,"spatial_confidence":"0"}},{"type":"Feature","geometry":{"type":"LineString","coordinates":[[140.1633911130001,-28.144519805214586],[140.16340637200005,-28.14426612821461],[140.16343689000007,-28.144067763214593],[140.16349792500012,-28.143804549214625],[140.16352844200003,-28.143659591214607],[140.1635437010001,-28.143371581214588],[140.16351318400007,-28.14307022021462],[140.16348266600005,-28.14289474421465],[140.16345214800003,-28.14278793221464],[140.16342163100012,-28.142690658214644],[140.163345337,-28.142564773214612],[140.16319274900002,-28.142358779214618],[140.16316223100011,-28.142311095214637],[140.16307067900004,-28.14223098721463],[140.1625671390001,-28.141897201214626],[140.16229248000002,-28.141746520214646],[140.16165161100002,-28.141433715214625],[140.16130065900006,-28.141300200214676],[140.1608734130001,-28.141111373214642],[140.16075134300002,-28.141046523214634],[140.1606140140001,-28.140958785214647],[140.160003662,-28.140499114214677],[140.15969848600002,-28.140275954214662],[140.15879821800002,-28.139556884214656],[140.15841674800004,-28.1393051142147],[140.15728759800004,-28.138534545214707],[140.1567077640001,-28.138113021214735],[140.15620422400002,-28.13772964421475],[140.15585327100007,-28.13748359621475],[140.154968262,-28.13697624121473],[140.15356445300006,-28.136251449214768],[140.1533660890001,-28.136156081214747],[140.15330505400004,-28.13612365621473],[140.15309143100012,-28.135967254214762],[140.1523895260001,-28.135477065214765],[140.15187072800006,-28.135076522214767],[140.1515197750001,-28.13480377121475],[140.15115356400008,-28.13456726021479],[140.15071106000005,-28.134166717214804],[140.150161743,-28.133644103214827],[140.14988708500005,-28.133419036214804],[140.1497955320001,-28.133346557214814],[140.14973449700005,-28.133298873214777],[140.14958190900006,-28.13313484121479],[140.14939880400004,-28.13296318021483],[140.14884948700012,-28.13249206421481],[140.1481018070001,-28.13180923421481],[140.14787292500012,-28.131599425214862],[140.14718627900004,-28.130964278214844],[140.14706420900006,-28.13083267121483],[140.14674377400002,-28.130594253214863],[140.1466369630001,-28.130500792214846],[140.1463775630001,-28.130199431214884],[140.1460723880001,-28.129877089214894],[140.14582824700005,-28.12965583721488],[140.14515686000004,-28.12905883721486],[140.14489746100003,-28.128820418214897],[140.1445007320001,-28.128433227214902],[140.14433288600003,-28.128364562214887],[140.14392089800003,-28.12823295521492],[140.142913818,-28.127935409214913],[140.14225769000006,-28.127672194214895],[140.14202880900007,-28.12752151421491],[140.14158630400004,-28.127204894214934],[140.14089965800008,-28.126718520214908],[140.14009094200003,-28.12614440821493],[140.13922119100005,-28.12553977921493],[140.13909912100007,-28.12545776321496],[140.13903808600003,-28.12539100521497],[140.13896179200003,-28.12526702821493],[140.13883972200006,-28.125047683214977],[140.13862609900002,-28.12469863821498],[140.13786315900006,-28.12317657421498],[140.13772583000002,-28.122848510215015],[140.1376647950001,-28.122734069215014],[140.137390137,-28.122375487214978],[140.1371002200001,-28.121915816215004],[140.1368713380001,-28.121580123214994],[140.13673400900007,-28.121377944215016],[140.13655090300006,-28.121160506215027],[140.13606262200005,-28.120630263215016],[140.13587951700003,-28.120424270215015],[140.13575744600007,-28.12031745821506],[140.13557434100005,-28.12019348021503],[140.135437012,-28.12008666921507],[140.13525390600012,-28.11990356321506],[140.13504028300008,-28.11969566221506],[140.13485717800006,-28.11945533721507],[140.13478088400007,-28.11927986021505],[140.1347351070001,-28.119140624215046],[140.13470459000007,-28.118904113215088],[140.134613037,-28.117534636215098],[140.13462829600007,-28.117242812215107],[140.1345825200001,-28.116523742215122],[140.13455200200008,-28.11599922121513],[140.13452148400006,-28.115625380215143],[140.13444519000006,-28.115192412215116],[140.13433837900004,-28.114713668215156],[140.13429260300006,-28.11421012821516],[140.13426208500005,-28.113807677215142],[140.1342468260001,-28.113662719215192],[140.1343231200001,-28.113080977215187],[140.13441467300004,-28.11253738321518],[140.13441467300004,-28.112535476215175],[140.13441467300004,-28.112522124215158]]},"properties":{"id":"ga:pipe0:144","layer":"pipelines_oil","name":"Moomba 102 Flowline","subtype":"Oil pipeline","status":"fully capable of operation.","country":"AU","state":"South Australia","source":"Geoscience Australia","source_url":"https://digital.atlas.gov.au/datasets/digitalatlas::gas-pipelines/about","license":"CC BY 4.0","length_km":0.04636929,"spatial_confidence":"0"}},{"type":"Feature","geometry":{"type":"MultiLineString","coordinates":[[[140.18789672900004,-28.166894912214207],[140.18237304700006,-28.162755965214274],[140.1797332760001,-28.160680770214274],[140.17500305200008,-28.156740188214364],[140.1694030760001,-28.151556014214485],[140.16810607900004,-28.15055274921451],[140.16505432100007,-28.148355483214555],[140.16445922900004,-28.14732170021454],[140.1643676760001,-28.14706802321457],[140.16423034700006,-28.145956038214553],[140.16363525400004,-28.144874572214622],[140.16368103000002,-28.14460754321458],[140.16343689000007,-28.144588469214618],[140.16345214800003,-28.144536971214606]],[[140.18916296200007,-28.16778269121416],[140.18890380900007,-28.167650222214185],[140.18789672900004,-28.166894912214207]],[[140.20477294900002,-28.167627334214195],[140.2047579130001,-28.16763974321415]],[[140.2047579130001,-28.16763974321415],[140.2035064700001,-28.168672561214184],[140.20201110800008,-28.16979598921414],[140.20176696800002,-28.169940947214144],[140.2014007570001,-28.16999435321416],[140.20074462900004,-28.169918059214112],[140.1988830570001,-28.169174193214133],[140.19830322300004,-28.169042586214182],[140.19087219200003,-28.168199538214154],[140.19084167500012,-28.168336867214187],[140.19085693400007,-28.16818046521418],[140.1897583010001,-28.16808700521417],[140.18916296200007,-28.16778269121416]]]},"properties":{"id":"ga:pipe0:145","layer":"pipelines_oil","name":"Moomba 104 Flowline","subtype":"Oil pipeline","status":"fully capable of operation.","country":"AU","state":"South Australia","source":"Geoscience Australia","source_url":"https://digital.atlas.gov.au/datasets/digitalatlas::gas-pipelines/about","license":"CC BY 4.0","length_km":0.05235887,"spatial_confidence":"0"}},{"type":"Feature","geometry":{"type":"MultiLineString","coordinates":[[[140.20477294900002,-28.167631148214152],[140.20477294900002,-28.168077468214182],[140.209091187,-28.168115615214177],[140.2110595700001,-28.168323516214187],[140.21553039600008,-28.169048308214144],[140.22016906700003,-28.17419052021407],[140.22119140600012,-28.175008773214028],[140.22230529800004,-28.175716399214014]],[[140.22230529800004,-28.175716399214014],[140.2225494380001,-28.17589378321405],[140.22291564900002,-28.176164626214003],[140.22407531700003,-28.179416655213952],[140.22425842300004,-28.179767608213957],[140.22459411600005,-28.180046081213938]]]},"properties":{"id":"ga:pipe0:146","layer":"pipelines_oil","name":"Moomba 119DW Flowline","subtype":"Oil pipeline","status":"fully capable of operation.","country":"AU","state":"South Australia","source":"Geoscience Australia","source_url":"https://digital.atlas.gov.au/datasets/digitalatlas::gas-pipelines/about","license":"CC BY 4.0","length_km":0.02586955,"spatial_confidence":"0"}},{"type":"Feature","geometry":{"type":"LineString","coordinates":[[140.2082366940001,-28.215282439213304],[140.20751953100012,-28.215543746213307],[140.20716857900004,-28.215419768213284],[140.2070007320001,-28.215187072213332],[140.20706176800002,-28.214456557213307],[140.2078247070001,-28.209335326213438],[140.20806884800004,-28.20798492321344],[140.20869445800008,-28.20530509821346],[140.20899963400007,-28.20342636021354],[140.20901489300002,-28.197715758213622],[140.20840454100005,-28.191537856213746],[140.2085418700001,-28.18928909221378],[140.20892334000007,-28.186458587213817],[140.2089843750001,-28.185504912213826],[140.2088012700001,-28.183567046213867],[140.20829772900004,-28.180351256213967],[140.20814514200003,-28.178543090213967],[140.20878601100003,-28.17238426121412],[140.20886230500003,-28.17125129621413],[140.20881652800006,-28.169883727214128],[140.20863342300004,-28.16900253221416],[140.2082366940001,-28.16847038221415],[140.20762634300002,-28.168172835214147],[140.20472717300004,-28.16812705921417],[140.20475769000006,-28.167640685214185]]},"properties":{"id":"ga:pipe0:147","layer":"pipelines_oil","name":"Moomba 136 Flowline","subtype":"Oil pipeline","status":"fully capable of operation.","country":"AU","state":"South Australia","source":"Geoscience Australia","source_url":"https://digital.atlas.gov.au/datasets/digitalatlas::gas-pipelines/about","license":"CC BY 4.0","length_km":0.0526857,"spatial_confidence":"0"}},{"type":"Feature","geometry":{"type":"MultiLineString","coordinates":[[[140.2047579130001,-28.16763974321415],[140.20475769000006,-28.167633056214154]],[[140.22230529800004,-28.175716399214014],[140.22119140600012,-28.175018310214067],[140.22016906700003,-28.174201964214056],[140.21553039600008,-28.169055938214175],[140.211044312,-28.16833114521416],[140.209091187,-28.168123244214165],[140.20477294900002,-28.16809081921419],[140.2047579130001,-28.16763974321415]],[[140.22505188000002,-28.181404113213937],[140.2246856690001,-28.18110656621395],[140.2245025630001,-28.180711745213912],[140.2244262700001,-28.179964065213962],[140.2242431640001,-28.17977523721394],[140.22407531700003,-28.179418563213943],[140.22291564900002,-28.176176070213995],[140.22230529800004,-28.175716399214014]]]},"properties":{"id":"ga:pipe0:148","layer":"pipelines_oil","name":"Moomba 148DW Flowline","subtype":"Oil pipeline","status":"fully capable of operation.","country":"AU","state":"South Australia","source":"Geoscience Australia","source_url":"https://digital.atlas.gov.au/datasets/digitalatlas::gas-pipelines/about","license":"CC BY 4.0","length_km":0.02735933,"spatial_confidence":"0"}},{"type":"Feature","geometry":{"type":"MultiLineString","coordinates":[[[142.26275634800004,-27.53106498622601],[142.26277160600011,-27.531068801225963],[142.26277160600011,-27.531091689226006],[142.26277160600011,-27.53112029922596],[142.26277160600011,-27.53114509522595],[142.2627410890001,-27.53116226122597],[142.26271057100007,-27.531177520225977],[142.26263427700007,-27.531194686226],[142.26254272500012,-27.53121185222597],[142.2624359130001,-27.531225203225965],[142.26237487800006,-27.531223296225956],[142.26232910200008,-27.531215667225975],[142.26220703100012,-27.531190871225988],[142.26206970200008,-27.531167983226],[142.26193237300004,-27.53114509522595],[142.26177978500004,-27.53111267022599],[142.26164245600012,-27.53107070822598],[142.26158142100007,-27.531063079225984],[142.26150512700008,-27.531059264225977],[142.26142883300008,-27.531066894226004],[142.2613525390001,-27.53108406022597],[142.26129150400004,-27.531108855225963],[142.2612304690001,-27.531141280226002],[142.26116943400007,-27.531181334225945],[142.2611236570001,-27.53122901822598],[142.26109314000007,-27.531274795225944],[142.26106262200005,-27.53132629322596],[142.26101684600008,-27.53143501222598],[142.26095581100003,-27.531555175226003],[142.26091003400006,-27.531675338225952],[142.26086425800008,-27.531862258225974],[142.26084899900002,-27.53204154922597],[142.26084899900002,-27.53210830622594],[142.26086425800008,-27.532175063225942],[142.260925293,-27.532306670225953],[142.2609710690001,-27.532379149225935],[142.26103210400004,-27.53244209222592],[142.26106262200005,-27.532493590225926],[142.2610760350001,-27.53253382922597]],[[142.2610760350001,-27.53253382922597],[142.26107788100012,-27.53253936722595]]]},"properties":{"id":"ga:pipe0:149","layer":"pipelines_oil","name":"Bogala 2 Flowline","subtype":"Oil pipeline","status":"fully capable of operation.","country":"AU","state":"Queensland","source":"Geoscience Australia","source_url":"https://digital.atlas.gov.au/datasets/digitalatlas::gas-pipelines/about","license":"CC BY 4.0","length_km":0.0032475,"spatial_confidence":"0"}},{"type":"Feature","geometry":{"type":"MultiLineString","coordinates":[[[140.1343994140001,-28.112516402215192],[140.1342773440001,-28.113237380215196],[140.13414001500007,-28.113378524215197],[140.1340571290001,-28.11339862221518]],[[140.1340571290001,-28.11339862221518],[140.13084411600005,-28.114177703215127],[140.13078142000006,-28.114206139215163]],[[140.13078142000006,-28.114206139215163],[140.12858581500006,-28.115201949215145],[140.12763977100008,-28.115415572215124],[140.1264343260001,-28.11548805121511],[140.1256408690001,-28.115957259215126],[140.12565612800006,-28.116010665215132]]]},"properties":{"id":"ga:pipe0:150","layer":"pipelines_oil","name":"Moomba 94 Flowline","subtype":"Oil pipeline","status":"fully capable of operation.","country":"AU","state":"South Australia","source":"Geoscience Australia","source_url":"https://digital.atlas.gov.au/datasets/digitalatlas::gas-pipelines/about","license":"CC BY 4.0","length_km":0.00995413,"spatial_confidence":"0"}},{"type":"Feature","geometry":{"type":"MultiLineString","coordinates":[[[140.1340571290001,-28.11339862221518],[140.13426208500005,-28.11319732621517],[140.13438415500002,-28.112514495215187]],[[140.13078142000006,-28.114206139215163],[140.134048462,-28.11340713421515],[140.1340571290001,-28.11339862221518]],[[140.12834167500012,-28.114370345215118],[140.12825012200005,-28.114381789215177],[140.1284942630001,-28.11465454021513],[140.12878418000003,-28.11469459421513],[140.13078142000006,-28.114206139215163]]]},"properties":{"id":"ga:pipe0:151","layer":"pipelines_oil","name":"Moomba 97 Flowline","subtype":"Oil pipeline","status":"fully capable of operation.","country":"AU","state":"South Australia","source":"Geoscience Australia","source_url":"https://digital.atlas.gov.au/datasets/digitalatlas::gas-pipelines/about","license":"CC BY 4.0","length_km":0.007163500000000001,"spatial_confidence":"0"}},{"type":"Feature","geometry":{"type":"MultiLineString","coordinates":[[[140.19155505600008,-28.160052336214328],[140.19119262700008,-28.16001892021432],[140.18969726600005,-28.159755706214295],[140.18969726600005,-28.15965843121433]],[[140.20613098100011,-28.165884017214186],[140.2059478760001,-28.165880202214222],[140.2059783940001,-28.164968490214232],[140.20370483400006,-28.163364409214225],[140.19804382300003,-28.161069869214288],[140.19642639200003,-28.16050147921429],[140.19155505600008,-28.160052336214328]]]},"properties":{"id":"ga:pipe0:152","layer":"pipelines_oil","name":"Moomba South to Wancoocha Tie-in Trunkline","subtype":"Oil pipeline","status":"fully capable of operation.","country":"AU","state":"South Australia","source":"Geoscience Australia","source_url":"https://digital.atlas.gov.au/datasets/digitalatlas::gas-pipelines/about","license":"CC BY 4.0","length_km":0.018572180000000004,"spatial_confidence":"0"}},{"type":"Feature","geometry":{"type":"LineString","coordinates":[[140.1484069820001,-28.08252143821572],[140.146255493,-28.085824965215675],[140.13899231000005,-28.09625816221549],[140.13581848100011,-28.10658645521528],[140.13504028300008,-28.110141753215267],[140.13462829600007,-28.112483977215167],[140.13447570800008,-28.112524032215166]]},"properties":{"id":"ga:pipe0:153","layer":"pipelines_oil","name":"Moomba to Gidgealpa Tie-in Trunkline","subtype":"Oil pipeline","status":"fully capable of operation.","country":"AU","state":"South Australia","source":"Geoscience Australia","source_url":"https://digital.atlas.gov.au/datasets/digitalatlas::gas-pipelines/about","license":"CC BY 4.0","length_km":0.033635120000000004,"spatial_confidence":"0"}},{"type":"Feature","geometry":{"type":"MultiLineString","coordinates":[[[140.20559692400002,-28.11576652421513],[140.20552063000002,-28.116014480215146],[140.205413818,-28.11629486021513],[140.205413818,-28.116298675215088],[140.20533752400002,-28.116537093215122],[140.20527648900008,-28.116720199215116],[140.20527648900008,-28.116743087215117],[140.20521545400004,-28.116941451215087],[140.2051239010001,-28.117225646215086],[140.20498657200005,-28.117630004215105],[140.2049713130001,-28.117664336215086],[140.204849243,-28.118015288215105],[140.2045898440001,-28.11880683821505],[140.20446777300003,-28.119163512215046],[140.2041473390001,-28.120138167215078],[140.20393371600005,-28.120752334215044],[140.2036895750001,-28.121488570215],[140.2036895750001,-28.121492385215],[140.2035827640001,-28.121767043215026],[140.20349121100003,-28.12204360921499],[140.2018890380001,-28.126802443214928],[140.20172119100005,-28.127311706214897],[140.20170593300008,-28.127342223214914],[140.2016296390001,-28.127492904214893],[140.20161438000002,-28.127588271214922],[140.20089721700003,-28.12989425621484],[140.20040893600003,-28.131526946214812],[140.1993713380001,-28.13485336221476],[140.19801330600012,-28.139215468214704],[140.19773864700005,-28.14011955221471],[140.19720459000007,-28.141828536214675],[140.19683837900004,-28.142993926214626],[140.19662475600012,-28.143650054214625],[140.19628906200012,-28.1448326102146],[140.1962585450001,-28.144924163214608],[140.19622802700007,-28.144990920214568],[140.19534301800002,-28.147853850214563],[140.1946411130001,-28.150148391214493],[140.194595337,-28.150253295214494],[140.1933593750001,-28.15428733721443],[140.19334411600005,-28.154304503214444],[140.1933288570001,-28.154335021214386],[140.19300842300004,-28.15538787721438],[140.1929473880001,-28.155557631214396],[140.1923065190001,-28.157615661214354],[140.19184875500002,-28.159164428214318],[140.19161987300004,-28.159875869214314],[140.1915588380001,-28.16003990121429],[140.19155505600008,-28.160052336214328]],[[140.19155505600008,-28.160052336214328],[140.19085693400007,-28.162347793214284],[140.1906585690001,-28.16294479321426],[140.190612793,-28.16309738121423],[140.190612793,-28.163099288214255],[140.1903228760001,-28.164039611214243],[140.19030761700003,-28.16408920221423],[140.19029235800008,-28.164134978214257],[140.1891937260001,-28.16769790521416],[140.18916320800008,-28.16778182921418],[140.18916296200007,-28.16778269121416]],[[140.18916296200007,-28.16778269121416],[140.1891174320001,-28.167942046214158],[140.18876647900004,-28.169042586214182],[140.18875122100008,-28.169113158214138],[140.188735962,-28.169181823214153],[140.18809509300002,-28.171257018214096],[140.18807983400006,-28.171712874214123],[140.18807983400006,-28.174835204214066],[140.1880645750001,-28.175468444214065],[140.1880645750001,-28.175535201214007],[140.1880645750001,-28.175537108214023],[140.18807983400006,-28.17848396221398],[140.18807983400006,-28.179229735213973],[140.18803405800008,-28.202093123213526],[140.18803405800008,-28.203378676213507],[140.18804931600005,-28.205492019213487],[140.18800354000007,-28.21109008721337],[140.18789672900004,-28.217325210213254],[140.18789672900004,-28.218126296213264],[140.18786621100003,-28.22762489221311],[140.18751525900007,-28.23028373621306],[140.18711853000002,-28.232698440213003],[140.18617248500004,-28.238588332212863],[140.1856231690001,-28.241825103212804],[140.1856231690001,-28.24182891721282],[140.18516540500002,-28.2446632382128],[140.18478393600003,-28.246978759212713],[140.18444824200003,-28.249034881212673],[140.18365478500004,-28.253860473212615],[140.18365478500004,-28.253887176212622],[140.18264770500002,-28.255947112212546],[140.18103027300003,-28.259305953212507],[140.1792449950001,-28.262971877212465],[140.17675781200012,-28.268156051212326],[140.17622375500002,-28.26929092321234],[140.17491149900002,-28.271953582212284],[140.1727752690001,-28.27638626021222],[140.17091369600007,-28.280284881212104],[140.16972351100003,-28.282716750212074],[140.16856384300002,-28.285100936212064],[140.16854858400006,-28.285116195212012],[140.1670379640001,-28.28831672621196],[140.16676330600012,-28.28879547021198],[140.165222168,-28.292039870211887],[140.16285705600012,-28.29691696121184],[140.16273498500004,-28.297172545211826],[140.16262817400002,-28.29739570521184],[140.16230773900008,-28.2980575552118],[140.161956787,-28.2987670892118],[140.16189575200008,-28.2989234912118],[140.15673828100012,-28.30957984821158],[140.15608215300006,-28.31092262221157],[140.15605163600003,-28.310972213211567],[140.15217590300006,-28.323213576211323],[140.14962768600003,-28.33123016321122],[140.14689636200012,-28.339923858211044],[140.14617919900002,-28.34212112321102],[140.1458892820001,-28.343030929210983],[140.14376831100003,-28.34975814721089],[140.14326477100008,-28.35135650521084],[140.14309692400002,-28.351985930210823],[140.14068603500004,-28.36590766821059],[140.13955688500005,-28.372409820210475],[140.1395416260001,-28.372470855210455],[140.1395416260001,-28.37253951921048],[140.1390533450001,-28.37530136021043],[140.13865661600005,-28.37690162621038],[140.13859558100012,-28.37708663821039],[140.13810730000012,-28.37913131621036],[140.1378479000001,-28.380115508210316],[140.1367950440001,-28.384281157210268],[140.13430786100002,-28.394102096210094],[140.1307525630001,-28.408205031209814],[140.12748718300008,-28.421092986209587],[140.12713623000002,-28.422513961209592],[140.12469482400002,-28.43214225720938],[140.1246643070001,-28.432254790209363],[140.1246337890001,-28.432365416209393],[140.12356567400002,-28.436553954209323],[140.11997985800008,-28.45073509120904],[140.1167755130001,-28.463348388208843],[140.116470337,-28.464563369208804],[140.116394043,-28.464923858208802],[140.11314392100007,-28.47908592120856],[140.11280822800006,-28.480472564208522],[140.11282348600002,-28.480510711208517],[140.11228942900004,-28.482784270208484],[140.1111450200001,-28.48763084320841],[140.10986328100012,-28.493267058208275],[140.10656738300008,-28.507585525208032],[140.10617065400004,-28.509319304208017],[140.10308837900004,-28.522670745207773],[140.10002136200012,-28.536037444207548],[140.09671020500002,-28.550352096207295],[140.09597778300008,-28.553508758207222],[140.09579467800006,-28.554355620207208],[140.09561157200005,-28.55461883420716],[140.08955383300008,-28.563272475207036],[140.08302307100007,-28.57255172620688],[140.08247375500002,-28.57332038820685],[140.08093261700003,-28.57557487420684],[140.08024597200006,-28.576576232206822],[140.08024597200006,-28.576570510206786],[140.077896118,-28.57990646320677],[140.07574462900004,-28.589122771206565],[140.07464599600007,-28.59385108820648],[140.0723876950001,-28.603391646206337],[140.06829834000007,-28.616832732206092],[140.06814575200008,-28.61731529120607],[140.06391906700003,-28.631313323205834],[140.06240844700005,-28.63632774320575],[140.06202697800006,-28.637519835205733],[140.05964660600011,-28.64534950220559],[140.0584869380001,-28.649122237205507],[140.05569458000002,-28.658391952205374],[140.05546569800003,-28.659425734205314],[140.0523986820001,-28.67369651720506],[140.05070495600012,-28.681520461204958],[140.04994201700003,-28.685119628204845],[140.04927063000002,-28.688226699204826],[140.04824829100005,-28.692941665204753],[140.0482330320001,-28.693157195204737],[140.0477447510001,-28.694749831204707],[140.04748535200008,-28.695524215204703],[140.04722595200008,-28.696344375204678],[140.04565429700006,-28.701526641204595],[140.04536438000002,-28.70248985220457],[140.0449218750001,-28.70422553920457],[140.04470825200008,-28.70485687220456],[140.0445861820001,-28.705280303204482],[140.04457092300004,-28.70530700620448],[140.04385376000005,-28.70735549820449],[140.04238891600005,-28.71211433320442],[140.04190063500005,-28.713752746204364],[140.041122437,-28.716234206204323],[140.04061889600007,-28.71794891320431],[140.03892517100007,-28.723381041204217],[140.03785705600012,-28.726913451204144],[140.03784179700006,-28.72697830120413],[140.03753662100007,-28.7278861992041],[140.03675842300004,-28.730443953204066],[140.03671264600007,-28.730558394204067],[140.0366973880001,-28.73064804020405],[140.03648376500007,-28.731351851204018],[140.03648376500007,-28.731353759204026],[140.03622436500007,-28.736116408203994],[140.03591918900008,-28.741359710203902],[140.03570556600005,-28.74471473620384],[140.03564453100012,-28.74605560220378],[140.03543090800008,-28.74996185220373],[140.03498840300006,-28.757299422203584],[140.03425598100011,-28.770114898203378],[140.0339202880001,-28.775865554203246],[140.03321838400007,-28.788133620203016],[140.03244018600003,-28.801757812202794],[140.03239440900006,-28.802629470202774],[140.03205871600005,-28.8129482262026],[140.0320434570001,-28.812967299202626],[140.03201293900008,-28.813028335202603],[140.03201293900008,-28.813043593202625],[140.03201293900008,-28.813108443202612],[140.03198242200006,-28.813695907202582],[140.03198242200006,-28.813716887202574],[140.03198242200006,-28.813827514202604],[140.0319671630001,-28.81413841120262],[140.0319671630001,-28.8142280572026],[140.0319671630001,-28.81447410520261],[140.03195190400004,-28.81461143420259],[140.03195190400004,-28.814737319202578],[140.03195190400004,-28.814899444202606],[140.03193664600008,-28.81504058720256],[140.03193664600008,-28.815305709202587],[140.031921387,-28.815750121202544],[140.03190612800006,-28.81614494220259],[140.03190612800006,-28.81647491420255],[140.0318908690001,-28.816541671202568],[140.0318908690001,-28.816791533202533],[140.03187561000004,-28.817001342202552],[140.03186035200008,-28.817453383202547],[140.03186035200008,-28.817583083202564],[140.03186035200008,-28.817739486202555],[140.03184509300002,-28.818002700202516],[140.03184509300002,-28.818086623202497],[140.03184509300002,-28.818269729202502],[140.03184509300002,-28.818346023202498],[140.03182983400006,-28.818773269202502],[140.0318145750001,-28.81924819820251],[140.03179931600005,-28.819480895202506],[140.03179931600005,-28.819713592202504],[140.03178405800008,-28.820150374202516],[140.03178405800008,-28.82026481520248],[140.03178405800008,-28.82032394320246],[140.03178405800008,-28.820388793202458],[140.03176879900002,-28.820617675202513],[140.03175354000007,-28.821058272202464],[140.03175354000007,-28.821323394202487],[140.03173828100012,-28.82150840720245],[140.03172302200005,-28.821954726202428],[140.03172302200005,-28.82241821220242],[140.0317077640001,-28.82263755720242],[140.03169250500002,-28.823129653202436],[140.03169250500002,-28.82335090520245],[140.03167724600007,-28.823759078202432],[140.03166198700012,-28.824201583202445],[140.03166198700012,-28.82438850320241],[140.03164672900004,-28.824668883202406],[140.0316314700001,-28.82512855420237],[140.03161621100003,-28.825616836202425],[140.03161621100003,-28.826025008202418],[140.031585693,-28.82647895720235],[140.03157043500005,-28.826932906202366],[140.03157043500005,-28.82738494820237],[140.0315551760001,-28.827821731202356],[140.03153991700003,-28.828277587202326],[140.03152465800008,-28.82873153620233],[140.03150939900002,-28.829179763202312],[140.03149414100005,-28.829700469202336],[140.0314788820001,-28.83009719720233],[140.03146362300004,-28.830554961202285],[140.03144836400008,-28.830972671202304],[140.03144836400008,-28.83142852720229],[140.03143310500002,-28.831535338202304],[140.03143310500002,-28.831636428202287],[140.03143310500002,-28.831651687202285],[140.03143310500002,-28.831661223202286],[140.03146362300004,-28.831697463202275],[140.03150939900002,-28.831768035202302],[140.03150939900002,-28.83177566420228],[140.03150939900002,-28.831783294202303],[140.03150939900002,-28.831844329202283],[140.03128051800002,-28.839292525202143],[140.03120422400002,-28.84225654520208],[140.0313720700001,-28.846128463202028],[140.03138732900004,-28.84641456520203],[140.0313720700001,-28.846605300202025],[140.03027343700012,-28.86015319720181],[140.03025817900004,-28.860225676201775],[140.03002929700006,-28.863176345201705],[140.02882385300006,-28.866954802201647],[140.0277252200001,-28.870437621201592],[140.0273132320001,-28.874872207201523],[140.0270843510001,-28.877456664201475],[140.02706909200003,-28.877521514201476],[140.02705383300008,-28.877607345201465],[140.02694702100007,-28.879020690201436],[140.02696228000002,-28.879028319201463],[140.03044128400006,-28.888698577201268],[140.03034973100011,-28.889392852201272],[140.02879333500005,-28.903379439201046],[140.02868652300003,-28.904417037201014],[140.02827453600003,-28.908126830200935],[140.02775573700012,-28.917760848200746],[140.02732849100005,-28.926340102200637],[140.0273437500001,-28.926345824200613],[140.02491760300006,-28.931800841200538],[140.02210998500004,-28.938184737200427],[140.02209472700008,-28.938184737200427],[140.0209960940001,-28.945852279200263],[140.02059936500007,-28.948516845200242],[140.01933288600003,-28.957382201200097],[140.01696777300003,-28.97386169319978],[140.01696777300003,-28.973873137199778],[140.01702880900007,-28.974546431199784],[140.01730346700003,-28.97875785719969],[140.01730346700003,-28.978839873199703],[140.0173187260001,-28.978912353199675],[140.01797485400004,-28.989440917199527],[140.01826477100008,-28.993459701199445],[140.01826477100008,-28.993488311199457],[140.01812744100005,-29.003719329199274],[140.01809692400002,-29.005962371199224],[140.01808166500007,-29.00624084419926],[140.01808166500007,-29.006391524199234],[140.0179595950001,-29.01700782719906],[140.01786804200003,-29.018232345198996],[140.01786804200003,-29.018234252199015],[140.01783752400002,-29.01850509519902],[140.01783752400002,-29.018589019199045],[140.01689147900004,-29.032766341198762],[140.01663208000002,-29.036880492198698],[140.01660156200012,-29.0368843071987],[140.01666259800004,-29.038532256198632],[140.0169830320001,-29.047063827198542],[140.01750183100012,-29.06075477519828],[140.01744079600007,-29.061740874198247],[140.01667785600011,-29.075773238198007],[140.0164947510001,-29.079250335197987],[140.01635742200006,-29.08006858719796],[140.0159301760001,-29.083534240197864],[140.01501464800003,-29.090400695197776],[140.013442993,-29.102516173197557],[140.01306152300003,-29.10537910419749],[140.01246643100012,-29.110288619197416],[140.0124359130001,-29.11029243419744],[140.01290893600003,-29.119722365197266],[140.01313781700003,-29.123434066197195],[140.0130004880001,-29.128456115197093],[140.01298522900004,-29.129705428197095],[140.012878418,-29.133710860196988],[140.01268005400004,-29.142356872196885],[140.01254272500012,-29.148593902196755],[140.01232910200008,-29.158409118196587],[140.01208496100003,-29.162183761196566],[140.01208496100003,-29.162185668196503],[140.0113830570001,-29.17352867019631],[140.0111236570001,-29.17764282119624],[140.01019287100007,-29.192384719196003],[140.00994873000002,-29.196472167195935],[140.00930786100002,-29.20233344919584],[140.0088348390001,-29.206657409195735],[140.00869751000005,-29.208120345195713],[140.0080413820001,-29.218503951195537],[140.00775146500007,-29.223300933195464],[140.0070648190001,-29.234760283195257],[140.00691223100011,-29.235992431195218],[140.00537109400008,-29.248601912195042],[140.00547790500002,-29.250337600195003],[140.00656127900004,-29.263490676194763],[140.00663757300003,-29.26450157119478],[140.0066528320001,-29.264732360194785],[140.00782775900007,-29.278970717194536],[140.0079650880001,-29.280578612194468],[140.008148193,-29.282608031194428],[140.00889587400002,-29.293825149194294],[140.00944519000006,-29.301595687194137],[140.0098419190001,-29.30684471019402],[140.0098876950001,-29.308483123194023],[140.00985717800006,-29.308647155194002],[140.00993347200006,-29.310672759193956],[140.01025390600012,-29.321027755193814],[140.01057434100005,-29.330818175193656],[140.01074218700012,-29.33569526619354],[140.01052856400008,-29.336477279193524],[140.00903320300006,-29.342393874193448],[140.00682067900004,-29.351089477193288],[140.0063171390001,-29.353046416193273],[140.00320434600008,-29.365293502193058],[140.00175476100003,-29.37101554819293],[140.00175476100003,-29.37101745519293],[139.998382568,-29.37891197119282],[139.99440002400002,-29.388225554192655],[139.99324035600011,-29.390966414192626],[139.99267578100012,-29.39227867019255],[139.99140930200008,-29.396080016192535],[139.9882812500001,-29.40656852619232],[139.97363281200012,-29.4552326191915],[139.96287536600005,-29.490934371190917],[139.95863342300004,-29.50506782419068],[139.95613098100011,-29.512828826190553],[139.95442199700005,-29.51815795819043],[139.94776916500007,-29.538757323190094],[139.94787597700008,-29.541040420190036],[139.9479064940001,-29.54143714819002],[139.94792175300006,-29.541515349190025],[139.94792175300006,-29.54165267819007],[139.947937012,-29.542329787190038],[139.94792175300006,-29.54286193719],[139.94792175300006,-29.542879104190007],[139.94792175300006,-29.542963027190044],[139.94792175300006,-29.54299545219001],[139.94796752900004,-29.54336929219003],[139.94799804700006,-29.543909072190015],[139.94799804700006,-29.54396820019003],[139.94801330600012,-29.544113158189994],[139.94801330600012,-29.544176101189976],[139.94812011700003,-29.54673194818994],[139.9482116700001,-29.548206328189956],[139.948425293,-29.553382873189854],[139.94860839800003,-29.557601928189744],[139.94860839800003,-29.557603835189774],[139.94766235400004,-29.56146812318969],[139.9476470950001,-29.561485290189694],[139.947113037,-29.563711165189687],[139.9463348390001,-29.566856383189606],[139.94628906200012,-29.5670070641896],[139.94572448700012,-29.569288253189576],[139.94557189900002,-29.569925307189536],[139.94526672400002,-29.571140288189564],[139.9448699950001,-29.572736739189537],[139.94483947800006,-29.572916030189536],[139.9441528320001,-29.575624465189478],[139.94413757300003,-29.57577705318946],[139.94300842300004,-29.580358504189373],[139.94187927200005,-29.58490180918933],[139.94070434600008,-29.589588164189237],[139.94071960400004,-29.58962821918922],[139.93998718300008,-29.592580794189182],[139.93913269000006,-29.59602355918912],[139.93864440900006,-29.598022460189114],[139.93815612800006,-29.600036620189073],[139.93753051800002,-29.602531432189036],[139.937347412,-29.60323524418899],[139.93710327100007,-29.60420799218897],[139.93707275400004,-29.604398726188965],[139.93598938000002,-29.608764647188924],[139.934753418,-29.6137790671888],[139.93437194800003,-29.61528396518879],[139.9336700440001,-29.618152617188752],[139.93362426800002,-29.61827468818877],[139.9325866700001,-29.622560500188683],[139.93154907200005,-29.626745223188585],[139.930358887,-29.631591796188527],[139.92990112300004,-29.633358001188512],[139.92776489300002,-29.642078399188343],[139.92764282200005,-29.64268112118833],[139.92744445800008,-29.643356322188353],[139.92662048300008,-29.646659850188303],[139.92459106400008,-29.65487480118813],[139.9234924320001,-29.659309386188053],[139.9204864500001,-29.67154121318785],[139.91960144000006,-29.675024032187796],[139.91952514600007,-29.675403594187824],[139.917251587,-29.683284759187625],[139.9156036380001,-29.689117431187537],[139.9121551510001,-29.70128250018738],[139.91165161100002,-29.703321456187332],[139.91152954100005,-29.703811645187326],[139.91088867200006,-29.706520080187268],[139.91069030800008,-29.70737075718727],[139.91065979000007,-29.70745658818724],[139.91021728500004,-29.70940780518721],[139.90939331100003,-29.71275329518717],[139.90919494600007,-29.71366119318714],[139.90905761700003,-29.714250564187125],[139.907974243,-29.71743392818713],[139.90589904800004,-29.723495482187005],[139.90582275400004,-29.72375869718701],[139.9051666260001,-29.72574043218694],[139.90351867700008,-29.731462478186856],[139.90287780800008,-29.733716964186787],[139.90251159700006,-29.735002517186775],[139.90090942400002,-29.740615844186724],[139.89958190900006,-29.745244979186612],[139.89912414600008,-29.746906280186593],[139.89546203600003,-29.7596702571864],[139.89144897500012,-29.773752212186164],[139.88978576700003,-29.779581069186047],[139.88977050800008,-29.77961730918603],[139.88888549800004,-29.78820991418595],[139.88862609900002,-29.79101371718584],[139.8880767820001,-29.79640960618576],[139.88745117200006,-29.802644729185644],[139.8867950440001,-29.809179305185584],[139.8867950440001,-29.809314727185555],[139.88674926800002,-29.809656142185588],[139.8867187500001,-29.80978012018555],[139.88449096700003,-29.81553268318545],[139.87896728500004,-29.82993125818523],[139.8771820070001,-29.834609984185118],[139.8765411380001,-29.83625602618508],[139.87359619100005,-29.843923568185005],[139.87062072800006,-29.851705550184853],[139.86828613300008,-29.857805251184736],[139.86436462400002,-29.86934471018455],[139.86405944800003,-29.870237349184556],[139.86375427200005,-29.871141433184558],[139.86375427200005,-29.871145247184533],[139.86158752400002,-29.877595900184414],[139.85771179200003,-29.88889884818422],[139.85411071800002,-29.899509429184082],[139.849380493,-29.913394927183827],[139.84687805200008,-29.920888900183712],[139.84355163600003,-29.930591582183553],[139.84350585900006,-29.93068885718353],[139.83990478500004,-29.94131660418334],[139.83985900900007,-29.94140624918335],[139.835144043,-29.955259322183135],[139.83512878400006,-29.955259322183135],[139.83509826700003,-29.955371856183124],[139.83506774900002,-29.955438613183127],[139.83503723100011,-29.95556259118316],[139.83279418900008,-29.962194442183005],[139.83212280300006,-29.964086532182982],[139.830413818,-29.969053267182943],[139.83036804200003,-29.969244002182915],[139.83033752400002,-29.969337462182892],[139.83027648900008,-29.96949386518289],[139.83006286600005,-29.969955443182883],[139.82957458500005,-29.970970153182854],[139.82420349100005,-29.982589721182677],[139.82415771500007,-29.982694625182685],[139.81916809100005,-29.993492125182538],[139.8179931640001,-29.996019362182476],[139.81661987300004,-29.99899673418241],[139.81654357900004,-29.99916458018241],[139.8164825440001,-29.999305724182413],[139.81474304200003,-30.003047942182363],[139.81335449200003,-30.0060653681823],[139.81237793000003,-30.00816726618231],[139.81233215300006,-30.008253097182273],[139.81233215300006,-30.0082588191823],[139.8123168950001,-30.008266448182276],[139.81135559100005,-30.0103664391822],[139.81048584000007,-30.012245177182194],[139.8061981200001,-30.02150344718208],[139.80543518100012,-30.023138045181998],[139.7992858890001,-30.036434173181817],[139.79449462900004,-30.04686164818161],[139.7939910890001,-30.047903060181607],[139.7930450440001,-30.049900054181602],[139.78681945800008,-30.06332969618138],[139.78460693400007,-30.06813430718131],[139.7845611570001,-30.068225860181304],[139.78054809600008,-30.076858520181155],[139.7793426510001,-30.079439162181107],[139.775238037,-30.088350295180945],[139.7752075200001,-30.08840560818095],[139.77517700200008,-30.08845901418096],[139.77500915500002,-30.08882331718098],[139.774597168,-30.089723586180963],[139.76812744100005,-30.10365867518072],[139.7672119140001,-30.105546950180678],[139.7617187500001,-30.1174755091805],[139.7598114010001,-30.121570586180404],[139.75805664100005,-30.12538719118034],[139.75776672400002,-30.12598800618031],[139.7555999760001,-30.130662917180235],[139.7551879880001,-30.131547927180275],[139.75515747100008,-30.131607055180258],[139.75508117700008,-30.13175773518023],[139.75326538100012,-30.135705947180185],[139.74934387200005,-30.144142150180066],[139.74931335400004,-30.144193648180025],[139.7430572510001,-30.157659530179846],[139.73680114700005,-30.171119689179612],[139.73579406700003,-30.17337608217955],[139.7324676510001,-30.18045806817944],[139.7324218750001,-30.18055725017948],[139.73240661600005,-30.18061256317945],[139.7306213380001,-30.1844444261794],[139.72444152800006,-30.19774246117917],[139.7212677000001,-30.204574584179042],[139.72122192400002,-30.204679488179057],[139.7209320070001,-30.20530128417906],[139.71780395500002,-30.21203422417896],[139.71633911100002,-30.21518707217892],[139.71472168000003,-30.218671798178825],[139.71145629900002,-30.22565841617873],[139.70799255400004,-30.233142852178588],[139.70773315400004,-30.2336502071786],[139.70516967800006,-30.23921585017854],[139.699325562,-30.251810073178273],[139.6992187500001,-30.252035140178297],[139.69917297400002,-30.25211524917831],[139.69912719700005,-30.252237319178285],[139.69874572800006,-30.253038405178287],[139.6986999510001,-30.25313568017828],[139.69866943400007,-30.25320815917825],[139.6968994140001,-30.257011413178237],[139.6927642820001,-30.265905379178054],[139.686218262,-30.27995490917785],[139.6831512450001,-30.28655052117775],[139.68008422900004,-30.293123244177625],[139.67742919900002,-30.29882049517755],[139.67465210000012,-30.304830550177424],[139.67407226600005,-30.306060790177415],[139.67399597200006,-30.30622291517743],[139.66838073700012,-30.318267821177205],[139.66749572800006,-30.320158004177166],[139.66595459000007,-30.323480605177163],[139.66448974600007,-30.32660865717708],[139.66349792500012,-30.32879257117704],[139.66140747100008,-30.333227157176978],[139.657974243,-30.34064292817686],[139.65454101600005,-30.34797096217676],[139.6545257570001,-30.347991942176748],[139.65399169900002,-30.349142074176747],[139.6538543700001,-30.349411010176745],[139.65383911100002,-30.34948348917673],[139.65351867700008,-30.350179671176726],[139.65153503400006,-30.35444068817663],[139.64920043900008,-30.35944366417657],[139.64823913600003,-30.361484527176515],[139.64804077100007,-30.361915587176494],[139.6468658450001,-30.36445999017647],[139.64459228500004,-30.36932945217643],[139.64454650900007,-30.369409560176393],[139.64448547400002,-30.36952400117638],[139.64375305200008,-30.371110915176384],[139.64266967800006,-30.373395919176335],[139.64140319800003,-30.37616729617627],[139.63908386200012,-30.381275176176214],[139.63850402800006,-30.382444381176196],[139.63632202100007,-30.387056350176124],[139.63610839800003,-30.387453078176115],[139.63459777800006,-30.390726088176052],[139.63455200200008,-30.39078903117604],[139.632659912,-30.39491081117602],[139.6324462890001,-30.395322799176],[139.63220214800003,-30.395851134175953],[139.632019043,-30.396282195175974],[139.63005065900006,-30.400474547175932],[139.62986755400004,-30.400861739175927],[139.62881469700005,-30.403152465175854],[139.62850952100007,-30.403797149175844],[139.6277465820001,-30.405439376175803],[139.62603759800004,-30.409114837175743],[139.6253814700001,-30.410511016175768],[139.62387085000012,-30.413759231175685],[139.62345886200012,-30.41458129817569],[139.623382568,-30.414754867175656],[139.62336731000005,-30.41479492117566],[139.62333679200003,-30.414855956175646],[139.62297058100012,-30.41567230117567],[139.62205505400004,-30.417642592175657],[139.62069702100007,-30.42056274317557],[139.61897277800006,-30.424184798175503],[139.61856079100005,-30.42509078917552],[139.61853027300003,-30.425168990175518],[139.61711120600012,-30.428216933175484],[139.61709594700005,-30.428218841175486],[139.61604309100005,-30.430528640175442],[139.61370849600007,-30.43554496717532],[139.6112976070001,-30.440706252175264],[139.611099243,-30.44106101917525],[139.609146118,-30.445302962175194],[139.60783386200012,-30.448064803175143],[139.60737609900002,-30.449047088175146],[139.60736084000007,-30.449083327175142],[139.60673522900004,-30.45047569217508],[139.60644531200012,-30.451129912175073],[139.60571289100005,-30.452619552175094],[139.60482788100012,-30.454498290175014],[139.60411071800002,-30.456056594175013],[139.60198974600007,-30.46062850917492],[139.60174560500002,-30.46110916017495],[139.60173034700006,-30.46115112217496],[139.59944152800006,-30.46605491517486],[139.59939575200008,-30.46614646817486],[139.59880065900006,-30.467388152174824],[139.59877014200003,-30.467451095174813],[139.592468262,-30.480949401174637],[139.5923614500001,-30.481166839174612],[139.58586120600012,-30.495067595174394],[139.58502197300004,-30.496908187174377],[139.5837249760001,-30.499647140174336],[139.57991027800006,-30.507816314174192],[139.57911682100007,-30.50948905817419],[139.57911682100007,-30.509490966174184],[139.57518005400004,-30.51792526117403],[139.57505798300008,-30.51816749517401],[139.57453918500005,-30.519187926174027],[139.57333374000007,-30.521884917173974],[139.56918335000012,-30.530746459173816],[139.56701660200008,-30.535375594173743],[139.56654357900004,-30.53638458217374],[139.5649108890001,-30.539937972173675],[139.5606994630001,-30.54889488117353],[139.5603637700001,-30.54962921017353],[139.55821228000002,-30.554208754173438],[139.554534912,-30.56204605017335],[139.5488281250001,-30.57426071117314],[139.54824829100005,-30.575475692173093],[139.54452514600007,-30.58346748317301],[139.54449462900004,-30.58350753717297],[139.5418090820001,-30.589212417172874],[139.540786743,-30.59142303417285],[139.53816223100011,-30.597030639172765],[139.53768920900006,-30.59803581117277],[139.5357208250001,-30.60223388617269],[139.5357208250001,-30.602239608172713],[139.53569030800008,-30.60229301417266],[139.53564453100012,-30.602380752172703],[139.53126525900007,-30.611728667172535],[139.52932739300002,-30.61586952117249],[139.5280609130001,-30.618595122172454],[139.5229949950001,-30.629392623172233],[139.52174377400002,-30.632064818172204],[139.5217132570001,-30.632135390172213],[139.52119445800008,-30.633218764172216],[139.5210418700001,-30.633558272172188],[139.51673889200003,-30.642715453172077],[139.5155944820001,-30.64514160117203],[139.51414489700005,-30.64827346717197],[139.5103302000001,-30.656385421171844],[139.50344848600002,-30.671020507171626],[139.50157165500002,-30.675006865171518],[139.50065612800006,-30.677021026171513],[139.50062561000004,-30.677076339171478],[139.50059509300002,-30.677125930171524],[139.49772644000006,-30.68323516717142],[139.49124145500002,-30.697057723171167],[139.48852539100005,-30.702867507171096],[139.48847961400008,-30.702972411171103],[139.48822021500007,-30.70354652317106],[139.48818969700005,-30.703605651171095],[139.48695373500004,-30.70612144417105],[139.4861450200001,-30.707916259170986],[139.48611450200008,-30.707979201170996],[139.486099243,-30.708044051171],[139.48484802200005,-30.710651397171006],[139.48307800300006,-30.71444320617089],[139.4819793700001,-30.716798781170883],[139.47944641100003,-30.722194671170783],[139.47824096700003,-30.724712371170746],[139.47644043000003,-30.728563308170724],[139.476409912,-30.728628158170725],[139.47492981000005,-30.731752395170627],[139.47447204600007,-30.732780456170612],[139.47444152800006,-30.732818603170607],[139.4727020260001,-30.73649597117056],[139.46870422400002,-30.745029448170442],[139.4663085940001,-30.750097274170376],[139.46487426800002,-30.753139495170327],[139.4648437500001,-30.75322151117034],[139.46232605000012,-30.75856780917019],[139.4610900880001,-30.761171340170183],[139.4603424070001,-30.762804030170184],[139.46029663100012,-30.76287651017015],[139.4596252440001,-30.76429939217011],[139.45315551800002,-30.77804756116995],[139.44755554200003,-30.789943694169757],[139.4468231200001,-30.791500091169738],[139.44267272900004,-30.800346374169568],[139.4403533940001,-30.805255889169487],[139.4393463130001,-30.807420730169493],[139.439300537,-30.80749511616947],[139.4392700200001,-30.807600020169442],[139.43455505400004,-30.817579268169318],[139.42799377400002,-30.831512450169114],[139.42475891100003,-30.838413238169],[139.42471313500005,-30.838502883169003],[139.4230041500001,-30.84214973316894],[139.42228698700012,-30.843641280168914],[139.41726684600008,-30.854324340168713],[139.4172210690001,-30.85442352216876],[139.41561889600007,-30.857820510168676],[139.41555786100002,-30.857967376168684],[139.41546630900007,-30.858154296168657],[139.41052246100003,-30.8686370841685],[139.409362793,-30.87107849016845],[139.4062194820001,-30.87776565516837],[139.40447998000002,-30.881469726168323],[139.40330505400004,-30.883920669168266],[139.40296936000004,-30.884662627168247],[139.40243530300006,-30.885692595168248],[139.40086364700005,-30.8891143791682],[139.39822387700008,-30.894721984168083],[139.39672851600005,-30.897865294168064],[139.39639282200005,-30.898561477168062],[139.39550781200012,-30.900484084168014],[139.3954315190001,-30.901624679167984],[139.39541626000005,-30.901998519168],[139.39537048300008,-30.90268325716799],[139.39535522500012,-30.903028487167983],[139.39535522500012,-30.903030395167974],[139.3953247070001,-30.903562545167944],[139.39530944800003,-30.90387535016796],[139.39503479000007,-30.9083118431679],[139.39501953100012,-30.908391952167907],[139.39501953100012,-30.90845870916787],[139.3947601320001,-30.91251182516783],[139.39474487300004,-30.912904738167803],[139.3946533200001,-30.914270400167798],[139.39382934600008,-30.9277267451676],[139.39375305200008,-30.928539275167605],[139.392913818,-30.942008971167365],[139.39292907700008,-30.942100524167362],[139.392913818,-30.942182540167373],[139.39285278300008,-30.94297790416737],[139.3928070070001,-30.943685531167343],[139.39236450200008,-30.950908660167244],[139.39204406700003,-30.95602035416716],[139.39132690400004,-30.967777251166986],[139.39131164600008,-30.967859267167],[139.391296387,-30.968061446166974],[139.39111328100012,-30.9708423601669],[139.39102172900004,-30.972778319166913],[139.39076232900004,-30.976722716166854],[139.39022827100007,-30.985155105166715],[139.39007568400007,-30.98768997116665],[139.38977050800008,-30.992586135166572],[139.38977050800008,-30.992687224166563],[139.38952636700003,-30.99655342016649],[139.38932800300006,-30.999687194166505],[139.388778687,-31.008640288166355],[139.3884124760001,-31.014345168166265],[139.38821411100002,-31.01772499016622],[139.387954712,-31.021781920166134],[139.387954712,-31.021835326166137],[139.38793945300006,-31.02189063916616],[139.38790893600003,-31.022554397166118],[139.38789367700008,-31.022630691166118],[139.38748168900008,-31.02922630216603],[139.3872833250001,-31.03215599016599],[139.3866119380001,-31.043127059165812],[139.38569641100003,-31.05764961116561],[139.38539123500004,-31.0628376001655],[139.38479614300002,-31.072099685165355],[139.38391113300008,-31.08637046716518],[139.38357543900008,-31.092008590165076],[139.38357543900008,-31.092107772165065],[139.38301086400008,-31.100894927164916],[139.3827056880001,-31.10591697616484],[139.3827056880001,-31.105979918164824],[139.382583618,-31.107858657164805],[139.3824462890001,-31.110084533164784],[139.3824462890001,-31.11017417816478],[139.38212585400004,-31.114980697164693],[139.38102722200006,-31.132871627164455],[139.380966187,-31.134162902164416],[139.380966187,-31.134235381164384],[139.38015747100008,-31.14691543516422],[139.37979126000005,-31.152866363164147],[139.37931823700012,-31.160408019164038],[139.37907409700006,-31.164461135163936],[139.37904357900004,-31.164934157163923],[139.3790283200001,-31.165323256163934],[139.37896728500004,-31.165996551163932],[139.37896728500004,-31.166090011163956],[139.37844848600002,-31.174337386163835],[139.37837219200003,-31.175489425163782],[139.3783874510001,-31.175498961163775],[139.37835693400007,-31.17577743416375],[139.37835693400007,-31.175891875163792],[139.37834167500012,-31.17604446316379],[139.37829589800003,-31.176761626163767],[139.37829589800003,-31.17676544116378],[139.37829589800003,-31.176769256163748],[139.37829589800003,-31.176849364163775],[139.37828064000007,-31.17699623016377],[139.37821960400004,-31.17761993316374],[139.37786865200007,-31.178062438163757],[139.377624512,-31.178369521163745],[139.37754821800002,-31.178464889163706],[139.37748718300008,-31.178537368163745],[139.3745880130001,-31.182321547163664],[139.3714752200001,-31.186334609163612],[139.36996460000012,-31.188280105163628],[139.36994934100005,-31.188304900163626],[139.36874389600007,-31.18986511116355],[139.36573791500007,-31.193767547163528],[139.36517334000007,-31.194482802163517],[139.36410522500012,-31.195863723163445],[139.36405944800003,-31.19592094316348],[139.36402893100012,-31.195960998163493],[139.36396789600008,-31.196020125163457],[139.3627929690001,-31.19756889216348],[139.3597564700001,-31.201509475163387],[139.35714721700003,-31.20488166716332],[139.3541564940001,-31.20873069716326],[139.3532562260001,-31.20986938416323],[139.35148620600012,-31.21218490516322],[139.34849548300008,-31.216068267163163],[139.34568786600005,-31.219669341163126],[139.34310913100012,-31.222982406163055],[139.34297180200008,-31.223184585163054],[139.34002685500002,-31.226995467163032],[139.33708190900006,-31.23077773916294],[139.33612060500002,-31.23202133116289],[139.33401489300002,-31.234754561162912],[139.33096313500005,-31.23868179216282],[139.3303070070001,-31.239501952162804],[139.328460693,-31.241907119162757],[139.3255004880001,-31.245742797162748],[139.32441711400008,-31.247112273162696],[139.3243713380001,-31.24718475216266],[139.32310485800008,-31.248807906162668],[139.32307434100005,-31.248838424162667],[139.32278442400002,-31.24925613316265],[139.31958007800006,-31.25337791316258],[139.31661987300004,-31.257215499162548],[139.3158111570001,-31.258222579162506],[139.315612793,-31.258489608162545],[139.31544494600007,-31.25871086016249],[139.31529235800008,-31.258909224162537],[139.31480407700008,-31.259515761162525],[139.31375122100008,-31.2609176631625],[139.31166076700003,-31.26354980416246],[139.31106567400002,-31.26436805616244],[139.30783081100003,-31.268518447162357],[139.30700683600003,-31.269575118162372],[139.3062744140001,-31.270517348162308],[139.30482482900004,-31.272424697162286],[139.30332946800002,-31.274295806162257],[139.30249023400006,-31.2754249561623],[139.30244445800008,-31.275470733162255],[139.3023986820001,-31.275527953162296],[139.30096435500002,-31.27737808116226],[139.3009338380001,-31.277423858162233],[139.2990570070001,-31.279815673162197],[139.29681396500007,-31.284044265162137],[139.29461669900002,-31.28809356616209],[139.2941741940001,-31.28887367116207],[139.2924499510001,-31.29204940716201],[139.2922973630001,-31.29274558916202],[139.2918853760001,-31.295602797161948],[139.290863037,-31.298007964161922],[139.28405761700003,-31.303224563161823],[139.28344726600005,-31.303705214161848],[139.28228759800004,-31.305660247161846],[139.28117370600012,-31.30755424416177],[139.281097412,-31.307643889161767],[139.2792663570001,-31.31072807216173],[139.2779846190001,-31.311944961161743],[139.27586364700005,-31.313962935161676],[139.271255493,-31.31824111816159],[139.26800537100007,-31.321275710161554],[139.26557922400002,-31.323471068161513],[139.2648773190001,-31.324167251161512],[139.26087951700003,-31.32787513616149],[139.25759887700008,-31.3309364311614],[139.25439453100012,-31.333879470161353],[139.2540588380001,-31.334218978161378],[139.25053405800008,-31.33749771016135],[139.24667358400006,-31.341068267161276],[139.24658203100012,-31.341146468161288],[139.2434692380001,-31.344053267161247],[139.24310302700007,-31.344356536161236],[139.2406158450001,-31.346708297161197],[139.23674011200012,-31.350297927161154],[139.2337799070001,-31.35302162116111],[139.23373413100012,-31.353082656161096],[139.2336273190001,-31.353178023161057],[139.23143005400004,-31.355199813161043],[139.23127746600005,-31.355340957161047],[139.22827148400006,-31.35815811116101],[139.22340393100012,-31.36272239616097],[139.22317504900002,-31.363313674160946],[139.22215271000005,-31.366588592160888],[139.2207031250001,-31.371183394160813],[139.22065734900002,-31.37131309416081],[139.21971130400004,-31.374189376160768],[139.21910095200008,-31.375005721160765],[139.21850585900006,-31.375825881160754],[139.21812439000007,-31.37635230916075],[139.21737670900006,-31.377328872160714],[139.21594238300008,-31.379249572160735],[139.21554565400004,-31.379762649160714],[139.21549987800006,-31.37984085016072],[139.213226318,-31.383003234160626],[139.21073913600003,-31.386371612160577],[139.20968627900004,-31.387725829160573],[139.20959472700008,-31.387781142160588],[139.2095489500001,-31.387809752160553],[139.20950317400002,-31.38783264116059],[139.20948791500007,-31.38783836316056],[139.2062835690001,-31.389810561160555],[139.201278687,-31.392835616160482],[139.1961059570001,-31.395923614160445],[139.19604492200006,-31.395969390160438],[139.1960296630001,-31.395975112160453],[139.19300842300004,-31.397823333160417],[139.1875457760001,-31.401123046160357],[139.18429565400004,-31.40309143016032],[139.18324279800004,-31.40369224416031],[139.18316650400004,-31.403755187160307],[139.17997741700003,-31.40569305316033],[139.17822265600012,-31.406723021160268],[139.17584228500004,-31.40821266116028],[139.17167663600003,-31.410730361160258],[139.1701507570001,-31.411630629160182],[139.16787719700005,-31.4130401601602],[139.1643676760001,-31.415168761160142],[139.16255188000002,-31.416370391160164],[139.16125488300008,-31.41721153216011],[139.15859985400004,-31.418956756160075],[139.15859985400004,-31.418962478160108],[139.154632568,-31.42154312016007],[139.1509552000001,-31.42403221016001],[139.15078735400004,-31.424135207160003],[139.14739990200007,-31.426383971159982],[139.1467132570001,-31.42683410515997],[139.14608764600007,-31.427261352159977],[139.141860962,-31.43006896915995],[139.1375885010001,-31.4328899371599],[139.13621521000005,-31.433761596159872],[139.13441467300004,-31.434940337159833],[139.13441467300004,-31.434942244159846],[139.1318817140001,-31.435609817159825],[139.12918090800008,-31.437622069159847],[139.12493896500007,-31.440713881159773],[139.1246643070001,-31.440889358159815],[139.1213226320001,-31.443361281159735],[139.1164398190001,-31.44692039415968],[139.11357116700003,-31.448659896159683],[139.1117858890001,-31.44971084515965],[139.10859680200008,-31.45167350715959],[139.1069793700001,-31.452636718159596],[139.10368347200006,-31.454624175159594],[139.10067749000007,-31.45707511815954],[139.10064697300004,-31.457115172159558],[139.10057067900004,-31.457166671159545],[139.1005096440001,-31.45722961315955],[139.10038757300003,-31.457305907159544],[139.09988403300008,-31.457731246159526],[139.09730529800004,-31.461116790159448],[139.09695434600008,-31.46162795915943],[139.0963439940001,-31.46239662115947],[139.09219360400004,-31.467906951159378],[139.092132568,-31.467987060159384],[139.0885314940001,-31.472795485159278],[139.08563232400002,-31.47662925615923],[139.08287048300008,-31.48029327315919],[139.08239746100003,-31.480884551159182],[139.07980346700003,-31.484367370159127],[139.07742309600008,-31.487520217159034],[139.0736236570001,-31.49251937815899],[139.0735473630001,-31.492624282158985],[139.0703582760001,-31.496841430158927],[139.0679473880001,-31.50004005315888],[139.0678710940001,-31.500116347158873],[139.0677642820001,-31.500217437158867],[139.06703186000004,-31.50082969615889],[139.06576538100012,-31.501678466158875],[139.0605468750001,-31.504293441158826],[139.05656433100012,-31.50628852715882],[139.053070068,-31.508028029158748],[139.05291748000002,-31.508087157158773],[139.04875183100012,-31.51018714815871],[139.0476684570001,-31.510717391158728],[139.04495239300002,-31.511001586158727],[139.04400634800004,-31.511085509158704],[139.04393005400004,-31.51109313915872],[139.03808593700012,-31.511726378158745],[139.03758239700005,-31.511798858158716],[139.034439087,-31.51409912015867],[139.0340728760001,-31.5143489831587],[139.02856445300006,-31.518461226158596],[139.0259552000001,-31.520341872158568],[139.02587890600012,-31.520401000158607],[139.02555847200006,-31.520637511158576],[139.02314758300008,-31.52241706715859],[139.02308654800004,-31.522459029158533],[139.02308654800004,-31.522460937158534],[139.0226898190001,-31.522781371158526],[139.01962280300006,-31.525043487158502],[139.01715087900004,-31.526826858158515],[139.01684570300006,-31.52709388615852],[139.01464843700012,-31.528705596158442],[139.01458740200007,-31.528751372158474],[139.01394653300008,-31.529224395158465],[139.0130004880001,-31.529954909158445],[139.0073242190001,-31.534105300158373],[139.00686645500002,-31.53447723315837],[139.00296020500002,-31.537328719158335],[139.0028991700001,-31.537385940158337],[139.0023345950001,-31.537803649158327],[139.00215148900008,-31.537933349158315],[139.00021362300004,-31.539337157158315],[138.99909973100011,-31.540292739158307],[138.99905395500002,-31.54034042315829],[138.99754333500005,-31.54164123415824],[138.995941162,-31.542919158158245],[138.99433898900008,-31.544296264158245],[138.99168396000005,-31.546497344158215],[138.9915161130001,-31.546617507158174],[138.99130249000007,-31.54681968615822],[138.98910522500012,-31.548648833158158],[138.9889984130001,-31.54873847915815],[138.98535156200012,-31.551773070158127],[138.98513793900008,-31.551963805158103],[138.98506164600008,-31.552040099158102],[138.9844207760001,-31.552564620158083],[138.98144531200012,-31.55507087615805],[138.97744751000005,-31.558416366158024],[138.97418212900004,-31.561101912157987],[138.9729614260001,-31.562141417157964],[138.96878051800002,-31.564830779157933],[138.96611022900004,-31.56653404115789],[138.96572876000005,-31.566743850157902],[138.96305847200006,-31.568466186157877],[138.96290588400007,-31.568544387157875],[138.9628601070001,-31.568597793157885],[138.960144043,-31.570335387157822],[138.95845031700003,-31.571420669157828],[138.95469665500002,-31.57378005915778],[138.95336914100005,-31.574653624157772],[138.95291137700008,-31.57493781915776],[138.94886779800004,-31.577524184157742],[138.94360351600005,-31.580873488157675],[138.9434356690001,-31.580991744157686],[138.9433593750001,-31.581043242157683],[138.9432525630001,-31.5811138141577],[138.94306945800008,-31.581216811157713],[138.93965148900008,-31.583450316157673],[138.9379577640001,-31.584541320157633],[138.9367523190001,-31.585321425157616],[138.9334869380001,-31.587404250157586],[138.9308166500001,-31.589149474157562],[138.92704772900004,-31.591583251157545],[138.9237213130001,-31.593725203157486],[138.92227172900004,-31.594631194157493],[138.921646118,-31.595037459157474],[138.92047119100005,-31.59582900915745],[138.92036438000002,-31.59589004415748],[138.9203033450001,-31.595932006157447],[138.91850280800008,-31.597068786157436],[138.91833496100003,-31.597181319157432],[138.91825866700003,-31.597217559157414],[138.91600036600005,-31.598697661157416],[138.91212463400007,-31.601196288157393],[138.91203308100012,-31.601236342157414],[138.91123962400002,-31.6017246241574],[138.91078186000004,-31.602066039157375],[138.90945434600008,-31.602985381157332],[138.90931701700003,-31.60306930415736],[138.90882873500004,-31.60345077415733],[138.9050140380001,-31.60609054515731],[138.9017486570001,-31.60829925415728],[138.90168762200005,-31.60834884515728],[138.90136718700012,-31.608589171157256],[138.90078735400004,-31.60897827015728],[138.90066528300008,-31.609062194157282],[138.90063476600005,-31.60908889715729],[138.8992309570001,-31.61009406915724],[138.89886474600007,-31.61032295115723],[138.89448547400002,-31.613340377157236],[138.89187622100008,-31.615142821157153],[138.89144897500012,-31.615446090157185],[138.88883972200006,-31.617536544157137],[138.88658142100007,-31.6193733211571],[138.88598632800006,-31.619853972157138],[138.88282775900007,-31.622415542157047],[138.88267517100007,-31.62252044615704],[138.88099670400004,-31.62392806915708],[138.88066101100003,-31.624204635157042],[138.8798065190001,-31.624944686157065],[138.87919616700003,-31.62542343015702],[138.87640380900007,-31.627752303156996],[138.87599182100007,-31.628118514157013],[138.87544250500002,-31.628574370156983],[138.87341308600003,-31.630245208156953],[138.8732757570001,-31.630323409156965],[138.87207031200012,-31.631380080156973],[138.87193298300008,-31.631486892156907],[138.87174987800006,-31.631647109156944],[138.87158203100012,-31.631776809156936],[138.86796569800003,-31.634820937156885],[138.867523193,-31.635171889156904],[138.8665161130001,-31.63601684515687],[138.86645507800006,-31.636047362156845],[138.86627197300004,-31.63619422815686],[138.86576843300008,-31.63661766015685],[138.86567688000002,-31.636699676156866],[138.86459350600012,-31.63764190615683],[138.8639984130001,-31.63809394715684],[138.86344909700006,-31.63856124815685],[138.8632812500001,-31.63872337215682],[138.8628692630001,-31.63909530515681],[138.86236572300004,-31.639463424156844],[138.86149597200006,-31.640192031156822],[138.861434937,-31.64024352915682],[138.85910034200003,-31.64222145015678],[138.8537445070001,-31.64672660715669],[138.85238647500012,-31.6473712911567],[138.8483734130001,-31.64943313515669],[138.84423828100012,-31.651536941156632],[138.83956909200003,-31.653915404156606],[138.83671569800003,-31.65532875015659],[138.83662414600008,-31.65536117515656],[138.83641052200005,-31.655481338156587],[138.83328247100008,-31.657093047156586],[138.8296356200001,-31.658926009156524],[138.82405090300006,-31.661767959156496],[138.8206176760001,-31.663486480156465],[138.82029724100005,-31.66365051215645],[138.81996154800004,-31.66382980215644],[138.8191528320001,-31.66423797515648],[138.81909179700006,-31.66426467815648],[138.81790161100002,-31.664890288156453],[138.81275939900002,-31.66749954115642],[138.80934143100012,-31.669223784156358],[138.80932617200006,-31.669235228156406],[138.8090515140001,-31.66936874315637],[138.80628967300004,-31.670738219156373],[138.8045806880001,-31.671621322156327],[138.802581787,-31.672315597156338],[138.80068969700005,-31.672941207156295],[138.7998504640001,-31.67323684615631],[138.79637146000005,-31.674398421156315],[138.79495239300002,-31.67485237015627],[138.79351806600005,-31.67536735415627],[138.792816162,-31.67560195815629],[138.79093933100012,-31.676218032156267],[138.78814697300004,-31.676254271156267],[138.78465271000005,-31.676799773156283],[138.78402710000012,-31.6768951411563],[138.78247070300006,-31.677127837156235],[138.7821960450001,-31.677192687156243],[138.7773895260001,-31.67793273815627],[138.7772369380001,-31.677968978156255],[138.77713012700008,-31.677988051156223],[138.7735900880001,-31.678924560156258],[138.77273559600008,-31.67914962715624],[138.7722015380001,-31.679330825156228],[138.77127075200008,-31.679525374156235],[138.76809692400002,-31.680379867156198],[138.76443481400008,-31.681343078156182],[138.76177978500004,-31.682022094156224],[138.7567596440001,-31.683353423156188],[138.75613403300008,-31.68352699215615],[138.7548522950001,-31.683847426156145],[138.7548522950001,-31.683849334156147],[138.75440979000007,-31.683956145156166],[138.75306701700003,-31.684301375156142],[138.75296020500002,-31.684331893156173],[138.7516937260001,-31.68468666015614],[138.75025939900002,-31.68503379715616],[138.74821472200006,-31.68558502115612],[138.745376587,-31.686342238156108],[138.7418518070001,-31.687240600156084],[138.7414398190001,-31.68737220715608],[138.73820495600012,-31.688228606156056],[138.73747253400006,-31.688426970156094],[138.736663818,-31.688611983156115],[138.73225402800006,-31.689764022156076],[138.73124694800003,-31.690206527156093],[138.727722168,-31.691778182156035],[138.72167968700012,-31.69439506415603],[138.72079467800006,-31.694787978156008],[138.72071838400007,-31.694824218155993],[138.71672058100012,-31.697023391155966],[138.7164611820001,-31.69714927615595],[138.71215820300006,-31.699474334155912],[138.70745849600007,-31.702014922155914],[138.70738220200008,-31.7020606981559],[138.704284668,-31.70400428715587],[138.70378112800006,-31.70398330615584],[138.70326232900004,-31.703977584155883],[138.70326232900004,-31.70397949115588],[138.70306396500007,-31.704046248155844],[138.7018127440001,-31.704673766155874],[138.70089721700003,-31.70511627115583],[138.69883728000002,-31.70616912715583],[138.6947937010001,-31.708143233155823],[138.69468689000007,-31.708209990155776],[138.689559937,-31.71074294915575],[138.68516540500002,-31.712900161155762],[138.68278503400006,-31.71407699515573],[138.6816864010001,-31.714620589155736],[138.67675781200012,-31.71765327415569],[138.6760864260001,-31.71805953915567],[138.67408752400002,-31.719301223155625],[138.6700744630001,-31.721790313155637],[138.66764831500006,-31.723257064155618],[138.66561889600007,-31.72451972915555],[138.66555786100002,-31.72455024615557],[138.66366577100007,-31.725511550155556],[138.66238403300008,-31.726188659155532],[138.66134643600003,-31.726701735155515],[138.65998840300006,-31.727388381155528],[138.65916442900004,-31.72782516415551],[138.65669250500002,-31.72904205215548],[138.65498352100008,-31.729928969155473],[138.64974975600012,-31.732566832155463],[138.64801025400004,-31.733457564155458],[138.6446838380001,-31.735132216155385],[138.64389038100012,-31.735538482155416],[138.6430358890001,-31.73597526515541],[138.6425476070001,-31.736221312155376],[138.642349243,-31.736331939155406],[138.63870239300002,-31.738168715155364],[138.63862609900002,-31.73821449215534],[138.63716125500002,-31.738933562155346],[138.63423156700003,-31.740453719155333],[138.63351440400004,-31.740789412155326],[138.63208007800006,-31.741529464155292],[138.6272583010001,-31.7439689631553],[138.62690734900002,-31.744163512155257],[138.62652587900004,-31.744352340155288],[138.62014770500002,-31.747562407155236],[138.6189575200001,-31.748170852155233],[138.61845397900004,-31.748422622155218],[138.61781311000004,-31.7487545001552],[138.6135864260001,-31.750902175155183],[138.60961914100005,-31.752929687155138],[138.60803222700008,-31.753700255155128],[138.60717773400006,-31.75413322315509],[138.60665893600003,-31.754381179155114],[138.60652160600011,-31.754480361155146],[138.60476684600008,-31.75536346315512],[138.60052490200007,-31.75752067515509],[138.59681701700003,-31.759378432155028],[138.59674072300004,-31.759416579155033],[138.59573364300002,-31.75994110015506],[138.591003418,-31.76233673015501],[138.58808898900008,-31.76380157415498],[138.5880126950001,-31.763839721154977],[138.58671569800003,-31.76451301515499],[138.5865020750001,-31.764610290154966],[138.58644104000007,-31.76464462215501],[138.58348083500005,-31.76615333515495],[138.58146667500012,-31.76715278515492],[138.58117675800008,-31.76729583615493],[138.58093261700003,-31.767431258154957],[138.5807952880001,-31.76750183015493],[138.57856750500002,-31.76862335115493],[138.5767364500001,-31.769577025154934],[138.57423400900007,-31.77081870915489],[138.57414245600012,-31.770860671154896],[138.57135009800004,-31.772275924154883],[138.57131958000002,-31.772294997154866],[138.569519043,-31.773193358154845],[138.56782531700003,-31.774072646154856],[138.56658935500002,-31.774692534154806],[138.56256103500004,-31.77673530515483],[138.55981445300006,-31.77812004015478],[138.55847168000003,-31.778770446154766],[138.55569458000002,-31.77947044315476],[138.555358887,-31.779645919154746],[138.555358887,-31.779651641154775],[138.5553283690001,-31.77967071415475],[138.55528259300002,-31.77968978815477],[138.55105590800008,-31.781770705154745],[138.55079650900007,-31.781909942154734],[138.54936218300008,-31.78335380515472],[138.54603576700003,-31.785089492154658],[138.54557800300006,-31.785306930154693],[138.54467773400006,-31.785764693154675],[138.54385376000005,-31.786195754154654],[138.5426330570001,-31.786804198154652],[138.54174804700006,-31.787246703154672],[138.54130554200003,-31.787467956154618],[138.541122437,-31.78755378615467],[138.53840637200005,-31.78894233615464],[138.53588867200006,-31.790206908154598],[138.5350494380001,-31.79064369115459],[138.529632568,-31.793382644154548],[138.5270080570001,-31.794675826154524],[138.52507019000006,-31.79551887415453],[138.5204772950001,-31.797473906154526],[138.5162658690001,-31.799276351154457],[138.51594543500005,-31.799419402154452],[138.5143127440001,-31.800096511154486],[138.51362609900002,-31.80039215015448],[138.51197814900002,-31.80110549815444],[138.50645446800002,-31.803482055154415],[138.50527954100005,-31.804151534154407],[138.5035705570001,-31.805128097154384],[138.50164794900002,-31.80626296915439],[138.49780273400006,-31.808185576154347],[138.49525451700003,-31.809444426154325],[138.49496460000012,-31.80958557015431],[138.49327087400002,-31.81041908215429],[138.4931335450001,-31.810474395154323],[138.488952637,-31.81318092215426],[138.48744201700003,-31.81409454215426],[138.48406982400002,-31.816297530154245],[138.4825744630001,-31.817230224154198],[138.48132324200003,-31.818021773154186],[138.48098754900002,-31.81794929415419],[138.48045349100005,-31.817802428154234],[138.47985839800003,-31.817667006154206],[138.4787445070001,-31.817991256154208],[138.4785614010001,-31.818052291154196],[138.47560119600007,-31.819025039154152],[138.4711608890001,-31.820453643154156],[138.4660491940001,-31.822069167154158],[138.4598846440001,-31.824077605154095],[138.45896911600005,-31.82435798515409],[138.45843505900007,-31.824531554154117],[138.45683288600003,-31.825040816154083],[138.45404052700007,-31.825942992154072],[138.45053100600012,-31.827398299154062],[138.4482116700001,-31.828332900154052],[138.44453430200008,-31.829843520154],[138.43954467800006,-31.831491469154],[138.4394531250001,-31.831518172154],[138.4356231690001,-31.832780837153994],[138.4325103760001,-31.834890365153964],[138.42599487300004,-31.83925437815388],[138.42572021500007,-31.839399337153885],[138.4234924320001,-31.840549468153853],[138.4234161380001,-31.84059715215389],[138.4233398440001,-31.84064292815388],[138.42318725600012,-31.840700149153903],[138.4217681880001,-31.841426848153855],[138.420028687,-31.842340468153854],[138.4198913570001,-31.842409133153875],[138.41726684600008,-31.843725203153813],[138.41467285200008,-31.843147277153825],[138.41467285200008,-31.843145369153838],[138.41458129900002,-31.84313964715386],[138.41448974600007,-31.84311675915381],[138.4107971190001,-31.842279433153873],[138.40476989700005,-31.840881347153893],[138.4033660890001,-31.84057044915388],[138.40130615200007,-31.839759826153887],[138.39944458000002,-31.83903312615388],[138.39631652800006,-31.83783531115393],[138.395202637,-31.83811378415391],[138.39407348600002,-31.838415145153878],[138.3940429690001,-31.83841323815393],[138.39395141600005,-31.838392257153885],[138.39392089800003,-31.83838653515393],[138.39390564000007,-31.838386535153923],[138.39064025900007,-31.837575911153934],[138.3904418950001,-31.837606429153887],[138.39007568400007,-31.83772659215392],[138.38999939000007,-31.83774566615393],[138.38966369600007,-31.83783721815389],[138.3894653320001,-31.837888717153884],[138.38932800300006,-31.837928771153887],[138.38903808600003,-31.838014602153915],[138.38902282700008,-31.838014602153915],[138.38796997100008,-31.83832359215393],[138.38523864700005,-31.838020324153895],[138.37982177700007,-31.837383269153936],[138.3759002690001,-31.836912154153904],[138.37583923300008,-31.836902617153925],[138.37550354000007,-31.836853026153932],[138.37318420400004,-31.83659934915395],[138.373153687,-31.83660125615395],[138.3731231690001,-31.836589812153896],[138.36776733400006,-31.835960387153918],[138.35238647500012,-31.835718154153927],[138.35005188000002,-31.836076735153913],[138.34974670400004,-31.83612251215393],[138.3482971190001,-31.83640479915394],[138.34761047400002,-31.836666106153903],[138.3471374510001,-31.836883544153938],[138.34700012200005,-31.83694648615395],[138.34678649900002,-31.83704757615393],[138.34651184100005,-31.83719062715394],[138.34126281700003,-31.839693068153892],[138.34114074700005,-31.8397331231539],[138.3368835450001,-31.84169959915387],[138.33677673300008,-31.841737746153868],[138.33520507800006,-31.841711043153854],[138.33006286600005,-31.841535567153883],[138.32748413100012,-31.841325759153865],[138.3254241940001,-31.841346740153845],[138.325378418,-31.841346740153835],[138.32424926800002,-31.84131240715387],[138.32417297400002,-31.84130859315384],[138.3238830570001,-31.841281890153848],[138.32049560500002,-31.841186522153887],[138.32029724100005,-31.84120750315387],[138.31811523400006,-31.841102599153842],[138.31767272900004,-31.841073989153884],[138.31579589800003,-31.84099006615385],[138.31550598100011,-31.840982436153883],[138.31327819800003,-31.84093284515384],[138.31286621100003,-31.840761184153877],[138.31080627400002,-31.839937209153884],[138.30992126500007,-31.83957862815389],[138.30651855500003,-31.838142394153927],[138.30572509800004,-31.837944030153896],[138.30426025400004,-31.837038039153935],[138.30279541000004,-31.83633041315395],[138.30274963400007,-31.836334228153916],[138.30113220200008,-31.836622237153943],[138.3002929690001,-31.836757659153907],[138.29678344700005,-31.837425231153897],[138.29623413100012,-31.837511062153926],[138.29614257800006,-31.837520598153915],[138.29277038600003,-31.838178634153916],[138.29241943400007,-31.838222503153876],[138.2896270750001,-31.838712691153894],[138.28927612300004,-31.838819503153907],[138.28079223600002,-31.839977263153905],[138.28079223600002,-31.839979171153907],[138.28071594200003,-31.83998870715388],[138.276626587,-31.839887618153888],[138.27143859900002,-31.839744567153875],[138.26940918000003,-31.8396701801539],[138.2675781250001,-31.839633941153906],[138.2625122070001,-31.839492797153902],[138.25856018100012,-31.83936881915388],[138.258483887,-31.839365004153866],[138.2539062500001,-31.839233397153908],[138.2537994380001,-31.839229583153887],[138.25370788600003,-31.839223861153904],[138.25370788600003,-31.839214324153883],[138.24995422400002,-31.83913993715389],[138.24795532200005,-31.839078902153908],[138.24668884300002,-31.839059829153875],[138.24092102100008,-31.83889007515391],[138.23686218300008,-31.838762282153883],[138.2351684570001,-31.838705062153906],[138.22973632800006,-31.838554381153937],[138.22901916500007,-31.83852386415391],[138.22482299800004,-31.838428496153874],[138.22065734900002,-31.838304519153898],[138.2183380130001,-31.838241576153912],[138.21801757800006,-31.838230132153914],[138.2157897950001,-31.83818435615389],[138.21501159700006,-31.838140487153915],[138.21498107900004,-31.838140487153915],[138.2122955320001,-31.838083266153884],[138.20814514200003,-31.83796691815389],[138.20712280300006,-31.83792304915393],[138.20701599100005,-31.83791923415391],[138.20593261700003,-31.837930678153906],[138.2027587890001,-31.837820052153926],[138.19923400900007,-31.83771705515392],[138.19590759300002,-31.837602614153933],[138.19532775900007,-31.837593078153898],[138.19418335000012,-31.837545394153906],[138.19187927200005,-31.837512969153924],[138.18986511200012,-31.837434768153933],[138.1862640380001,-31.837347030153925],[138.18434143100012,-31.837272643153913],[138.18206787100007,-31.83723640315392],[138.1795806880001,-31.83714866515393],[138.17607116700003,-31.837060927153935],[138.17517089800003,-31.837015151153917],[138.1704864500001,-31.836898803153893],[138.16453552200005,-31.837551116153936],[138.15951538100012,-31.838088988153913],[138.15942382800006,-31.838098525153892],[138.15931701700003,-31.83810234015391],[138.15811157200005,-31.83822250315386],[138.15686035200008,-31.838197707153892],[138.15577697800006,-31.838260650153874],[138.154144287,-31.838672637153874],[138.15089416500007,-31.83903884815389],[138.14279174800004,-31.83991050615387],[138.14276123000002,-31.83991622815391],[138.1361236570001,-31.8406620021539],[138.13603210400004,-31.84067916815385],[138.1348419190001,-31.841466903153854],[138.13020324700005,-31.841897963153837],[138.12715148900008,-31.84214591915384],[138.12487793000003,-31.84235191215384],[138.12480163600003,-31.842357634153817],[138.11923217800006,-31.842857360153847],[138.11581420900006,-31.84319114615385],[138.11573791500007,-31.84321594115385],[138.11111450200008,-31.845430373153775],[138.11082458500005,-31.845346450153798],[138.11074829100005,-31.84531021015381],[138.11068725600012,-31.84527969315379],[138.10908508300008,-31.8444557181538],[138.10722351100003,-31.843517302153813],[138.10653686500007,-31.84316635015385],[138.10639953600003,-31.84309196415381],[138.10607910200008,-31.842945098153844],[138.10507202100007,-31.842418670153855],[138.10481262200005,-31.842237472153858],[138.104751587,-31.842208861153832],[138.10470581100003,-31.842267989153864],[138.10458374000007,-31.842428206153826],[138.1046447750001,-31.842462539153814],[138.10459899900002,-31.84251594415382],[138.10458374000007,-31.842628478153866],[138.10221862800006,-31.84557533215377],[138.09761047400002,-31.851247786153735],[138.09339904800004,-31.856456756153616],[138.08976745600012,-31.860950469153597],[138.08367919900002,-31.868461608153464],[138.08129882800006,-31.871391295153426],[138.08125305200008,-31.871444701153425],[138.07691955600012,-31.87676811115337],[138.0768890380001,-31.876817702153353],[138.07685852100008,-31.876859664153372],[138.07676696800002,-31.876947402153345],[138.07351684600008,-31.880960463153276],[138.07206726100003,-31.88271903915328],[138.070159912,-31.885128020153225],[138.06755065900006,-31.888322829153157],[138.066177368,-31.890024184153148],[138.0661468510001,-31.890050887153148],[138.0661468510001,-31.89005279415317],[138.0612640380001,-31.896104812153073],[138.05557251000005,-31.903079986152957],[138.0516815190001,-31.907901763152914],[138.04415893600003,-31.91254424915281],[138.04356384300002,-31.913352965152793],[138.04257202100007,-31.914636611152815],[138.04194641100003,-31.915584563152784],[138.04118347200006,-31.91667175215275],[138.03948974600007,-31.91911697315274],[138.03649902300003,-31.92419052015266],[138.03326416000004,-31.929704665152578],[138.03201293900008,-31.93170738115255],[138.02807617200006,-31.935634612152473],[138.02465820300006,-31.93892288115242],[138.022155762,-31.941373824152414],[138.01437377900004,-31.94888114815227],[138.01435852100008,-31.948892592152315],[138.01428222700008,-31.948957442152327],[138.00743103000002,-31.955610274152214],[138.00370788600003,-31.95921134815212],[138.00370788600003,-31.95921325615213],[137.99902343700012,-31.963718413152097],[137.99276733400006,-31.97006034815198],[137.98886108400006,-31.97409057515195],[137.98716735800008,-31.975891112151874],[137.9840393070001,-31.979873656151828],[137.98397827100007,-31.979942321151835],[137.98266601600005,-31.981632232151853],[137.98262023900008,-31.981685637151795],[137.97787475600012,-31.98770904415176],[137.9742431640001,-31.992374419151695],[137.97200012200005,-31.99525833015163],[137.96740722700008,-32.00105667015154],[137.96739196800002,-32.001079558151524],[137.96282959000007,-32.00679397515149],[137.95982360800008,-32.010650634151375],[137.95724487300004,-32.014007567151346],[137.9508361820001,-32.02220153715121],[137.94712829600007,-32.026935576151196],[137.94209289600008,-32.032436370151096],[137.94111633300008,-32.03349685615106],[137.93995666500007,-32.034786223151066],[137.93693542500012,-32.038078307151025],[137.9362640380001,-32.038818358151005],[137.936218262,-32.038879394151024],[137.93211364700005,-32.043369292150935],[137.9246215820001,-32.051528930150816],[137.92457580600012,-32.05158233515084],[137.92445373500004,-32.05173873815083],[137.91651916500007,-32.06040191615072],[137.9141082760001,-32.063003539150664],[137.9095611570001,-32.068000792150585],[137.90954589800003,-32.06802368115055],[137.8981781010001,-32.08042144715042],[137.89785766600005,-32.08076858415039],[137.89553833000002,-32.08328628415033],[137.88696289100005,-32.09263992215026],[137.8863830570001,-32.093307494150245],[137.8862304690001,-32.09347152615023],[137.88609314000007,-32.09362029915019],[137.88601684600008,-32.09367752015023],[137.88574218700012,-32.0939826961502],[137.88391113300008,-32.0960311881502],[137.8790283200001,-32.10252761715009],[137.87786865200007,-32.10409164315005],[137.87145996100003,-32.11268615614992],[137.87144470200008,-32.11273956214992],[137.87135314900002,-32.11284637414994],[137.8692932130001,-32.11562728814991],[137.8691864010001,-32.11575698814991],[137.86592102100008,-32.120090484149806],[137.86578369100005,-32.12031936514982],[137.86570739700005,-32.12042236214981],[137.85873413100012,-32.12970733514971],[137.85369873000002,-32.13647842314962],[137.85295105000012,-32.13747405914957],[137.8520202640001,-32.1387290941496],[137.85064697300004,-32.140525817149545],[137.8506317140001,-32.14054489014953],[137.8506317140001,-32.14057159314953],[137.8494262700001,-32.14215850714953],[137.84719848600002,-32.14513397114948],[137.84011840800008,-32.15462112314935],[137.84008789100005,-32.154651641149364],[137.83659362800006,-32.159309386149275],[137.83656311000004,-32.15935134814928],[137.83654785200008,-32.15938186514926],[137.83648681600005,-32.159469603149304],[137.83645629900002,-32.159503936149285],[137.8285827640001,-32.17002487114911],[137.82856750500002,-32.17003250014916],[137.82855224600007,-32.17007446214911],[137.82099914600008,-32.18017959514899],[137.8167877200001,-32.1857910151489],[137.80967712400002,-32.19528579614874],[137.80569458000002,-32.20059204014867],[137.8037567140001,-32.20318603414863],[137.80346679700006,-32.20357513314864],[137.80310058600003,-32.20407104414866],[137.7971801760001,-32.21197891114853],[137.79711914100005,-32.21203994714856],[137.79711914100005,-32.212043761148514],[137.7925262450001,-32.21818542414844],[137.78709411600005,-32.225318908148346],[137.77865600600012,-32.2365646351482],[137.77740478500004,-32.238376616148166],[137.7769012450001,-32.239051818148134],[137.77687072800006,-32.23908615014818],[137.7768554690001,-32.239116668148135],[137.77517700200008,-32.24134445114811],[137.77478027300003,-32.24179458514812],[137.77391052200005,-32.24283218314809],[137.77270507800006,-32.24464416414808],[137.771591187,-32.24616241414804],[137.7715301510001,-32.24624633714802],[137.76644897500012,-32.25408172514796],[137.7648010250001,-32.25661468414789],[137.75912475600012,-32.26552581714779],[137.7590942380001,-32.265563964147766],[137.75907897900004,-32.26560592614779],[137.75825500500002,-32.266872405147744],[137.75683593700012,-32.2690277091477],[137.75682067900004,-32.269039153147745],[137.75433349600007,-32.27297592114766],[137.7481231690001,-32.282615661147524],[137.7436218260001,-32.289672851147444],[137.73933410600011,-32.29631423914735],[137.73451232900004,-32.30381774814722],[137.734481812,-32.30386352414722],[137.73443603500004,-32.30391311514721],[137.7293853760001,-32.31177902114711],[137.72932434100005,-32.311885833147116],[137.72926330600012,-32.3119506831471],[137.72180175800008,-32.32356262114694],[137.72177124000007,-32.32361984214694],[137.72167968700012,-32.32377624414697],[137.7216491700001,-32.32381057614697],[137.72084045400004,-32.32872009214689],[137.7207794190001,-32.328887938146885],[137.71934509300002,-32.33726882814679],[137.719085693,-32.33875274614673],[137.7168426510001,-32.35188293414652],[137.7166900630001,-32.35281372014655],[137.7166900630001,-32.35286712514657],[137.71667480500003,-32.352912902146535],[137.71665954600007,-32.35297393714653],[137.71665954600007,-32.35299301014654],[137.71545410200008,-32.360073089146454],[137.71543884300002,-32.360137938146444],[137.71545410200008,-32.36018753014643],[137.71426391600005,-32.36696624714639],[137.71423339800003,-32.367069243146325],[137.71275329600007,-32.37573242114622],[137.712738037,-32.37581634414625],[137.71154785200008,-32.38270950214612],[137.7113952640001,-32.3836746211461],[137.70817565900006,-32.40195846514584],[137.70811462400002,-32.402225493145835],[137.70674133300008,-32.410770415145706],[137.70672607400002,-32.410839080145735],[137.70509338400007,-32.42028427014561],[137.70506286600005,-32.42036819414562],[137.70506286600005,-32.420448302145594],[137.70426940900006,-32.42505645714556],[137.7040252690001,-32.42647170914549],[137.7035827640001,-32.42898940914545],[137.70217895500002,-32.43716049114539],[137.70156860400004,-32.44023132214534],[137.7015533450001,-32.440296172145345],[137.70048522900004,-32.44178771914533],[137.7001647950001,-32.44226837114527],[137.6913757320001,-32.454589843145115],[137.6900939940001,-32.45548629714514],[137.68109130900007,-32.46171188314502],[137.67913818400007,-32.46429824714501],[137.67779541000004,-32.46607208214498],[137.66946411100002,-32.4772491451448],[137.66938781700003,-32.47735977114478],[137.6660919190001,-32.48171234014472],[137.66125488300008,-32.486595153144656],[137.65837097200006,-32.48965835514461],[137.656021118,-32.4921264641446],[137.652114868,-32.50014495714449],[137.65107727100008,-32.50228118814448],[137.64428710900006,-32.51610565114428],[137.6363067630001,-32.532386779144055],[137.63226318400007,-32.54066085714393],[137.6322174070001,-32.540760039143926],[137.6306762700001,-32.54391860914386],[137.62991333000002,-32.545429229143885],[137.6285400390001,-32.54830551014382],[137.6270294190001,-32.556678771143694],[137.62701416000004,-32.556804656143676],[137.62649536100002,-32.55961608814368],[137.62644958500005,-32.559814452143655],[137.62596130400004,-32.562583922143645],[137.6259460450001,-32.562778472143656],[137.6257171630001,-32.56395721314362],[137.62513732900004,-32.56722640914354],[137.62437439000007,-32.57170104914348],[137.6239929200001,-32.572597503143456],[137.62393188500005,-32.5726966851435],[137.62388610800008,-32.57284545814348],[137.62341308600003,-32.57393264714351],[137.6225585940001,-32.57593536314347],[137.6207580570001,-32.577877044143435],[137.6206512450001,-32.57799911414341],[137.61923217800006,-32.5795326221434],[137.61776733400006,-32.58112716614339],[137.615570068,-32.58348464914332],[137.61431884800004,-32.58488845714332],[137.61360168500005,-32.585399627143296],[137.61120605500003,-32.587135314143296],[137.6108856200001,-32.587375640143264],[137.610534668,-32.587623595143285],[137.60768127400002,-32.58971023514326],[137.60748291000004,-32.58985519314324],[137.60588073700012,-32.59101486114323],[137.60131835900006,-32.59432220414319],[137.59710693400007,-32.59741210814314],[137.59700012200005,-32.597480773143154],[137.59654235800008,-32.59780883714311],[137.59312439000007,-32.60028839014308],[137.5891723630001,-32.60315704214306],[137.58497619600007,-32.60618591214302],[137.58073425300006,-32.60927963214299],[137.58056640600012,-32.60939025814299],[137.57951355000012,-32.61015319714299],[137.5785827640001,-32.61085510214295],[137.57852172900004,-32.610904693142956],[137.5782470700001,-32.611087798142954],[137.576278687,-32.61249923614294],[137.57402038600003,-32.6141548151429],[137.5722656250001,-32.61543655314294],[137.57212829600007,-32.61564254714291],[137.5722351070001,-32.61584472614291],[137.5743408200001,-32.61794280914284],[137.57498168900008,-32.61856841914287],[137.57505798300008,-32.618740081142825],[137.57505798300008,-32.618885039142846],[137.57498168900008,-32.619022368142815],[137.574325562,-32.61970519914283],[137.57246398900008,-32.62167739814282],[137.57173156700003,-32.62244415214278],[137.5716705320001,-32.622505187142785],[137.56953430200008,-32.624759673142776],[137.56771850600012,-32.626716613142754],[137.56739807100007,-32.627151488142744],[137.56602478000002,-32.63018798714266],[137.5655822750001,-32.63112640314265],[137.56414794900002,-32.634319304142636],[137.5640869140001,-32.634441375142664],[137.56384277300003,-32.634956359142606],[137.56274414100005,-32.6373519891426],[137.5625762940001,-32.63769149714261],[137.5614929200001,-32.640151977142565],[137.56146240200007,-32.64019393814258],[137.5606994630001,-32.64180374014251],[137.5599517820001,-32.64343261614253],[137.5581817630001,-32.64733505114246],[137.5579223630001,-32.647865294142456],[137.55711364700005,-32.649642943142396],[137.55635070800008,-32.65132522514242],[137.5563049320001,-32.651386260142395],[137.5563049320001,-32.65139007514243],[137.5558166500001,-32.652507781142354],[137.55526733400006,-32.653667449142354],[137.55509948700012,-32.65407943614236],[137.55508422900004,-32.654121398142365],[137.55503845200008,-32.65422058014237],[137.55364990200007,-32.65722656214232],[137.55339050300006,-32.65776061914233],[137.55305481000005,-32.65856552014229],[137.55302429200003,-32.65863418514232],[137.55204772900004,-32.66077804514228],[137.55203247100008,-32.66081237714226],[137.55200195300006,-32.66085433914226],[137.55114746100003,-32.66252136114225],[137.55007934600008,-32.665012359142196],[137.54940795900006,-32.66652297914221],[137.5493927000001,-32.666561126142206],[137.54937744100005,-32.666595458142176],[137.54873657200005,-32.667991637142144],[137.548675537,-32.66812515214216],[137.5484924320001,-32.668518065142145],[137.5480804440001,-32.669380187142124],[137.54742431600005,-32.67081069814215],[137.54711914100005,-32.67153930614211],[137.54708862300004,-32.671611785142126],[137.5465393070001,-32.672801970142096],[137.54551696800002,-32.67498779214208],[137.54512023900008,-32.67590331914208],[137.5445098880001,-32.677196502142046],[137.544204712,-32.677894591142035],[137.54240417500012,-32.68178939714201],[137.54193115200007,-32.68284225414198],[137.5405273440001,-32.685909270141934],[137.53959655800008,-32.6879386891419],[137.53898620600012,-32.68928527714186],[137.53842163100012,-32.69048690714188],[137.53729248000002,-32.69296646014185],[137.5372619630001,-32.693004607141845],[137.53584289600008,-32.69615554714181],[137.53569030800008,-32.6965141291418],[137.53559875500002,-32.69681930414179],[137.53565979000007,-32.69700241014179],[137.53585815400004,-32.697193145141775],[137.53663635300006,-32.69787597614177],[137.53762817400002,-32.69870376514173],[137.53770446800002,-32.69877624414178],[137.53974914600008,-32.70053100514173],[137.54194641100003,-32.70238876214168],[137.54202270500002,-32.70243835314174],[137.543304443,-32.703559874141675],[137.54716491700003,-32.70684051414163],[137.54875183100012,-32.708179473141634],[137.55322265600012,-32.71199798514158],[137.5568695070001,-32.71508789014151],[137.55746460000012,-32.71557998614153],[137.56053161600005,-32.718170165141466],[137.56095886200012,-32.71849441414147],[137.57157897900004,-32.7254486071414],[137.5721588130001,-32.72582244814138],[137.57392883300008,-32.72695922814134],[137.57554626500007,-32.72803878714133],[137.58232116700003,-32.73245239214129],[137.58245849600007,-32.73251724114131],[137.58255004900002,-32.732589721141295],[137.58746337900004,-32.73579788114123],[137.59234619100005,-32.73898315314123],[137.5952606200001,-32.74087524314116],[137.59687805200008,-32.74193191414117],[137.60099792500012,-32.74460601714113],[137.60113525400004,-32.744712829141136],[137.60124206500006,-32.74485397214114],[137.60128784200003,-32.745082854141124],[137.6016082760001,-32.74930190914104],[137.6020202640001,-32.75400543114096],[137.6020202640001,-32.75405502214101],[137.6020202640001,-32.75412368714098],[137.60203552200005,-32.75421523914099],[137.60205078100012,-32.754322051140996],[137.60240173300008,-32.758922576140925],[137.60255432100007,-32.76058959914089],[137.60282897900004,-32.76427841114086],[137.60337829600007,-32.77057647614078],[137.60337829600007,-32.770606994140806],[137.60337829600007,-32.770656585140785],[137.60337829600007,-32.770717620140765],[137.60371398900008,-32.7750167841407],[137.60412597700008,-32.77992248414062],[137.6045379640001,-32.784889220140585],[137.60458374000007,-32.78567886314058],[137.6050262450001,-32.79074859514051],[137.60522460900006,-32.79315948414044],[137.6054382320001,-32.796031951140435],[137.60574340800008,-32.79864883314039],[137.60612487800006,-32.80228042514037],[137.60643005400004,-32.80488967814034],[137.60652160600011,-32.805538176140296],[137.606628418,-32.80664443914029],[137.607192993,-32.811485290140205],[137.60740661600005,-32.81320571814018],[137.60740661600005,-32.81325530914018],[137.6074218750001,-32.81332015914016],[137.60766601600005,-32.81562042114015],[137.6077270510001,-32.81596755914013],[137.60778808600003,-32.81675720114016],[137.60791015600012,-32.817668914140135],[137.6079864500001,-32.81836318914013],[137.60833740200007,-32.821617125140094],[137.6088867190001,-32.82641601514],[137.6091156010001,-32.82822418113996],[137.6091156010001,-32.82829284613997],[137.6091156010001,-32.82831191914001],[137.60913085900006,-32.828342437139966],[137.6095275880001,-32.831977843139924],[137.60963439900002,-32.83293914713996],[137.6100921630001,-32.836933135139894],[137.61038208000002,-32.83950805613982],[137.61085510300006,-32.8436775201398],[137.61138916000004,-32.848354339139725],[137.61152648900008,-32.8494186391397],[137.61164856000005,-32.850421905139704],[137.61183166500007,-32.85224151513965],[137.61230468700012,-32.85629653813962],[137.61271667500012,-32.859935759139525],[137.61318969700005,-32.86403655913947],[137.61320495600012,-32.864330291139524],[137.61367797900004,-32.86828613213947],[137.61369323700012,-32.86859130813944],[137.6138458250001,-32.869888305139426],[137.61396789600008,-32.87078094413943],[137.61396789600008,-32.870841979139435],[137.61416626000005,-32.872707366139416],[137.61433410600011,-32.87398147513941],[137.61436462400002,-32.874355315139354],[137.61437988300008,-32.874492644139394],[137.614440918,-32.874965667139364],[137.614517212,-32.87573623613936],[137.61459350600012,-32.87636184613931],[137.6148223880001,-32.87825393613931],[137.6148223880001,-32.878280639139305],[137.6148223880001,-32.8783264151393],[137.6148223880001,-32.8783302301393],[137.6148223880001,-32.87838363513932],[137.61483764600007,-32.87854766713931],[137.6153564450001,-32.88321304213924],[137.61552429200003,-32.88450622513922],[137.6155395510001,-32.88475036513921],[137.61563110400004,-32.885528563139225],[137.61585998500004,-32.88745880013922],[137.6158752440001,-32.88774871713918],[137.61604309100005,-32.887966155139175],[137.6190338130001,-32.89181137013915],[137.61909484900002,-32.891887664139134],[137.6191101070001,-32.89192199613911],[137.6202697750001,-32.89339446913914],[137.6208343510001,-32.89412689113913],[137.62220764200003,-32.89589691113908],[137.62348938000002,-32.897525786139056],[137.62362670900006,-32.89770889213906],[137.62385559100005,-32.89791870013909],[137.6279754640001,-32.901653289139],[137.63113403300008,-32.90449523813898],[137.63284301800002,-32.90602493213894],[137.63633728000002,-32.909168242138904],[137.63639831500006,-32.90922546313892],[137.6376647950001,-32.91037368713887],[137.63914489700005,-32.91165924013884],[137.6393127440001,-32.91180038413884],[137.63940429700006,-32.91186904813887],[137.63955688500005,-32.91199111813883],[137.639907837,-32.91229629413889],[137.64094543500005,-32.91317748913884],[137.64112854000007,-32.913341521138825],[137.64350891100003,-32.91534805213881],[137.64353942900004,-32.91537094013879],[137.64358520500002,-32.91542053113885],[137.6436004640001,-32.91543960513881],[137.64389038100012,-32.915683745138814],[137.64508056600005,-32.916683196138784],[137.6474304200001,-32.91868972713877],[137.64749145500002,-32.9187355031388],[137.648208618,-32.91933441113877],[137.65031433100012,-32.92110824513874],[137.6539306640001,-32.924217223138704],[137.6571502690001,-32.926979064138656],[137.6571960450001,-32.92703628413863],[137.6583557130001,-32.92799758813865],[137.6598205570001,-32.9292488091386],[137.66209411600005,-32.93116760213859],[137.66441345200008,-32.9331130971386],[137.66651916500007,-32.93489074613854],[137.66847229000007,-32.93653488113851],[137.6695861820001,-32.937473296138506],[137.670257568,-32.938026427138496],[137.6714324950001,-32.939022063138516],[137.67361450200008,-32.9408493031385],[137.67434692400002,-32.94146728413845],[137.67671203600003,-32.94346618613843],[137.67880249000007,-32.94521713213844],[137.67948913600003,-32.94578552113838],[137.67994689900002,-32.946197509138365],[137.68212890600012,-32.94801330513837],[137.68466186500007,-32.950153350138365],[137.6868286130001,-32.95197677513834],[137.68913269000006,-32.95391082713829],[137.68917846700003,-32.95394134413832],[137.68998718300008,-32.9545822131383],[137.69082641600005,-32.95518493613828],[137.69169616700003,-32.95573806713828],[137.692642212,-32.956268310138285],[137.6935119630001,-32.956699370138274],[137.69454956100003,-32.95716476313827],[137.69557189900002,-32.957561492138254],[137.69660949700005,-32.95788955613823],[137.6971588130001,-32.958049773138235],[137.6976470950001,-32.95817184313821],[137.6987304690001,-32.95841216913824],[137.69979858400006,-32.958602904138246],[137.7014007570001,-32.95883941613826],[137.70359802200005,-32.95917129413825],[137.70509338400007,-32.95938491713823],[137.70681762700008,-32.959636687138186],[137.7075958250001,-32.959758758138236],[137.7092895510001,-32.96000289813822],[137.7115020750001,-32.960334777138215],[137.7117309570001,-32.96036148013821],[137.71192932100007,-32.96037673913821],[137.71441650400004,-32.96075057913821],[137.71527099600007,-32.96089172313822],[137.71549987800006,-32.960914611138215],[137.71714782700008,-32.96116638113817],[137.7189788820001,-32.961437224138194],[137.72122192400002,-32.96176147413818],[137.7222900390001,-32.9619293201382],[137.7242736820001,-32.962192534138154],[137.7248382570001,-32.962280272138216],[137.72538757300003,-32.962368010138185],[137.72593689000007,-32.962467193138174],[137.72648620600012,-32.962585448138185],[137.72705078100012,-32.962711333138174],[137.72760009800004,-32.96284103313817],[137.7281494140001,-32.9629859911382],[137.72868347200006,-32.96314620913815],[137.72920227100008,-32.963310241138196],[137.72970581100003,-32.9634895311382],[137.7297210690001,-32.963493346138144],[137.730239868,-32.963684081138155],[137.73075866700003,-32.96387863113814],[137.7312622070001,-32.96408843913816],[137.73176574700005,-32.964317321138154],[137.7322387700001,-32.964553832138165],[137.732757568,-32.964794158138155],[137.7332153320001,-32.965053557138155],[137.73368835400004,-32.965293883138145],[137.73416137700008,-32.96556091213812],[137.7346038820001,-32.96585845813813],[137.73506164600008,-32.966156005138146],[137.73551940900006,-32.9664497371381],[137.7359619140001,-32.966762542138135],[137.73638916000004,-32.967079162138106],[137.7367858890001,-32.967411040138096],[137.73718261700003,-32.96774673413809],[137.73757934600008,-32.96808624213811],[137.73796081500006,-32.9684448231381],[137.7383270260001,-32.96881103413808],[137.73869323700012,-32.96918487413808],[137.73985290500002,-32.97042465113808],[137.740570068,-32.97122955213805],[137.74153137200005,-32.97220992913806],[137.74188232400002,-32.97255325213804],[137.742294312,-32.972885131138014],[137.74269104000007,-32.973190307138054],[137.74310302700007,-32.97348785313808],[137.74351501500007,-32.973773955138014],[137.74385070800008,-32.97397994913802],[137.7439575200001,-32.97404479913802],[137.74440002400002,-32.97430419813803],[137.74487304700006,-32.97454833913802],[137.74536132800006,-32.974777221138],[137.74581909200003,-32.97498702913803],[137.74630737300004,-32.97518157913803],[137.7468109130001,-32.97535705513801],[137.7472991940001,-32.975532531137986],[137.74784851100003,-32.975746154138015],[137.74829101600005,-32.97592925913798],[137.74874877900004,-32.97613143813802],[137.7491760250001,-32.97633361713801],[137.74960327100007,-32.97654724013797],[137.75044250500002,-32.976978301138],[137.75221252400002,-32.977939605137976],[137.75433349600007,-32.979042052137956],[137.7548065190001,-32.97927856313796],[137.75527954100005,-32.97951126013797],[137.75550842300004,-32.97960281313798],[137.75578308100012,-32.97971343913796],[137.75628662100007,-32.979907989137956],[137.75679016100003,-32.980106353137934],[137.75730896000005,-32.980281829137944],[137.75784301800002,-32.98044204613794],[137.7583770750001,-32.980571746137926],[137.75891113300008,-32.980678557137956],[137.75946044900002,-32.980773925137974],[137.7599945070001,-32.98084640413794],[137.7605590820001,-32.98091125413795],[137.76316833500005,-32.981159209137914],[137.7632598880001,-32.981166839137934],[137.76443481400008,-32.98129272413793],[137.76515197800006,-32.981552123137924],[137.7668304440001,-32.98214721613795],[137.76695251500007,-32.98218917713789],[137.76802063000002,-32.98257064713793],[137.76835632300003,-32.982688903137884],[137.76846313500005,-32.982730864137906],[137.76922607400002,-32.983009337137894],[137.77128601100003,-32.98376464713792],[137.7715606690001,-32.98386383013789],[137.77165222200006,-32.98388671813787],[137.7718658450001,-32.98397445613787],[137.7717895510001,-32.9841346731379],[137.7716369630001,-32.9844322191379],[137.7715301510001,-32.98465347213791],[137.77142334000007,-32.9848327631379],[137.77136230500003,-32.9849433891379],[137.77136230500003,-32.9849472041379],[137.7713012700001,-32.98506927413787],[137.7709960940001,-32.985683440137855],[137.77095031700003,-32.985767364137885]]]},"properties":{"id":"ga:pipe0:154","layer":"pipelines_oil","name":"Moomba to Port Bonython Liquids Trunkline","subtype":"Oil pipeline","status":"fully capable of operation.","country":"AU","state":"South Australia","source":"Geoscience Australia","source_url":"https://digital.atlas.gov.au/datasets/digitalatlas::gas-pipelines/about","license":"CC BY 4.0","length_km":6.20463402,"spatial_confidence":"0"}},{"type":"Feature","geometry":{"type":"MultiLineString","coordinates":[[[150.2333984380001,-27.761043548221686],[150.23486328100012,-27.762676238221662]],[[150.23486328100012,-27.762676238221662],[150.23486328100012,-27.762681960221627]]]},"properties":{"id":"ga:pipe0:155","layer":"pipelines_oil","name":"Moonie 11 Flowline","subtype":"Oil pipeline","status":"fully capable of operation.","country":"AU","state":"Queensland","source":"Geoscience Australia","source_url":"https://digital.atlas.gov.au/datasets/digitalatlas::gas-pipelines/about","license":"CC BY 4.0","length_km":0.0021992200000000004,"spatial_confidence":"0"}},{"type":"Feature","geometry":{"type":"MultiLineString","coordinates":[[[150.25137329100005,-27.755802154221783],[150.25704956100003,-27.751943587221845]],[[150.24687194800003,-27.758869170221708],[150.25137329100005,-27.755802154221783]]]},"properties":{"id":"ga:pipe0:156","layer":"pipelines_oil","name":"Moonie 14 Flowline","subtype":"Oil pipeline","status":"fully capable of operation.","country":"AU","state":"Queensland","source":"Geoscience Australia","source_url":"https://digital.atlas.gov.au/datasets/digitalatlas::gas-pipelines/about","license":"CC BY 4.0","length_km":0.01231047,"spatial_confidence":"0"}},{"type":"Feature","geometry":{"type":"LineString","coordinates":[[150.24150085400004,-27.7603759762217],[150.24142456100003,-27.76041984522167],[150.24154663100012,-27.760749816221683]]},"properties":{"id":"ga:pipe0:157","layer":"pipelines_oil","name":"Moonie 15 Flowline","subtype":"Oil pipeline","status":"fully capable of operation.","country":"AU","state":"Queensland","source":"Geoscience Australia","source_url":"https://digital.atlas.gov.au/datasets/digitalatlas::gas-pipelines/about","license":"CC BY 4.0","length_km":0.00043983,"spatial_confidence":"0"}},{"type":"Feature","geometry":{"type":"MultiLineString","coordinates":[[[150.24887458500007,-27.749745732221868],[150.24845886200012,-27.74539565922193]],[[150.24914550800008,-27.752580642221794],[150.24887458500007,-27.749745732221868]],[[150.2516174320001,-27.755624770221747],[150.24916076700003,-27.75273323022185],[150.24914550800008,-27.752580642221794]]]},"properties":{"id":"ga:pipe0:158","layer":"pipelines_oil","name":"Moonie 17 Flowline","subtype":"Oil pipeline","status":"fully capable of operation.","country":"AU","state":"Queensland","source":"Geoscience Australia","source_url":"https://digital.atlas.gov.au/datasets/digitalatlas::gas-pipelines/about","license":"CC BY 4.0","length_km":0.011165300000000001,"spatial_confidence":"0"}},{"type":"Feature","geometry":{"type":"MultiLineString","coordinates":[[[150.23274231000005,-27.753696441221834],[150.2328033450001,-27.753618239221833],[150.23757934600008,-27.757247924221716]],[[150.23757934600008,-27.757247924221716],[150.23762512200005,-27.757274627221726]],[[150.23762512200005,-27.757274627221726],[150.24122619600007,-27.760070800221712]],[[150.24122619600007,-27.760070800221712],[150.24150078700006,-27.760762999221665]],[[150.24150078700006,-27.760762999221665],[150.24150085400004,-27.760763167221697]]]},"properties":{"id":"ga:pipe0:159","layer":"pipelines_oil","name":"Moonie 19 Flowline","subtype":"Oil pipeline","status":"fully capable of operation.","country":"AU","state":"Queensland","source":"Geoscience Australia","source_url":"https://digital.atlas.gov.au/datasets/digitalatlas::gas-pipelines/about","license":"CC BY 4.0","length_km":0.01145499,"spatial_confidence":"0"}},{"type":"Feature","geometry":{"type":"LineString","coordinates":[[142.2595825200001,-27.532196044225973],[142.2595825200001,-27.532192229225966],[142.259536743,-27.531955718225934],[142.25952148400006,-27.53188133122595],[142.25949096700003,-27.53180313022596],[142.25946044900002,-27.531726836225964],[142.25941467300004,-27.531658172226006],[142.25898742700008,-27.530996322225977],[142.25892639200003,-27.53092575022601],[142.25886535600011,-27.530828475225974],[142.25881958000002,-27.530757903226014],[142.25877380400004,-27.530694961225954],[142.2587127690001,-27.530635833225983],[142.25836181600005,-27.53033256422602],[142.25828552200005,-27.530265807225994],[142.25790405300006,-27.52991867022602],[142.25779724100005,-27.52982902422601],[142.25769043000003,-27.52973365722599],[142.25756835900006,-27.529630660225997],[142.25697326700003,-27.529193877226],[142.25692749000007,-27.529150008226033],[142.25689697300004,-27.52909469522602],[142.25679016100003,-27.528961181225988],[142.25633239700005,-27.528369903226],[142.25628662100007,-27.52830123822604],[142.25625610400004,-27.52822494422605],[142.2562408450001,-27.528066634226036],[142.25622558600003,-27.527988433226035],[142.256195068,-27.526952743226065],[142.2561645510001,-27.52599334622606],[142.25613403300008,-27.52498054422609],[142.25610351600005,-27.52404975822614],[142.25605773900008,-27.52309799122615],[142.25604248000002,-27.522659301226145],[142.25613403300008,-27.521537780226147],[142.25617981000005,-27.520862578226197],[142.256195068,-27.520782470226166],[142.25617981000005,-27.520702361226164],[142.2561645510001,-27.520624160226163],[142.25614929200003,-27.520545958226165],[142.25613403300008,-27.52046775722615],[142.2560882570001,-27.520355224226165],[142.25605773900008,-27.52023506122621],[142.25602722200006,-27.520175933226174],[142.2560119630001,-27.52013206422615],[142.2559814450001,-27.52010345422619],[142.2559356690001,-27.520078658226204],[142.25588989300002,-27.520051955226197],[142.2549285890001,-27.519628524226206],[142.2537994380001,-27.519134520226192],[142.2537231450001,-27.519096374226187],[142.2535705570001,-27.51901435822623],[142.2534179690001,-27.518920897226224],[142.25335693400007,-27.518869399226215],[142.25321960400004,-27.51875495822623],[142.2531585690001,-27.518697738226198],[142.25305175800008,-27.51857185322622],[142.25300598100011,-27.518507003226212],[142.2528991700001,-27.518369674226232],[142.25283813500005,-27.51822280822622],[142.25276184100005,-27.518075942226197],[142.25273132300003,-27.517999648226198],[142.25273132300003,-27.517995833226237],[142.252288818,-27.51696586522624],[142.25187683100012,-27.515954970226225],[142.25126647900004,-27.51453018122626],[142.251235962,-27.5144634242263],[142.25119018600003,-27.514389037226273],[142.250335693,-27.513076781226285],[142.25027465800008,-27.5130023952263],[142.25021362300004,-27.512941359226307],[142.24931335400004,-27.512002944226325],[142.2492523190001,-27.511943816226346],[142.24916076700003,-27.51187896622636],[142.24844360400004,-27.51134872322635],[142.24769592300004,-27.510793685226346],[142.24684143100012,-27.51016235322635],[142.24610900900007,-27.509622573226373],[142.2457580570001,-27.50936698822638],[142.24571228000002,-27.50932693422636],[142.24563598600002,-27.509283065226395],[142.24555969200003,-27.509246825226416],[142.24546814000007,-27.50922012222641],[142.245376587,-27.509208678226415],[142.24519348100011,-27.5092182152264],[142.24507141100003,-27.5092334742264],[142.24497985800008,-27.50926589922638],[142.24401855500003,-27.509613036226384]]},"properties":{"id":"ga:pipe0:160","layer":"pipelines_oil","name":"Bogala Central 1 Flowline","subtype":"Oil pipeline","status":"fully capable of operation.","country":"AU","state":"Queensland","source":"Geoscience Australia","source_url":"https://digital.atlas.gov.au/datasets/digitalatlas::gas-pipelines/about","license":"CC BY 4.0","length_km":0.03070134,"spatial_confidence":"0"}},{"type":"Feature","geometry":{"type":"LineString","coordinates":[[150.2490234380001,-27.752588271221835],[150.24914550800008,-27.752580642221794]]},"properties":{"id":"ga:pipe0:161","layer":"pipelines_oil","name":"Moonie 2 Flowline","subtype":"Oil pipeline","status":"fully capable of operation.","country":"AU","state":"Queensland","source":"Geoscience Australia","source_url":"https://digital.atlas.gov.au/datasets/digitalatlas::gas-pipelines/about","license":"CC BY 4.0","length_km":0.00012231,"spatial_confidence":"0"}},{"type":"Feature","geometry":{"type":"LineString","coordinates":[[150.24435424800004,-27.756359099221743],[150.24446106000005,-27.756526946221737]]},"properties":{"id":"ga:pipe0:162","layer":"pipelines_oil","name":"Moonie 20 Flowline","subtype":"Oil pipeline","status":"fully capable of operation.","country":"AU","state":"Queensland","source":"Geoscience Australia","source_url":"https://digital.atlas.gov.au/datasets/digitalatlas::gas-pipelines/about","license":"CC BY 4.0","length_km":0.00019895,"spatial_confidence":"0"}},{"type":"Feature","geometry":{"type":"MultiLineString","coordinates":[[[150.23486917500009,-27.762806743221613],[150.2348327640001,-27.76269149722166]],[[150.23526001000005,-27.76404380722159],[150.23486917500009,-27.762806743221613]]]},"properties":{"id":"ga:pipe0:163","layer":"pipelines_oil","name":"Moonie 21 Flowline","subtype":"Oil pipeline","status":"fully capable of operation.","country":"AU","state":"Queensland","source":"Geoscience Australia","source_url":"https://digital.atlas.gov.au/datasets/digitalatlas::gas-pipelines/about","license":"CC BY 4.0","length_km":0.0014181999999999999,"spatial_confidence":"0"}},{"type":"Feature","geometry":{"type":"MultiLineString","coordinates":[[[150.23731994600007,-27.757638930221752],[150.23724287900006,-27.757722419221707]],[[150.23724287900006,-27.757722419221707],[150.2372283940001,-27.757738112221727],[150.23667907700008,-27.75834846422175],[150.23635864300002,-27.7586097712217],[150.23423767100007,-27.759778975221685],[150.23371887200005,-27.760128020221686],[150.2335510250001,-27.760293960221677],[150.2333679200001,-27.760911941221675]]]},"properties":{"id":"ga:pipe0:164","layer":"pipelines_oil","name":"Moonie 22 Flowline","subtype":"Oil pipeline","status":"fully capable of operation.","country":"AU","state":"Queensland","source":"Geoscience Australia","source_url":"https://digital.atlas.gov.au/datasets/digitalatlas::gas-pipelines/about","license":"CC BY 4.0","length_km":0.00529734,"spatial_confidence":"0"}},{"type":"Feature","geometry":{"type":"MultiLineString","coordinates":[[[150.23762512200005,-27.757272719221724],[150.23762512200005,-27.757274627221726]],[[150.23762512200005,-27.757274627221726],[150.23731994600007,-27.757638930221752]]]},"properties":{"id":"ga:pipe0:165","layer":"pipelines_oil","name":"Moonie 22 Flowline","subtype":"Oil pipeline","status":"fully capable of operation.","country":"AU","state":"Queensland","source":"Geoscience Australia","source_url":"https://digital.atlas.gov.au/datasets/digitalatlas::gas-pipelines/about","license":"CC BY 4.0","length_km":0.00047714000000000003,"spatial_confidence":"0"}},{"type":"Feature","geometry":{"type":"LineString","coordinates":[[150.24131774900002,-27.76080703622167],[150.24116516100003,-27.760412215221677],[150.23731994600007,-27.757638930221752]]},"properties":{"id":"ga:pipe0:166","layer":"pipelines_oil","name":"Moonie 22 Flowline","subtype":"Oil pipeline","status":"fully capable of operation.","country":"AU","state":"Queensland","source":"Geoscience Australia","source_url":"https://digital.atlas.gov.au/datasets/digitalatlas::gas-pipelines/about","license":"CC BY 4.0","length_km":0.0051642500000000004,"spatial_confidence":"0"}},{"type":"Feature","geometry":{"type":"MultiLineString","coordinates":[[[150.23829650900007,-27.761684417221662],[150.23831176800002,-27.761680602221645]],[[150.23807965700007,-27.761884384221677],[150.23829650900007,-27.761684417221662]],[[150.2336971850001,-27.765912775221565],[150.23376464800003,-27.765863418221596],[150.23807965700007,-27.761884384221677]],[[150.23292541500007,-27.76676940822156],[150.23283386200012,-27.76676940822155],[150.2327270510001,-27.766622542221594],[150.2336971850001,-27.765912775221565]]]},"properties":{"id":"ga:pipe0:167","layer":"pipelines_oil","name":"Moonie 26 Flowline","subtype":"Oil pipeline","status":"fully capable of operation.","country":"AU","state":"Queensland","source":"Geoscience Australia","source_url":"https://digital.atlas.gov.au/datasets/digitalatlas::gas-pipelines/about","license":"CC BY 4.0","length_km":0.007739080000000001,"spatial_confidence":"0"}},{"type":"Feature","geometry":{"type":"LineString","coordinates":[[150.23806762700008,-27.761209487221674],[150.23831176800002,-27.761678695221637]]},"properties":{"id":"ga:pipe0:168","layer":"pipelines_oil","name":"Moonie 27 Flowline","subtype":"Oil pipeline","status":"fully capable of operation.","country":"AU","state":"Queensland","source":"Geoscience Australia","source_url":"https://digital.atlas.gov.au/datasets/digitalatlas::gas-pipelines/about","license":"CC BY 4.0","length_km":0.00052892,"spatial_confidence":"0"}},{"type":"Feature","geometry":{"type":"MultiLineString","coordinates":[[[150.246429443,-27.75442123322178],[150.24525451700003,-27.755681991221753]],[[150.24525451700003,-27.755681991221753],[150.24446106000005,-27.756526946221737]],[[150.24446106000005,-27.756526946221737],[150.24569702100007,-27.757385253221713]]]},"properties":{"id":"ga:pipe0:169","layer":"pipelines_oil","name":"Moonie 28 Flowline","subtype":"Oil pipeline","status":"fully capable of operation.","country":"AU","state":"Queensland","source":"Geoscience Australia","source_url":"https://digital.atlas.gov.au/datasets/digitalatlas::gas-pipelines/about","license":"CC BY 4.0","length_km":0.00438722,"spatial_confidence":"0"}},{"type":"Feature","geometry":{"type":"MultiLineString","coordinates":[[[150.24916076700003,-27.749700545221852],[150.24887458500007,-27.749745732221868]],[[150.24887458500007,-27.749745732221868],[150.24887085000012,-27.74974632222189]]]},"properties":{"id":"ga:pipe0:170","layer":"pipelines_oil","name":"Moonie 29 Flowline","subtype":"Oil pipeline","status":"fully capable of operation.","country":"AU","state":"Queensland","source":"Geoscience Australia","source_url":"https://digital.atlas.gov.au/datasets/digitalatlas::gas-pipelines/about","license":"CC BY 4.0","length_km":0.00029351000000000003,"spatial_confidence":"0"}},{"type":"Feature","geometry":{"type":"MultiLineString","coordinates":[[[150.26699769000004,-27.73485993722215],[150.26699829100005,-27.734859466222186],[150.27247619600007,-27.730901717222206]],[[150.25640869100005,-27.744962691221957],[150.26042175300006,-27.741474151222047],[150.26409912100007,-27.73712921022213],[150.26699769000004,-27.73485993722215]],[[150.25639343300008,-27.744977950221973],[150.25640869100005,-27.744962691221957]]]},"properties":{"id":"ga:pipe0:171","layer":"pipelines_oil","name":"Moonie 3 Flowline","subtype":"Oil pipeline","status":"fully capable of operation.","country":"AU","state":"Queensland","source":"Geoscience Australia","source_url":"https://digital.atlas.gov.au/datasets/digitalatlas::gas-pipelines/about","license":"CC BY 4.0","length_km":0.021471220000000003,"spatial_confidence":"0"}},{"type":"Feature","geometry":{"type":"MultiLineString","coordinates":[[[150.26699769000004,-27.73485993722215],[150.26658630400004,-27.733877181222173]],[[150.26699829100005,-27.734861373222138],[150.26699769000004,-27.73485993722215]]]},"properties":{"id":"ga:pipe0:172","layer":"pipelines_oil","name":"Moonie 30 Flowline","subtype":"Oil pipeline","status":"fully capable of operation.","country":"AU","state":"Queensland","source":"Geoscience Australia","source_url":"https://digital.atlas.gov.au/datasets/digitalatlas::gas-pipelines/about","license":"CC BY 4.0","length_km":0.00106694,"spatial_confidence":"0"}},{"type":"Feature","geometry":{"type":"MultiLineString","coordinates":[[[142.2610760350001,-27.53253382922597],[142.26107788100012,-27.532531737225924]],[[142.2546234130001,-27.539365767225842],[142.25610351600005,-27.538167952225855],[142.2610760350001,-27.53253382922597]]]},"properties":{"id":"ga:pipe0:173","layer":"pipelines_oil","name":"Bogala Spur","subtype":"Oil pipeline","status":"fully capable of operation.","country":"AU","state":"Queensland","source":"Geoscience Australia","source_url":"https://digital.atlas.gov.au/datasets/digitalatlas::gas-pipelines/about","license":"CC BY 4.0","length_km":0.00942146,"spatial_confidence":"0"}},{"type":"Feature","geometry":{"type":"MultiLineString","coordinates":[[[150.25213623000002,-27.74440956022196],[150.25640869100005,-27.744962691221957]],[[150.25640869100005,-27.744962691221957],[150.25708007800006,-27.751871108221856]]]},"properties":{"id":"ga:pipe0:174","layer":"pipelines_oil","name":"Moonie 31 Flowline","subtype":"Oil pipeline","status":"fully capable of operation.","country":"AU","state":"Queensland","source":"Geoscience Australia","source_url":"https://digital.atlas.gov.au/datasets/digitalatlas::gas-pipelines/about","license":"CC BY 4.0","length_km":0.01124908,"spatial_confidence":"0"}},{"type":"Feature","geometry":{"type":"LineString","coordinates":[[150.2503051760001,-27.74736022822195],[150.25248718300008,-27.748632430221924],[150.2516174320001,-27.755624770221747]]},"properties":{"id":"ga:pipe0:175","layer":"pipelines_oil","name":"Moonie 32 Flowline","subtype":"Oil pipeline","status":"fully capable of operation.","country":"AU","state":"Queensland","source":"Geoscience Australia","source_url":"https://digital.atlas.gov.au/datasets/digitalatlas::gas-pipelines/about","license":"CC BY 4.0","length_km":0.00957202,"spatial_confidence":"0"}},{"type":"Feature","geometry":{"type":"LineString","coordinates":[[150.2411804200001,-27.756971358221765],[150.24137878400006,-27.75699615422176]]},"properties":{"id":"ga:pipe0:176","layer":"pipelines_oil","name":"Moonie 33 Flowline","subtype":"Oil pipeline","status":"fully capable of operation.","country":"AU","state":"Queensland","source":"Geoscience Australia","source_url":"https://digital.atlas.gov.au/datasets/digitalatlas::gas-pipelines/about","license":"CC BY 4.0","length_km":0.00019991,"spatial_confidence":"0"}},{"type":"Feature","geometry":{"type":"MultiLineString","coordinates":[[[150.2454414890001,-27.759751416221697],[150.2454223630001,-27.7596282952217]],[[150.245864868,-27.76115608122167],[150.2459106450001,-27.761138915221647],[150.24548339800003,-27.760021209221666],[150.2454414890001,-27.759751416221697]]]},"properties":{"id":"ga:pipe0:177","layer":"pipelines_oil","name":"Moonie 35 Flowline","subtype":"Oil pipeline","status":"fully capable of operation.","country":"AU","state":"Queensland","source":"Geoscience Australia","source_url":"https://digital.atlas.gov.au/datasets/digitalatlas::gas-pipelines/about","license":"CC BY 4.0","length_km":0.0016431,"spatial_confidence":"0"}},{"type":"Feature","geometry":{"type":"LineString","coordinates":[[150.262390137,-27.739105224222065],[150.2597656250001,-27.737369536222097],[150.26060485800008,-27.735948562222145]]},"properties":{"id":"ga:pipe0:178","layer":"pipelines_oil","name":"Moonie 37 Flowline","subtype":"Oil pipeline","status":"fully capable of operation.","country":"AU","state":"Queensland","source":"Geoscience Australia","source_url":"https://digital.atlas.gov.au/datasets/digitalatlas::gas-pipelines/about","license":"CC BY 4.0","length_km":0.00479683,"spatial_confidence":"0"}},{"type":"Feature","geometry":{"type":"MultiLineString","coordinates":[[[150.24117013500006,-27.760996502221648],[150.2412567140001,-27.76083564722167]],[[150.23710632300003,-27.767784118221535],[150.23980712900004,-27.7635288232216],[150.24117013500006,-27.760996502221648]]]},"properties":{"id":"ga:pipe0:179","layer":"pipelines_oil","name":"Moonie 4 Flowline","subtype":"Oil pipeline","status":"fully capable of operation.","country":"AU","state":"Queensland","source":"Geoscience Australia","source_url":"https://digital.atlas.gov.au/datasets/digitalatlas::gas-pipelines/about","license":"CC BY 4.0","length_km":0.00809854,"spatial_confidence":"0"}},{"type":"Feature","geometry":{"type":"LineString","coordinates":[[150.25869751000005,-27.739845275222088],[150.2598876950001,-27.740489959222028],[150.2607421880001,-27.741064071222063]]},"properties":{"id":"ga:pipe0:180","layer":"pipelines_oil","name":"Moonie 42 Flowline","subtype":"Proposed Oil pipeline","status":"proposed infrastructure.","country":"AU","state":"Queensland","source":"Geoscience Australia","source_url":"https://digital.atlas.gov.au/datasets/digitalatlas::gas-pipelines/about","license":"CC BY 4.0","length_km":0.00238302,"spatial_confidence":"0"}},{"type":"Feature","geometry":{"type":"MultiLineString","coordinates":[[[150.24686305700004,-27.75895453422168],[150.24678039600008,-27.758861541221723]],[[150.24691241800008,-27.759010066221705],[150.24686305700004,-27.75895453422168]],[[150.2454414890001,-27.759751416221697],[150.24626159700006,-27.75947761422173],[150.24693298300008,-27.759033202221694],[150.24691241800008,-27.759010066221705]],[[150.24117013500006,-27.760996502221648],[150.24505615200007,-27.759880065221672],[150.2454414890001,-27.759751416221697]],[[150.23807965700007,-27.761884384221677],[150.24117013500006,-27.760996502221648]],[[150.23486917500009,-27.762806743221613],[150.23807965700007,-27.761884384221677]],[[150.2336971850001,-27.765912775221565],[150.2319335940001,-27.763847350221642],[150.23196411100002,-27.763641356221648],[150.23486917500009,-27.762806743221613]],[[150.2314910890001,-27.77040290722147],[150.231704712,-27.770339965221485],[150.23184204100005,-27.770206450221522],[150.23564147900004,-27.769121169221506],[150.23619079600007,-27.768833159221494],[150.2336971850001,-27.765912775221565]]]},"properties":{"id":"ga:pipe0:181","layer":"pipelines_oil","name":"Moonie 43 Flowline","subtype":"Proposed Oil pipeline","status":"proposed infrastructure.","country":"AU","state":"Queensland","source":"Geoscience Australia","source_url":"https://digital.atlas.gov.au/datasets/digitalatlas::gas-pipelines/about","license":"CC BY 4.0","length_km":0.027677500000000004,"spatial_confidence":"0"}},{"type":"Feature","geometry":{"type":"MultiLineString","coordinates":[[[150.23522949200003,-27.75813484122171],[150.2363281250001,-27.757799148221714],[150.23715210000012,-27.757671355221724],[150.23724287900006,-27.757722419221707]],[[150.23724287900006,-27.757722419221707],[150.23724365200007,-27.75772285422172]]]},"properties":{"id":"ga:pipe0:182","layer":"pipelines_oil","name":"Moonie 44 Flowline","subtype":"Proposed Oil pipeline","status":"proposed infrastructure.","country":"AU","state":"Queensland","source":"Geoscience Australia","source_url":"https://digital.atlas.gov.au/datasets/digitalatlas::gas-pipelines/about","license":"CC BY 4.0","length_km":0.00208764,"spatial_confidence":"0"}},{"type":"Feature","geometry":{"type":"MultiLineString","coordinates":[[[150.24134826700003,-27.75647926222176],[150.24092102100008,-27.753343581221813]],[[150.24137878400006,-27.75699615422176],[150.24134826700003,-27.75647926222176]],[[150.24122619600007,-27.760070800221712],[150.24137878400006,-27.75699615422176]],[[150.2413635250001,-27.760801314221702],[150.2412109380001,-27.760414123221697],[150.24122619600007,-27.760070800221712]]]},"properties":{"id":"ga:pipe0:183","layer":"pipelines_oil","name":"Moonie 5 Flowline","subtype":"Oil pipeline","status":"fully capable of operation.","country":"AU","state":"Queensland","source":"Geoscience Australia","source_url":"https://digital.atlas.gov.au/datasets/digitalatlas::gas-pipelines/about","license":"CC BY 4.0","length_km":0.007520710000000001,"spatial_confidence":"0"}},{"type":"Feature","geometry":{"type":"LineString","coordinates":[[140.4804382320001,-27.52817153822605],[140.48072814900002,-27.528150557226006],[140.480804443,-27.528194426226033]]},"properties":{"id":"ga:pipe0:184","layer":"pipelines_oil","name":"Bookabourdie 2 Flowline","subtype":"Oil pipeline","status":"fully capable of operation.","country":"AU","state":"South Australia","source":"Geoscience Australia","source_url":"https://digital.atlas.gov.au/datasets/digitalatlas::gas-pipelines/about","license":"CC BY 4.0","length_km":0.00037868000000000005,"spatial_confidence":"0"}},{"type":"Feature","geometry":{"type":"MultiLineString","coordinates":[[[150.24691241800008,-27.759010066221705],[150.24685668900008,-27.758958816221707]],[[150.24964904800004,-27.759824752221718],[150.2470703130001,-27.759155272221722],[150.24691241800008,-27.759010066221705]]]},"properties":{"id":"ga:pipe0:185","layer":"pipelines_oil","name":"Moonie 6 Flowline","subtype":"Oil pipeline","status":"fully capable of operation.","country":"AU","state":"Queensland","source":"Geoscience Australia","source_url":"https://digital.atlas.gov.au/datasets/digitalatlas::gas-pipelines/about","license":"CC BY 4.0","length_km":0.0029544500000000004,"spatial_confidence":"0"}},{"type":"Feature","geometry":{"type":"LineString","coordinates":[[150.22898864700005,-27.76848411522154],[150.22888183600003,-27.768497466221547]]},"properties":{"id":"ga:pipe0:186","layer":"pipelines_oil","name":"Moonie 7 Flowline","subtype":"Oil pipeline","status":"fully capable of operation.","country":"AU","state":"Queensland","source":"Geoscience Australia","source_url":"https://digital.atlas.gov.au/datasets/digitalatlas::gas-pipelines/about","license":"CC BY 4.0","length_km":0.00010764,"spatial_confidence":"0"}},{"type":"Feature","geometry":{"type":"MultiLineString","coordinates":[[[150.22888183600003,-27.768497466221547],[150.22891235400004,-27.768251418221553],[150.2281494140001,-27.76460838222158]],[[150.22962951700003,-27.775722503221367],[150.2295379640001,-27.77577018622142],[150.22888183600003,-27.768497466221547]]]},"properties":{"id":"ga:pipe0:187","layer":"pipelines_oil","name":"Moonie 9 Flowline","subtype":"Oil pipeline","status":"fully capable of operation.","country":"AU","state":"Queensland","source":"Geoscience Australia","source_url":"https://digital.atlas.gov.au/datasets/digitalatlas::gas-pipelines/about","license":"CC BY 4.0","length_km":0.01137548,"spatial_confidence":"0"}},{"type":"Feature","geometry":{"type":"MultiLineString","coordinates":[[[150.25726318400007,-27.751972197221853],[150.25152587900004,-27.755819320221743]],[[150.25152587900004,-27.755819320221743],[150.24686305700004,-27.75895453422168]],[[150.24686305700004,-27.75895453422168],[150.24685668900008,-27.758958816221707]],[[150.24685668900008,-27.758958816221707],[150.24618530300006,-27.759407042221692],[150.24154663100012,-27.760749816221683]],[[150.24154663100012,-27.760749816221683],[150.24150078700006,-27.760762999221665]],[[150.24150078700006,-27.760762999221665],[150.23829650900007,-27.761684417221662]],[[150.23829650900007,-27.761684417221662],[150.23486328100012,-27.762676238221662]],[[150.23486328100012,-27.762676238221662],[150.2281494140001,-27.76460838222158]]]},"properties":{"id":"ga:pipe0:188","layer":"pipelines_oil","name":"Moonie Main Line","subtype":"Oil pipeline","status":"fully capable of operation.","country":"AU","state":"Queensland","source":"Geoscience Australia","source_url":"https://digital.atlas.gov.au/datasets/digitalatlas::gas-pipelines/about","license":"CC BY 4.0","length_km":0.03211245,"spatial_confidence":"0"}},{"type":"Feature","geometry":{"type":"MultiLineString","coordinates":[[[150.25152587900004,-27.755819320221743],[150.26666259800004,-27.75744438122175],[150.3258361820001,-27.7545127862218],[150.43316650400004,-27.74962806622188],[150.43441772500012,-27.747394561221927],[150.50085449200003,-27.744741439221947],[150.5738525390001,-27.736925124222132],[150.63958740200007,-27.72938919022224],[150.6568908690001,-27.72841262722226],[150.70043945300006,-27.727436065222275],[150.73867797900004,-27.721014022222416],[150.772720337,-27.716966628222487],[150.82646179200003,-27.711105346222578],[150.8949890140001,-27.702871322222755],[150.92799377400002,-27.69974327022278],[150.95764160200008,-27.695692061222918],[151.00761413600003,-27.688354491223045],[151.03385925300006,-27.68472480722308],[151.08506774900002,-27.675233840223278],[151.14857482900004,-27.672304152223333],[151.17034912100007,-27.672304152223333],[151.21331787100007,-27.6690940852234],[151.26969909700006,-27.668254851223406],[151.45239257800006,-27.667545318223404],[151.481140137,-27.666858672223448],[151.49803161600005,-27.66588211022347],[151.53179931600005,-27.665740966223463],[151.54547119100005,-27.665868758223457],[151.55693054200003,-27.665042876223467],[151.59013366700003,-27.664344787223452],[151.63438415500002,-27.661693572223548],[151.68447876000005,-27.661413192223492],[151.70709228500004,-27.661972045223518],[151.72203064000007,-27.661134719223533],[151.73933410600011,-27.661134719223533],[151.75636291500007,-27.660018920223557],[151.7687835690001,-27.659738540223568],[151.79306030300006,-27.654294967223635],[151.8290710450001,-27.649827956223735],[151.86033630400004,-27.650665282223734],[151.86955261200012,-27.650108336223735],[151.87568664600008,-27.649129867223735],[151.88670349100005,-27.646595000223826],[151.89759826700003,-27.644525527223863],[151.90751647900004,-27.6401977532239],[151.93388366700003,-27.63894271822394],[151.9436645510001,-27.63712882922396],[151.95314025900007,-27.636150359223976],[151.95747375500002,-27.632801055224057],[151.96640014600007,-27.6312656392241],[151.9737854000001,-27.627143859224145],[151.97982788100012,-27.623342513224234],[151.9839630130001,-27.620214461224318],[151.99133300800008,-27.617643355224367],[151.99603271500007,-27.616973876224378],[152.0000457760001,-27.61719703622438],[152.01200866700003,-27.618314742224314],[152.01658630400004,-27.61965560822431],[152.02095031700003,-27.61976623422428],[152.02519226100003,-27.618761062224333],[152.02922058100012,-27.62077331422429],[152.03648376500007,-27.62535476622423],[152.04151916500007,-27.628149032224137],[152.04788208000002,-27.628147124224142],[152.051452637,-27.62937736422415],[152.05403137200005,-27.6306056972241],[152.05917358400006,-27.630495070224082],[152.06398010300006,-27.63094139022411],[152.06878662100007,-27.628482818224132],[152.0742645260001,-27.62781143122412],[152.08587646500007,-27.626918792224178],[152.11158752400002,-27.621330260224294],[152.12577819800003,-27.61987686122431],[152.14131164600008,-27.619318007224297],[152.1533660890001,-27.620323180224297],[152.16186523400006,-27.621553420224256],[152.19549560500002,-27.625911712224177],[152.24691772500012,-27.633064269224093],[152.25283813500005,-27.632841109224067],[152.25831604000007,-27.633399962224036],[152.27072143600003,-27.63563537522403],[152.2822265630001,-27.638206481223943],[152.32603454600007,-27.64300918522388],[152.33486938500005,-27.644462584223813],[152.35743713400007,-27.6474800102238],[152.3638458250001,-27.647392272223804],[152.37152099600007,-27.64826202322378],[152.37945556600005,-27.6507205952237],[152.38760376000005,-27.650259017223707],[152.40060424800004,-27.648935317223735],[152.4065551760001,-27.64934921222373],[152.40870666500007,-27.64934921222373],[152.41152954100005,-27.649099349223782],[152.41484069800003,-27.650259017223707],[152.41740417500012,-27.65224647422371],[152.41822814900002,-27.653984069223686],[152.4202270510001,-27.65621948122366],[152.42460632300003,-27.656965255223632],[152.43074035600011,-27.659118651223576],[152.4400939940001,-27.65928459122357],[152.44845581100003,-27.66102218522355],[152.45648193400007,-27.663837432223506],[152.4629364010001,-27.664997100223488],[152.4766845700001,-27.66681861822344],[152.49250793500005,-27.66921997022338],[152.51742553700012,-27.6696338642234],[152.54316711400008,-27.67046165422335],[152.579849243,-27.660440444223543],[152.59350585900006,-27.65630149722361],[152.60386657700008,-27.656633376223606],[152.61355590800008,-27.657295226223606],[152.62738037100007,-27.657625197223588],[152.63130188000002,-27.65517806922366],[152.63568115200007,-27.65971374422358],[152.63827514600007,-27.658418654223556],[152.64346313500005,-27.661981582223508],[152.65237426800002,-27.663925170223486],[152.65577697800006,-27.663764953223467],[152.65803527800006,-27.66230583122351],[152.66322326700003,-27.662467956223477],[152.67018127400002,-27.662305831223517],[152.67391967800006,-27.659875869223562],[152.67779541000004,-27.656959533223613],[152.6928710940001,-27.657932280223584],[152.70048522900004,-27.654529571223648],[152.7168426510001,-27.655986785223647],[152.72300720200008,-27.653556823223685],[152.7359619140001,-27.65242385822369],[152.74697876000005,-27.650480269223717],[152.75831604000007,-27.647888183223785],[152.7643127440001,-27.644809722223876],[152.78067016600005,-27.647239684223766],[152.80400085400004,-27.64432334822383],[152.88322448700012,-27.640594481223946],[152.89991760300006,-27.634115218224043],[152.9039611820001,-27.63411521822405],[152.9075317380001,-27.632980346224045],[152.91206359900002,-27.632493972224072],[152.93264770500002,-27.634277343224024],[152.9593658450001,-27.629093169224152],[152.98901367200006,-27.62244987422428],[153.00100708000002,-27.620830535224297],[153.01234436000004,-27.620019912224315],[153.02352905300006,-27.61429977322442],[153.0264129640001,-27.608007430224554],[153.0327148440001,-27.603244780224607],[153.0401916500001,-27.600353240224656],[153.04971313500005,-27.598314284224706],[153.05876159700006,-27.595928191224775],[153.066513062,-27.59010124122486],[153.06886291500007,-27.586494445224947],[153.0787658690001,-27.580821990225026],[153.09329223600002,-27.568490981225267],[153.10368347200006,-27.544879912225692],[153.1061859130001,-27.52893257022598],[153.1080627440001,-27.51936149522616],[153.10853576700003,-27.510206222226365],[153.11181640600012,-27.499595641226588],[153.11393737800006,-27.496683120226606],[153.11694335900006,-27.476804732226984],[153.11688232400002,-27.47186469922711],[153.124206543,-27.47005081122712],[153.12825012200005,-27.46256065322728],[153.12989807100007,-27.46048164322732],[153.13227844200003,-27.45605468722736],[153.13412475600012,-27.45319938622747],[153.13624572800006,-27.444044112227633],[153.1416473390001,-27.4357223502278],[153.14192199700005,-27.43371963422779],[153.1466369630001,-27.427017211227938],[153.15122985800008,-27.42161178522806]],[[150.24697876000005,-27.75533103822176],[150.25137329100005,-27.755802154221783]],[[150.25137329100005,-27.755802154221783],[150.25152587900004,-27.755819320221743]]]},"properties":{"id":"ga:pipe0:189","layer":"pipelines_oil","name":"Moonie to Brisbane","subtype":"Oil pipeline","status":"fully capable of operation.","country":"AU","state":"Queensland","source":"Geoscience Australia","source_url":"https://digital.atlas.gov.au/datasets/digitalatlas::gas-pipelines/about","license":"CC BY 4.0","length_km":3.06892551,"spatial_confidence":"0"}},{"type":"Feature","geometry":{"type":"LineString","coordinates":[[140.12722778300008,-27.570970534225218],[140.1281585690001,-27.571264266225207],[140.1278991700001,-27.574682235225147],[140.12760925300006,-27.574888228225145],[140.12757873500004,-27.575077056225126]]},"properties":{"id":"ga:pipe0:190","layer":"pipelines_oil","name":"Moorari 1 Flowline","subtype":"Oil pipeline","status":"fully capable of operation.","country":"AU","state":"South Australia","source":"Geoscience Australia","source_url":"https://digital.atlas.gov.au/datasets/digitalatlas::gas-pipelines/about","license":"CC BY 4.0","length_km":0.00495076,"spatial_confidence":"0"}},{"type":"Feature","geometry":{"type":"MultiLineString","coordinates":[[[140.1352233890001,-27.554965972225553],[140.13542175300006,-27.5552635182255],[140.1324462890001,-27.56139755122542],[140.13238168200007,-27.561554060225426]],[[140.13238168200007,-27.561554060225426],[140.13146452400008,-27.56377584722539]],[[140.13146452400008,-27.56377584722539],[140.1312408450001,-27.564317702225363],[140.12847900400004,-27.569955825225247],[140.12806701700003,-27.574598311225184],[140.1280519710001,-27.574609260225184]],[[140.1280519710001,-27.574609260225184],[140.1278288430001,-27.57477162522517]],[[140.1278288430001,-27.57477162522517],[140.12763977100008,-27.574909209225122]],[[140.12763977100008,-27.574909209225122],[140.127624512,-27.574993133225153]]]},"properties":{"id":"ga:pipe0:191","layer":"pipelines_oil","name":"Moorari 4 Flowline","subtype":"Oil pipeline","status":"fully capable of operation.","country":"AU","state":"South Australia","source":"Geoscience Australia","source_url":"https://digital.atlas.gov.au/datasets/digitalatlas::gas-pipelines/about","license":"CC BY 4.0","length_km":0.02188704,"spatial_confidence":"0"}},{"type":"Feature","geometry":{"type":"LineString","coordinates":[[140.1461181640001,-27.557008742225527],[140.14617919900002,-27.557146071225493],[140.14035034200003,-27.56312370222539],[140.13873291000004,-27.56390571522537],[140.13754272500012,-27.56319045922535],[140.13226318400007,-27.565029143225306],[140.1310882570001,-27.564809798225323],[140.12858581500006,-27.56993102922525],[140.12828064000007,-27.57457542322514],[140.12780761700003,-27.57490348722516],[140.12779235800008,-27.575019835225163]]},"properties":{"id":"ga:pipe0:192","layer":"pipelines_oil","name":"Moorari 6 Flowline","subtype":"Oil pipeline","status":"fully capable of operation.","country":"AU","state":"South Australia","source":"Geoscience Australia","source_url":"https://digital.atlas.gov.au/datasets/digitalatlas::gas-pipelines/about","license":"CC BY 4.0","length_km":0.029517650000000003,"spatial_confidence":"0"}},{"type":"Feature","geometry":{"type":"LineString","coordinates":[[140.13520813000002,-27.568315505225293],[140.1285400390001,-27.5716094962252],[140.1283111570001,-27.574590682225146],[140.12783813500005,-27.57492256122519],[140.1278228760001,-27.575025557225135]]},"properties":{"id":"ga:pipe0:193","layer":"pipelines_oil","name":"Moorari 7 Flowline","subtype":"Oil pipeline","status":"fully capable of operation.","country":"AU","state":"South Australia","source":"Geoscience Australia","source_url":"https://digital.atlas.gov.au/datasets/digitalatlas::gas-pipelines/about","license":"CC BY 4.0","length_km":0.011109240000000001,"spatial_confidence":"0"}},{"type":"Feature","geometry":{"type":"MultiLineString","coordinates":[[[140.12953186000004,-27.5569267262255],[140.12960815400004,-27.55689430122547],[140.13079834000007,-27.557081222225477],[140.13092041000004,-27.55712890522548],[140.13185119600007,-27.560062407225434],[140.13211059600008,-27.560487746225434],[140.13238525400004,-27.56100273022542],[140.13243103000002,-27.56140327422543],[140.13238168200007,-27.561554060225426]],[[140.13238168200007,-27.561554060225426],[140.1322937010001,-27.561822890225407],[140.13166809100005,-27.56332969622538],[140.13146452400008,-27.56377584722539]],[[140.13146452400008,-27.56377584722539],[140.13121032700008,-27.56433296122537],[140.1309814450001,-27.564813613225336],[140.130706787,-27.565382003225338],[140.1305999760001,-27.56557273822532],[140.13055419900002,-27.565717696225338],[140.13047790500002,-27.565851211225294],[140.12945556600005,-27.56790351822529],[140.1284637450001,-27.56995582522525],[140.1280519710001,-27.574609260225184]],[[140.1280519710001,-27.574609260225184],[140.12805175800008,-27.574611663225173],[140.1278288430001,-27.57477162522517]],[[140.1278288430001,-27.57477162522517],[140.12763977100008,-27.574907302225178],[140.12763977100008,-27.574909209225122]],[[140.12763977100008,-27.574909209225122],[140.12763977100008,-27.57496833722516]]]},"properties":{"id":"ga:pipe0:194","layer":"pipelines_oil","name":"Moorari 8 Flowline","subtype":"Oil pipeline","status":"fully capable of operation.","country":"AU","state":"South Australia","source":"Geoscience Australia","source_url":"https://digital.atlas.gov.au/datasets/digitalatlas::gas-pipelines/about","license":"CC BY 4.0","length_km":0.02065958,"spatial_confidence":"0"}},{"type":"Feature","geometry":{"type":"LineString","coordinates":[[140.12719726600005,-27.57502746522513],[140.12663269000006,-27.579071044225095],[140.12634277300003,-27.581287383225018],[140.12576293900008,-27.585468291224974],[140.12561035200008,-27.58667373622493],[140.1254577640001,-27.5877113332249],[140.12539672900004,-27.588026046224915],[140.12525939900002,-27.58835792422491],[140.1250762940001,-27.58869743222487],[140.12336731000005,-27.591966628224835],[140.12236022900004,-27.59400749122478],[140.1216583250001,-27.595344542224762],[140.12144470200008,-27.595777511224792],[140.1213226320001,-27.596233367224748],[140.1207275390001,-27.598476409224688],[140.11912536600005,-27.604362487224584],[140.1186523440001,-27.606229781224563],[140.11856079100005,-27.60647964422459],[140.11836242700008,-27.606849669224573],[140.11689758300008,-27.609069823224527],[140.11314392100007,-27.614706038224387],[140.11297607400002,-27.614973067224422],[140.11074829100005,-27.618326186224355],[140.1096801760001,-27.6198997492243],[140.10519409200003,-27.62667274422418],[140.1051025390001,-27.62687873722418],[140.1051025390001,-27.627033233224168],[140.10511779800004,-27.627197265224154],[140.10728454600007,-27.641178130223896],[140.10818481400008,-27.647682189223794],[140.10859680200008,-27.650562285223742],[140.1087036130001,-27.65178108122371],[140.10871887200005,-27.652769088223685],[140.10874939000007,-27.653427123223686],[140.1088562010001,-27.654613494223682],[140.1089630130001,-27.655994414223624],[140.10906982400002,-27.6574821462236],[140.10923767100007,-27.65949439922358],[140.10940551800002,-27.66156959422352],[140.1094512940001,-27.662117003223546],[140.1096038820001,-27.664285659223474],[140.1096801760001,-27.665212630223476],[140.10978698700012,-27.666427611223423],[140.10990905800008,-27.668104171223426],[140.11000061000004,-27.66913604622338],[140.11035156200012,-27.672695159223295],[140.11141967800006,-27.686166762223074],[140.11149597200006,-27.68751525822304],[140.11146545400004,-27.68759727422305],[140.1114044190001,-27.68767929022302],[140.1112976070001,-27.68771362222305],[140.10621643100012,-27.687732696223026],[140.10450744600007,-27.687419890223026],[140.10433960000012,-27.687370299223023],[140.10379028300008,-27.687166213223037],[140.10369873000002,-27.68720817522305],[140.1035919190001,-27.687419890223026]]},"properties":{"id":"ga:pipe0:195","layer":"pipelines_oil","name":"Moorari to Tirrawarra Trunkline","subtype":"Oil pipeline","status":"fully capable of operation.","country":"AU","state":"South Australia","source":"Geoscience Australia","source_url":"https://digital.atlas.gov.au/datasets/digitalatlas::gas-pipelines/about","license":"CC BY 4.0","length_km":0.12658701,"spatial_confidence":"0"}},{"type":"Feature","geometry":{"type":"LineString","coordinates":[[140.54249572800006,-28.293361663211908],[140.54267883300008,-28.2935771932119],[140.54289245600012,-28.293651580211886],[140.5453796390001,-28.296495437211853],[140.54641723600002,-28.297414779211813],[140.54708862300004,-28.29824829021179],[140.5475158690001,-28.298990249211812],[140.54843139600007,-28.301500319211726],[140.5485687260001,-28.301746367211745],[140.5487976070001,-28.302007674211747],[140.5489807130001,-28.30215644721173],[140.5491333010001,-28.302253722211745],[140.5492858890001,-28.302337645211725],[140.54945373500004,-28.30240440321173],[140.55178833000002,-28.30304527221171],[140.55351257300003,-28.303581237211688],[140.55467224100005,-28.309169768211586]]},"properties":{"id":"ga:pipe0:196","layer":"pipelines_oil","name":"Mudlalee 4 Flowline","subtype":"Oil pipeline","status":"fully capable of operation.","country":"AU","state":"South Australia","source":"Geoscience Australia","source_url":"https://digital.atlas.gov.au/datasets/digitalatlas::gas-pipelines/about","license":"CC BY 4.0","length_km":0.021606610000000002,"spatial_confidence":"0"}},{"type":"Feature","geometry":{"type":"MultiLineString","coordinates":[[[143.40083752200007,-26.891201370238228],[143.4006195070001,-26.890893935238207],[143.397720337,-26.890300750238264],[143.39245605500003,-26.88270187323839],[143.39212036100002,-26.8823833462384],[143.39172363300008,-26.882133483238388],[143.3911895750001,-26.881944655238414],[143.3907012940001,-26.881879806238413],[143.36766052200005,-26.882329940238414],[143.3629455570001,-26.883583068238355],[143.36242675800008,-26.883647918238346],[143.351669312,-26.88246345423838],[143.33303833000002,-26.882549285238408],[143.30827331500006,-26.882356643238406],[143.3062286380001,-26.882661818238393],[143.30413818400007,-26.882757186238404],[143.30305481000005,-26.882957457238387],[143.29287719700005,-26.88913536023825],[143.29130554200003,-26.88705253523828],[143.2891845700001,-26.888343810238307]],[[143.4011077880001,-26.891582488238235],[143.40083752200007,-26.891201370238228]]]},"properties":{"id":"ga:pipe0:197","layer":"pipelines_oil","name":"Mulberry to Tarbat Gathering Line","subtype":"Oil pipeline","status":"fully capable of operation.","country":"AU","state":"Queensland","source":"Geoscience Australia","source_url":"https://digital.atlas.gov.au/datasets/digitalatlas::gas-pipelines/about","license":"CC BY 4.0","length_km":0.11996423,"spatial_confidence":"0"}},{"type":"Feature","geometry":{"type":"MultiLineString","coordinates":[[[139.88988449500005,-28.13646490721473],[139.8901824950001,-28.135677337214748],[139.8895721440001,-28.133394240214812]],[[139.86161857000002,-28.175864933214026],[139.86233520500002,-28.175823211214027],[139.8630981450001,-28.175378798214016],[139.86387634300002,-28.173742293214087],[139.88975524900002,-28.13680648721472],[139.88988449500005,-28.13646490721473]],[[139.861175537,-28.17512130621406],[139.86121103800008,-28.175715953214013]],[[139.86121103800008,-28.175715953214013],[139.8612213130001,-28.17588806121402],[139.86161857000002,-28.175864933214026]]]},"properties":{"id":"ga:pipe0:198","layer":"pipelines_oil","name":"Muteroo 6  Option 1 Flowline","subtype":"Proposed Oil pipeline","status":"proposed infrastructure.","country":"AU","state":"South Australia","source":"Geoscience Australia","source_url":"https://digital.atlas.gov.au/datasets/digitalatlas::gas-pipelines/about","license":"CC BY 4.0","length_km":0.05324907,"spatial_confidence":"0"}},{"type":"Feature","geometry":{"type":"MultiLineString","coordinates":[[[142.1385943030001,-27.516197726226263],[142.18066406200012,-27.513101577226333],[142.18302917500012,-27.513254165226332]],[[142.13583374000007,-27.519237517226188],[142.13581848100011,-27.51901435822623],[142.13580322300004,-27.51855468722619],[142.13829040500002,-27.51622009222626],[142.1385943030001,-27.516197726226263]]]},"properties":{"id":"ga:pipe0:199","layer":"pipelines_oil","name":"Naccowlah East 2 Flowline","subtype":"Oil pipeline","status":"fully capable of operation.","country":"AU","state":"Queensland","source":"Geoscience Australia","source_url":"https://digital.atlas.gov.au/datasets/digitalatlas::gas-pipelines/about","license":"CC BY 4.0","length_km":0.04895311,"spatial_confidence":"0"}},{"type":"Feature","geometry":{"type":"MultiLineString","coordinates":[[[142.0971374510001,-27.524251937226115],[142.1265106200001,-27.520334243226184],[142.13110351600005,-27.51571464422625],[142.13572692900004,-27.519325255226185]],[[142.05334472700008,-27.526588439226064],[142.0741882320001,-27.524330138226112],[142.08265686000004,-27.523803710226133],[142.095474243,-27.524473189226118],[142.0971374510001,-27.524251937226115]]]},"properties":{"id":"ga:pipe0:200","layer":"pipelines_oil","name":"Naccowlah Production Spineline","subtype":"Oil pipeline","status":"fully capable of operation.","country":"AU","state":"Queensland","source":"Geoscience Australia","source_url":"https://digital.atlas.gov.au/datasets/digitalatlas::gas-pipelines/about","license":"CC BY 4.0","length_km":0.08597692,"spatial_confidence":"0"}},{"type":"Feature","geometry":{"type":"MultiLineString","coordinates":[[[142.2546234130001,-27.539365767225842],[142.23635864300002,-27.525907515226084],[142.19436645500002,-27.52740287722606],[142.17898559600008,-27.528388976226026],[142.16775512700008,-27.528034209226014],[142.13755798300008,-27.52505683822608],[142.13325500500002,-27.522008895226136]],[[142.41430664100005,-27.614686965224408],[142.41055297900004,-27.612041472224483],[142.4004669190001,-27.61359405422443],[142.35578918500005,-27.602979659224633],[142.3477020260001,-27.60191154422464],[142.33337402300003,-27.597848891224704],[142.3144226070001,-27.57927322322507],[142.28511047400002,-27.55894660822548],[142.27822876000005,-27.554700850225526],[142.2606353760001,-27.5442523952257],[142.2546234130001,-27.539365767225842]],[[142.4147033690001,-27.61497116022442],[142.41430664100005,-27.614686965224408]]]},"properties":{"id":"ga:pipe0:201","layer":"pipelines_oil","name":"Naccowlah to Jackson Trunkline","subtype":"Oil pipeline","status":"fully capable of operation.","country":"AU","state":"Queensland","source":"Geoscience Australia","source_url":"https://digital.atlas.gov.au/datasets/digitalatlas::gas-pipelines/about","license":"CC BY 4.0","length_km":0.30973112,"spatial_confidence":"0"}},{"type":"Feature","geometry":{"type":"LineString","coordinates":[[142.5176239010001,-27.70501518122271],[142.517684937,-27.705787658222693],[142.51936340300006,-27.710935592222576],[142.52027893100012,-27.71442985422252],[142.52108764600007,-27.715518950222535],[142.52345275900007,-27.71692848122249]]},"properties":{"id":"ga:pipe0:202","layer":"pipelines_oil","name":"Nockatunga North 1 Flowline","subtype":"Proposed Oil pipeline","status":"proposed infrastructure.","country":"AU","state":"Queensland","source":"Geoscience Australia","source_url":"https://digital.atlas.gov.au/datasets/digitalatlas::gas-pipelines/about","license":"CC BY 4.0","length_km":0.013911550000000002,"spatial_confidence":"0"}},{"type":"Feature","geometry":{"type":"MultiLineString","coordinates":[[[140.03654480000012,-27.596082686224772],[140.03652954100005,-27.59584617522475],[140.0376739500001,-27.595266341224754],[140.0380554200001,-27.594804763224765],[140.03858947800006,-27.59348106322479],[140.03886413600003,-27.590103148224877],[140.03904724100005,-27.589361190224878],[140.03919982900004,-27.58898162722487],[140.04031372100008,-27.58805465622488]],[[140.03480529800004,-27.62608718822421],[140.0375671390001,-27.623205184224247],[140.03810119600007,-27.622495650224252],[140.03816223100011,-27.622278213224252],[140.03802490200007,-27.619359969224316],[140.03637695300006,-27.607206344224533],[140.0374908450001,-27.606136321224543],[140.03691101100003,-27.59974861022466],[140.03665161100002,-27.597673415224726],[140.03654480000012,-27.596082686224772]]]},"properties":{"id":"ga:pipe0:203","layer":"pipelines_oil","name":"Brolga 2 Flowline","subtype":"Oil pipeline","status":"fully capable of operation.","country":"AU","state":"South Australia","source":"Geoscience Australia","source_url":"https://digital.atlas.gov.au/datasets/digitalatlas::gas-pipelines/about","license":"CC BY 4.0","length_km":0.041493749999999996,"spatial_confidence":"0"}},{"type":"Feature","geometry":{"type":"LineString","coordinates":[[140.36755371100003,-28.531822204207618],[140.36755371100003,-28.532726287207574],[140.36744689900002,-28.533689498207547],[140.36753845200008,-28.538000106207505],[140.36746215800008,-28.53977584720748],[140.3674926760001,-28.551784514207235],[140.3674163820001,-28.553356170207213],[140.3669281010001,-28.558637618207136],[140.36720275900007,-28.559047698207127]]},"properties":{"id":"ga:pipe0:204","layer":"pipelines_oil","name":"Nungeroo 1 Flowline","subtype":"Oil pipeline","status":"fully capable of operation.","country":"AU","state":"South Australia","source":"Geoscience Australia","source_url":"https://digital.atlas.gov.au/datasets/digitalatlas::gas-pipelines/about","license":"CC BY 4.0","length_km":0.027341900000000002,"spatial_confidence":"0"}},{"type":"Feature","geometry":{"type":"LineString","coordinates":[[139.34875488300008,-27.92147064121871],[139.3473205570001,-27.922708510218648],[139.3458557130001,-27.923973082218673],[139.34440612800006,-27.925201415218606],[139.34297180200008,-27.926446914218577],[139.34155273400006,-27.927665709218548],[139.34005737300004,-27.92892074521856],[139.33854675300006,-27.93012046721851],[139.33697509800004,-27.931266784218494],[139.3354187010001,-27.93241310021849],[139.33386230500003,-27.933547973218467],[139.33229064900002,-27.93470191921845],[139.33078002900004,-27.935848235218444],[139.32919311500007,-27.938419341218403],[139.3279418950001,-27.93840408221839],[139.32675170900006,-27.939844130218365],[139.32551574700005,-27.94131660421832],[139.32435607900004,-27.942684173218304],[139.32386779800004,-27.944482802218285],[139.32344055200008,-27.946254729218243],[139.32296752900004,-27.9480266562182],[139.32168579100005,-27.949384688218167],[139.32014465300006,-27.950565337218134],[139.31828308100012,-27.951255797218174],[139.31642150900007,-27.95191955521813],[139.31454467800006,-27.952527999218137],[139.3126525880001,-27.953172683218135],[139.31079101600005,-27.953844069218093],[139.30888366700003,-27.954479217218086],[139.306976318,-27.95502471821805],[139.30497741700003,-27.955188750218106],[139.30299377400002,-27.95547294521804],[139.30107116700003,-27.955827712218067],[139.30050659200003,-27.95590972821808],[139.29907226600005,-27.956136702218075],[139.29705810500002,-27.95601272521809],[139.29508972200006,-27.955825805218048],[139.29306030300006,-27.955619811218067],[139.29138183600003,-27.95569801221806]]},"properties":{"id":"ga:pipe0:205","layer":"pipelines_oil","name":"Parsons to Calla Flowline","subtype":"Oil pipeline","status":"fully capable of operation.","country":"AU","state":"South Australia","source":"Geoscience Australia","source_url":"https://digital.atlas.gov.au/datasets/digitalatlas::gas-pipelines/about","license":"CC BY 4.0","length_km":0.07182706,"spatial_confidence":"0"}},{"type":"Feature","geometry":{"type":"MultiLineString","coordinates":[[[141.6807098390001,-28.11025047221522],[141.68051147500012,-28.110521316215213],[141.6808166500001,-28.110876082215192],[141.6816406250001,-28.111375808215232],[141.68247608000001,-28.111749864215216]],[[141.68247608000001,-28.111749864215216],[141.68247985800008,-28.111751555215186],[141.68248789400002,-28.11176186221521]],[[141.68248789400002,-28.11176186221521],[141.68283081100003,-28.112201690215166],[141.68496704100005,-28.11359786921519],[141.6851806640001,-28.113655089215158],[141.68544224800007,-28.113602772215177]],[[141.68544224800007,-28.113602772215177],[141.68571472200006,-28.11354827821514],[141.685744805,-28.113555498215177]],[[141.685744805,-28.113555498215177],[141.6860548510001,-28.113629909215142]],[[141.6860548510001,-28.113629909215142],[141.68609619100005,-28.113639831215142],[141.6862007310001,-28.113733538215158]],[[141.6862007310001,-28.113733538215158],[141.6878814700001,-28.115240096215143],[141.68855285600011,-28.11550521821512],[141.68867492700008,-28.115856170215135]]]},"properties":{"id":"ga:pipe0:206","layer":"pipelines_oil","name":"Patroclus 4 Flowline","subtype":"Oil pipeline","status":"fully capable of operation.","country":"AU","state":"Queensland","source":"Geoscience Australia","source_url":"https://digital.atlas.gov.au/datasets/digitalatlas::gas-pipelines/about","license":"CC BY 4.0","length_km":0.010458670000000002,"spatial_confidence":"0"}},{"type":"Feature","geometry":{"type":"MultiLineString","coordinates":[[[141.68247608000001,-28.111749864215216],[141.68246460000012,-28.11173820421518],[141.68165588400007,-28.11136627121518],[141.6808166500001,-28.1108646382152],[141.68054199200003,-28.110534667215212],[141.68072509800004,-28.1102581012152]],[[141.68248789400002,-28.11176186221521],[141.68247608000001,-28.111749864215216]],[[141.68544224800007,-28.113602772215177],[141.6851806640001,-28.113643645215173],[141.68498230000012,-28.113584517215187],[141.6830749510001,-28.112358092215185],[141.68248789400002,-28.11176186221521]],[[141.6860548510001,-28.113629909215142],[141.68591308600003,-28.113529204215162],[141.685744805,-28.113555498215177]],[[141.685744805,-28.113555498215177],[141.68544224800007,-28.113602772215177]],[[141.6862007310001,-28.113733538215158],[141.6860548510001,-28.113629909215142]],[[141.6965179440001,-28.12163925121503],[141.69557189900002,-28.120937346215015],[141.69476318400007,-28.120578765215026],[141.69424438500005,-28.12045860221505],[141.69270324700005,-28.11915779021507],[141.69195556600005,-28.11862373321509],[141.69102478000002,-28.11753272921508],[141.69059753400006,-28.116012572215137],[141.6902465820001,-28.115413665215108],[141.68988037100007,-28.11501693621514],[141.6890411380001,-28.11462211521515],[141.6871643070001,-28.114418029215166],[141.6862007310001,-28.113733538215158]]]},"properties":{"id":"ga:pipe0:207","layer":"pipelines_oil","name":"Patroclus East 1 Flowline","subtype":"Oil pipeline","status":"fully capable of operation.","country":"AU","state":"Queensland","source":"Geoscience Australia","source_url":"https://digital.atlas.gov.au/datasets/digitalatlas::gas-pipelines/about","license":"CC BY 4.0","length_km":0.020842850000000003,"spatial_confidence":"0"}},{"type":"Feature","geometry":{"type":"MultiLineString","coordinates":[[[141.68037414600008,-28.11016464121524],[141.67988793900008,-28.110973997215225]],[[141.67988793900008,-28.110973997215225],[141.67974853500004,-28.11120605421522],[141.67994689900002,-28.112047194215183],[141.68882751500007,-28.123949050214964],[141.69120788600003,-28.12840080221492],[141.69429016100003,-28.132369994214837],[141.70043945300006,-28.13923072721472],[141.70349121100003,-28.143636702214625],[141.7147369380001,-28.15233612021446],[141.7456817630001,-28.183815001213883],[141.7565002440001,-28.19624519221368],[141.75712585400004,-28.19673538121362],[141.75848142100006,-28.196901103213637]],[[141.75848142100006,-28.196901103213637],[141.75851440400004,-28.19690513521363]]]},"properties":{"id":"ga:pipe0:208","layer":"pipelines_oil","name":"Patroclus Spineline","subtype":"Oil pipeline","status":"fully capable of operation.","country":"AU","state":"Queensland","source":"Geoscience Australia","source_url":"https://digital.atlas.gov.au/datasets/digitalatlas::gas-pipelines/about","license":"CC BY 4.0","length_km":0.11860755,"spatial_confidence":"0"}},{"type":"Feature","geometry":{"type":"MultiLineString","coordinates":[[[140.0889129640001,-27.806360244220823],[140.08871460000012,-27.806163787220807],[140.08818054200003,-27.806039809220835]],[[140.07473754900002,-27.84829521122007],[140.074325562,-27.84829521122007],[140.07408142100007,-27.84458923222013],[140.07412719700005,-27.844200133220113],[140.0746002200001,-27.84282112022012],[140.0752410890001,-27.841529845220172],[140.0753479000001,-27.840963363220176],[140.07490539600008,-27.83731841922027],[140.0746002200001,-27.833343505220324],[140.07472229000007,-27.832508086220336],[140.08918762200005,-27.806625365220803],[140.0889129640001,-27.806360244220823]]]},"properties":{"id":"ga:pipe0:209","layer":"pipelines_oil","name":"Pelican 11 Flowline","subtype":"Oil pipeline","status":"fully capable of operation.","country":"AU","state":"South Australia","source":"Geoscience Australia","source_url":"https://digital.atlas.gov.au/datasets/digitalatlas::gas-pipelines/about","license":"CC BY 4.0","length_km":0.047356140000000005,"spatial_confidence":"0"}},{"type":"Feature","geometry":{"type":"MultiLineString","coordinates":[[[140.0889129640001,-27.806360244220823],[140.08926391600005,-27.80590820222083],[140.0893249510001,-27.80537414522086],[140.08923339800003,-27.804689406220856],[140.08285522500012,-27.80398750222089],[140.08027648900008,-27.80489921522087]],[[140.0886840820001,-27.806190490220814],[140.0889129640001,-27.806360244220823]]]},"properties":{"id":"ga:pipe0:210","layer":"pipelines_oil","name":"Pelican 8 Flowline","subtype":"Oil pipeline","status":"fully capable of operation.","country":"AU","state":"South Australia","source":"Geoscience Australia","source_url":"https://digital.atlas.gov.au/datasets/digitalatlas::gas-pipelines/about","license":"CC BY 4.0","length_km":0.01123745,"spatial_confidence":"0"}},{"type":"Feature","geometry":{"type":"MultiLineString","coordinates":[[[139.42535400400004,-27.696426391222904],[139.42520419800007,-27.6964956762229]],[[139.42520419800007,-27.6964956762229],[139.42520141600005,-27.696496963222863],[139.42509460400004,-27.69658660822286],[139.42507934600008,-27.696758269222887],[139.425888062,-27.699184417222817],[139.42613220200008,-27.700815200222795],[139.42658996600005,-27.704187392222757],[139.42658996600005,-27.704959868222694],[139.42655944800003,-27.70645141522266],[139.42654418900008,-27.706609725222684],[139.42640686000004,-27.706809997222713],[139.4252929690001,-27.708148955222644],[139.42520141600005,-27.708318709222652],[139.4251861570001,-27.70848083422263],[139.4252624510001,-27.70887756222261]]]},"properties":{"id":"ga:pipe0:211","layer":"pipelines_oil","name":"Pennington Facility to Restart Pit","subtype":"Oil pipeline","status":"fully capable of operation.","country":"AU","state":"South Australia","source":"Geoscience Australia","source_url":"https://digital.atlas.gov.au/datasets/digitalatlas::gas-pipelines/about","license":"CC BY 4.0","length_km":0.01325699,"spatial_confidence":"0"}},{"type":"Feature","geometry":{"type":"LineString","coordinates":[[139.4260101320001,-27.709005355222672],[139.42648315400004,-27.708938598222655],[139.42704772900004,-27.70928573522265],[139.42733764600007,-27.711069106222602],[139.42761230500003,-27.712579726222554],[139.4276275630001,-27.712776183222562],[139.42761230500003,-27.71296691822255],[139.42756652800006,-27.71316337522256],[139.427505493,-27.713342666222548],[139.4273986820001,-27.713516234222524],[139.42700195300006,-27.713947295222557],[139.42683410600011,-27.71417236222252],[139.42671203600003,-27.714397429222547],[139.4266510010001,-27.714637755222526],[139.42663574200003,-27.71489143322255],[139.4269866940001,-27.720672606222443],[139.427017212,-27.720918654222398],[139.42707824700005,-27.721189498222397],[139.42791748000002,-27.72269821122238],[139.42805481000005,-27.7229614252224],[139.42816162100007,-27.723205565222347],[139.42866516100003,-27.724847793222366],[139.4298095700001,-27.728816985222288],[139.43013000500002,-27.73002815122223],[139.43165588400007,-27.734550475222186],[139.43267822300004,-27.739135741222086],[139.43283081100003,-27.74094581522205],[139.43286132800006,-27.74115943822203],[139.43293762200005,-27.74135780222206],[139.43305969200003,-27.741558074222013],[139.43321228000002,-27.74174117922205],[139.433364868,-27.741878509222005],[139.43362426800002,-27.742034911222017],[139.43429565400004,-27.742383956222024],[139.4344940190001,-27.742521285222],[139.43467712400002,-27.742691039222013],[139.434829712,-27.742872237222013],[139.4349517820001,-27.74308395322197],[139.4351806640001,-27.743593215222006],[139.43580627400002,-27.744983672222002],[139.43624877900004,-27.746227263221957],[139.4370574950001,-27.749603270221883],[139.4371337890001,-27.750064849221864],[139.4371337890001,-27.751947402221855],[139.4371643070001,-27.75222396822181],[139.437271118,-27.752748488221794],[139.43733215300006,-27.75289535422182],[139.43740844700005,-27.75303649822182],[139.437835693,-27.7535762782218],[139.43803405800008,-27.753768920221802],[139.43823242200006,-27.753902434221768],[139.43910217300004,-27.7544136042218]]},"properties":{"id":"ga:pipe0:212","layer":"pipelines_oil","name":"Pennington to Pennington Facility","subtype":"Oil pipeline","status":"fully capable of operation.","country":"AU","state":"South Australia","source":"Geoscience Australia","source_url":"https://digital.atlas.gov.au/datasets/digitalatlas::gas-pipelines/about","license":"CC BY 4.0","length_km":0.049795570000000004,"spatial_confidence":"0"}},{"type":"Feature","geometry":{"type":"MultiLineString","coordinates":[[[140.03654480000012,-27.596082686224772],[140.0279083250001,-27.592800139224803],[140.02311706500006,-27.589803695224848],[140.0084533690001,-27.58402442822498],[140.00787353500004,-27.58426856922497]],[[140.03660583500005,-27.596105575224758],[140.03654480000012,-27.596082686224772]]]},"properties":{"id":"ga:pipe0:213","layer":"pipelines_oil","name":"Brolga 3 Flowline","subtype":"Oil pipeline","status":"fully capable of operation.","country":"AU","state":"South Australia","source":"Geoscience Australia","source_url":"https://digital.atlas.gov.au/datasets/digitalatlas::gas-pipelines/about","license":"CC BY 4.0","length_km":0.03134614,"spatial_confidence":"0"}},{"type":"Feature","geometry":{"type":"MultiLineString","coordinates":[[[139.2909851070001,-27.955665587218046],[139.29103088400007,-27.95563125521805],[139.2908589650001,-27.955753785218043]],[[139.2908589650001,-27.955753785218043],[139.29016113300008,-27.956251143218054],[139.28979492200006,-27.95616531321808],[139.28855896000005,-27.956556319218034],[139.28850424600012,-27.956600448218047]],[[139.28850424600012,-27.956600448218047],[139.28791809100005,-27.957073211218034],[139.2878265380001,-27.957279204218047],[139.2879028320001,-27.95723342821801],[139.2878265380001,-27.957450866218057],[139.2878230560001,-27.957574339218016]],[[139.2878230560001,-27.957574339218016],[139.28780773900007,-27.958117464217995]],[[139.28780773900007,-27.958117464217995],[139.287780762,-27.959074019217987],[139.28783078000004,-27.959109449218015]],[[139.28783078000004,-27.959109449218015],[139.28787231400008,-27.959138869217988],[139.28791809100005,-27.959697722218007],[139.28785705600012,-27.959823607217995],[139.28792675900002,-27.963241548217944]],[[139.28792675900002,-27.963241548217944],[139.28796386700003,-27.965061187217874],[139.28797174700003,-27.965178395217876]],[[139.28797174700003,-27.965178395217876],[139.28807067900004,-27.966650008217886],[139.28807067900004,-27.969437673217804]],[[139.28807067900004,-27.969437673217804],[139.28807067900004,-27.969898223217807],[139.28809194200005,-27.97035309621776]],[[139.28809194200005,-27.97035309621776],[139.28817749000007,-27.972183227217755],[139.2881524400001,-27.972957693217737]],[[139.2881524400001,-27.972957693217737],[139.2881317140001,-27.973598479217756],[139.28817154500007,-27.97378020621773]],[[139.28817154500007,-27.97378020621773],[139.28822326700003,-27.974016189217703],[139.2883148190001,-27.975379943217686],[139.28828430200008,-27.97696876421769],[139.28843689000007,-27.97762870721765],[139.2883911130001,-27.978151320217624],[139.28855104900003,-27.98031712521758]],[[139.28855104900003,-27.98031712521758],[139.28859433500008,-27.980903286217572]],[[139.28859433500008,-27.980903286217572],[139.2886199950001,-27.98125076221757],[139.28855896000005,-27.98285484221753],[139.2883911130001,-27.984630584217506],[139.28831086000002,-27.98474093221752]],[[139.28831086000002,-27.98474093221752],[139.28829956100003,-27.98475646921755],[139.2883021770001,-27.984858487217494]],[[139.2883021770001,-27.984858487217494],[139.2883148190001,-27.98535156221749],[139.28825339000002,-27.985518955217522]],[[139.28825339000002,-27.985518955217522],[139.2882385250001,-27.985559463217506],[139.28822984800001,-27.98583767021752]],[[139.28822984800001,-27.98583767021752],[139.28817749000007,-27.9875164022175],[139.28833007800006,-27.988069533217487],[139.28808593700012,-27.988491057217473],[139.28828430200008,-27.98824119521744]]]},"properties":{"id":"ga:pipe0:214","layer":"pipelines_oil","name":"Perlubie to Parsons Flowline","subtype":"Oil pipeline","status":"fully capable of operation.","country":"AU","state":"South Australia","source":"Geoscience Australia","source_url":"https://digital.atlas.gov.au/datasets/digitalatlas::gas-pipelines/about","license":"CC BY 4.0","length_km":0.03577786,"spatial_confidence":"0"}},{"type":"Feature","geometry":{"type":"LineString","coordinates":[[142.15293884300002,-27.49830055122657],[142.1529846190001,-27.4986286152266],[142.15299987800006,-27.498626708226574],[142.153015137,-27.498624801226565],[142.153015137,-27.498626708226585],[142.15310668900008,-27.4993133532266],[142.15312194800003,-27.49938583322657],[142.1531372070001,-27.499456405226606],[142.152679443,-27.49951171822656],[142.15225219700005,-27.49956321622655],[142.15180969200003,-27.499618529226577],[142.15135192900004,-27.4996738422266],[142.15090942400002,-27.49972724822655],[142.15058898900008,-27.49976348822659],[142.15010070800008,-27.49982261622656],[142.14985656700003,-27.499851226226586],[142.14978027300003,-27.499858855226552],[142.1497192380001,-27.499870299226547],[142.14961242700008,-27.49991035422655],[142.1490020750001,-27.50019073422654],[142.14826965300006,-27.500518798226558],[142.1475067140001,-27.500865935226557],[142.14674377400002,-27.50121498022656],[142.14665222200006,-27.501256942226515],[142.1465606690001,-27.501287459226543],[142.1464538570001,-27.501304625226563],[142.14619445800008,-27.501325606226537],[142.14610290500002,-27.50133514322652],[142.14601135300006,-27.501344680226556],[142.14584350600012,-27.501384734226505],[142.1457366940001,-27.50143432522656],[142.14559936500007,-27.50153732222655],[142.14511108400006,-27.502059936226523],[142.1445770260001,-27.50263595522651],[142.1440429690001,-27.50321006722648],[142.14349365200007,-27.503786086226512],[142.1429595950001,-27.504371642226484],[142.142425537,-27.504930495226443],[142.1419067380001,-27.50549507022643],[142.14135742200006,-27.50607871922644],[142.14082336400008,-27.50664710922643],[142.14030456500006,-27.50720786922641],[142.1400299070001,-27.507492064226412],[142.13949585000012,-27.508075713226425],[142.13920593300008,-27.508380889226405],[142.1392364500001,-27.508558272226395],[142.13925170900006,-27.50864028822641],[142.1394653320001,-27.511053084226347],[142.13951110800008,-27.51185417122635],[142.1395721440001,-27.512659072226317],[142.1396179200001,-27.513177871226333],[142.13963317900004,-27.513252257226323],[142.13963317900004,-27.513317107226314],[142.1396179200001,-27.513391494226305],[142.13960266100003,-27.513454436226304],[142.1395721440001,-27.513519286226302],[142.1395416260001,-27.51357269222631],[142.13949585000012,-27.51362991222629],[142.13945007300003,-27.513681411226337],[142.1393890380001,-27.5137252802263],[142.13932800300006,-27.513763427226298],[142.13926696800002,-27.513793944226318],[142.13919067400002,-27.513828277226295],[142.1391296390001,-27.51385116522628],[142.13908386200012,-27.513858794226316],[142.13903808600003,-27.513864516226292],[142.13865661600005,-27.51388931222628],[142.13832092300004,-27.513914107226277]]},"properties":{"id":"ga:pipe0:215","layer":"pipelines_oil","name":"Pitchery 3 Flowline","subtype":"Oil pipeline","status":"fully capable of operation.","country":"AU","state":"Queensland","source":"Geoscience Australia","source_url":"https://digital.atlas.gov.au/datasets/digitalatlas::gas-pipelines/about","license":"CC BY 4.0","length_km":0.02503746,"spatial_confidence":"0"}},{"type":"Feature","geometry":{"type":"MultiLineString","coordinates":[[[140.28567028500004,-28.51890149520784],[140.2857208250001,-28.518907546207842],[140.28575134300002,-28.51871871820781]],[[140.27740478500004,-28.523939132207733],[140.27751159700006,-28.521764754207776],[140.27763366700003,-28.521398543207795],[140.28430175800008,-28.518823623207812],[140.2846374510001,-28.518777846207843],[140.28567028500004,-28.51890149520784]]]},"properties":{"id":"ga:pipe0:216","layer":"pipelines_oil","name":"Ragno 1 Flowline","subtype":"Oil pipeline","status":"fully capable of operation.","country":"AU","state":"South Australia","source":"Geoscience Australia","source_url":"https://digital.atlas.gov.au/datasets/digitalatlas::gas-pipelines/about","license":"CC BY 4.0","length_km":0.01133219,"spatial_confidence":"0"}},{"type":"Feature","geometry":{"type":"LineString","coordinates":[[140.9533538820001,-27.2392826072315],[140.9531707760001,-27.239538192231485],[140.95220947300004,-27.23974227823153],[140.9511413570001,-27.240077971231475],[140.95030212400002,-27.240509032231493],[140.9501190190001,-27.240718841231505],[140.9492187500001,-27.242240905231444],[140.9484710690001,-27.24363517723145],[140.94807434100005,-27.244060515231393],[140.94770813000002,-27.24422073323142],[140.94209289600008,-27.244272231231413],[140.939788818,-27.243900298231434],[140.9384460450001,-27.243309020231436]]},"properties":{"id":"ga:pipe0:217","layer":"pipelines_oil","name":"Reg Sprigg West 1 Flowline","subtype":"Oil pipeline","status":"fully capable of operation.","country":"AU","state":"South Australia","source":"Geoscience Australia","source_url":"https://digital.atlas.gov.au/datasets/digitalatlas::gas-pipelines/about","license":"CC BY 4.0","length_km":0.0173871,"spatial_confidence":"0"}},{"type":"Feature","geometry":{"type":"LineString","coordinates":[[140.99316406200012,-27.231809615231665],[140.9932098390001,-27.231708526231664],[140.9926452640001,-27.23147392223165],[140.9924163820001,-27.23142433123166],[140.99217224100005,-27.23147582923167],[140.99072265600012,-27.232713698231613],[140.99002075200008,-27.23305129923162],[140.98902893100012,-27.233331679231604],[140.98739624000007,-27.233430861231643],[140.9862213130001,-27.233253478231603],[140.98611450200008,-27.23396873423162],[140.98616027800006,-27.2361831662316],[140.98611450200008,-27.239244460231497],[140.97425842300004,-27.239206313231502],[140.973815918,-27.23924446023149],[140.97244262700008,-27.239562987231487],[140.97073364300002,-27.239231109231497],[140.9636077880001,-27.239210128231523],[140.95863342300004,-27.239849090231484],[140.95423889200003,-27.239591598231485],[140.95364379900002,-27.239500045231484]]},"properties":{"id":"ga:pipe0:218","layer":"pipelines_oil","name":"Reg Sprigg West 3 Flowline","subtype":"Oil pipeline","status":"fully capable of operation.","country":"AU","state":"South Australia","source":"Geoscience Australia","source_url":"https://digital.atlas.gov.au/datasets/digitalatlas::gas-pipelines/about","license":"CC BY 4.0","length_km":0.04634172,"spatial_confidence":"0"}},{"type":"Feature","geometry":{"type":"LineString","coordinates":[[141.30000305200008,-28.27247428821226],[141.30035400400004,-28.27306747321226],[141.30065918000003,-28.27334022421227],[141.3052520750001,-28.27533531121225],[141.31155395500002,-28.279354094212167],[141.32281494100005,-28.284082412212072],[141.34619140600012,-28.288812636211993],[141.36398315400004,-28.29232406521189],[141.36453247100008,-28.29263877821191],[141.36614990200007,-28.29471969521187]]},"properties":{"id":"ga:pipe0:219","layer":"pipelines_oil","name":"Rheims 2 Flowline","subtype":"Proposed Oil pipeline","status":"proposed infrastructure.","country":"AU","state":"Queensland","source":"Geoscience Australia","source_url":"https://digital.atlas.gov.au/datasets/digitalatlas::gas-pipelines/about","license":"CC BY 4.0","length_km":0.07104752,"spatial_confidence":"0"}},{"type":"Feature","geometry":{"type":"MultiLineString","coordinates":[[[139.39918334800007,-27.66427207522349],[139.39918518100012,-27.66419601322348],[139.39924621600005,-27.6639537802235],[139.39941406200012,-27.663639068223475],[139.3994598390001,-27.66364860422347],[139.39950561500007,-27.663698195223457],[139.3999023440001,-27.663871764223487],[139.40032959000007,-27.664186477223495],[139.40060424800004,-27.664672851223482],[139.40098571800002,-27.665723800223457],[139.4010314940001,-27.66598319922346],[139.40097045900006,-27.66650962722346],[139.40093590900005,-27.66659438322343]],[[139.39916992200006,-27.664829253223488],[139.39918334800007,-27.66427207522349]],[[139.40093590900005,-27.66659438322343],[139.400726318,-27.66710853522341],[139.4004669190001,-27.667528151223397],[139.3998718260001,-27.668186187223384],[139.39912414600008,-27.66887855422337],[139.39863586400008,-27.669393538223357],[139.39852905300006,-27.66951560922339],[139.39837646500007,-27.669822692223363],[139.398208618,-27.670345305223346],[139.3981781010001,-27.670524596223345],[139.39805603000002,-27.67112350422337],[139.39782714800003,-27.67193412722335],[139.39747619600007,-27.673320769223324],[139.39706420900006,-27.67370223922331],[139.3968658450001,-27.673784255223318],[139.39501953100012,-27.674453734223256],[139.39361572300004,-27.675004958223305],[139.39300537100007,-27.67549323922329],[139.39245605500003,-27.676223754223273],[139.3922119140001,-27.676637649223267],[139.39111328100012,-27.679367064223182],[139.39080810500002,-27.68017578022318],[139.390731812,-27.680406569223162],[139.3900299070001,-27.682147979223153],[139.38989257800006,-27.682579040223114],[139.38977050800008,-27.68381690922311],[139.38977050800008,-27.68452453522312],[139.3896942140001,-27.685188292223074],[139.38967895500002,-27.68540573022307],[139.3896942140001,-27.68579292222307],[139.3896179200001,-27.686376571223068],[139.38960266100003,-27.687002181223054],[139.3895416260001,-27.687696456223048]],[[139.38952636700003,-27.68767547522306],[139.3895416260001,-27.687696456223048]],[[139.3895416260001,-27.687696456223048],[139.38955688500005,-27.687707900223028],[139.38951110800008,-27.687923430223012],[139.38952636700003,-27.688463210223002],[139.38949585000012,-27.688837050223015],[139.38952636700003,-27.689229964223042],[139.38949585000012,-27.68965339622301],[139.3895416260001,-27.690008162222995],[139.38951110800008,-27.690982818222956]]]},"properties":{"id":"ga:pipe0:220","layer":"pipelines_oil","name":"Sceale Flowline","subtype":"Oil pipeline","status":"fully capable of operation.","country":"AU","state":"South Australia","source":"Geoscience Australia","source_url":"https://digital.atlas.gov.au/datasets/digitalatlas::gas-pipelines/about","license":"CC BY 4.0","length_km":0.03393594,"spatial_confidence":"0"}},{"type":"Feature","geometry":{"type":"LineString","coordinates":[[143.43815612800006,-26.948812484237106],[143.43820190400004,-26.948900222237096],[143.43937683100012,-26.948432921237092],[143.4400177000001,-26.948055266237123],[143.44021606400008,-26.947351455237143],[143.44255065900006,-26.946382522237144],[143.44432067900004,-26.945878982237154],[143.4453582760001,-26.94531631423717],[143.44981384300002,-26.94482231023716],[143.45185852100008,-26.945817946237174],[143.45619201700003,-26.946565627237163],[143.46200561500007,-26.952680587237026],[143.46205139200003,-26.95671272223695],[143.46134948700012,-26.959451674236906],[143.462997437,-26.96545219323678],[143.4648437500001,-26.968881606236714],[143.4639129640001,-26.96933746223668]]},"properties":{"id":"ga:pipe0:221","layer":"pipelines_oil","name":"Seagoon 1 Flowline","subtype":"Oil pipeline","status":"fully capable of operation.","country":"AU","state":"Queensland","source":"Geoscience Australia","source_url":"https://digital.atlas.gov.au/datasets/digitalatlas::gas-pipelines/about","license":"CC BY 4.0","length_km":0.04599263000000001,"spatial_confidence":"0"}},{"type":"Feature","geometry":{"type":"MultiLineString","coordinates":[[[140.30906677200005,-28.53499221720755],[140.30929565400004,-28.53489875720753]],[[140.28884887700008,-28.55121612420724],[140.28909301800002,-28.550531386207293],[140.28915405300006,-28.548227309207313],[140.28974914600008,-28.54522705020739],[140.29167175300006,-28.54229927020739],[140.2924804690001,-28.540746688207438],[140.2926025390001,-28.540605544207438],[140.29287719700005,-28.540462493207436],[140.30061340300006,-28.53826141320751],[140.30456543000003,-28.537405013207483],[140.30906677200005,-28.53499221720755]]]},"properties":{"id":"ga:pipe0:222","layer":"pipelines_oil","name":"Bugito 1 Flowline","subtype":"Oil pipeline","status":"fully capable of operation.","country":"AU","state":"South Australia","source":"Geoscience Australia","source_url":"https://digital.atlas.gov.au/datasets/digitalatlas::gas-pipelines/about","license":"CC BY 4.0","length_km":0.02928147,"spatial_confidence":"0"}},{"type":"Feature","geometry":{"type":"LineString","coordinates":[[147.20807575100002,-38.36499977408153],[147.2032470700001,-38.36189651408158],[147.20420837400002,-38.35599899208162],[147.20002746600005,-38.34741973808171],[147.20431518600003,-38.34281158308171],[147.21107482900004,-38.33712768508178],[147.20945739700005,-38.33573150508176],[147.20559692400002,-38.319648742081895],[147.20732116700003,-38.312141417081946],[147.2009887700001,-38.30742263708197],[147.204849243,-38.29080200108213],[147.20410156200012,-38.29048156608213],[147.20881652800006,-38.27000045708228],[147.20613098100011,-38.25938415408236],[147.18994140600012,-38.25048446608245],[147.18019104000007,-38.24565887408246],[147.17214965800008,-38.2378311150825],[147.1656036380001,-38.23590087808256],[147.15220642100007,-38.23386383008254],[147.15400695800008,-38.22332763608262],[147.15402221700003,-38.22325134208263]]},"properties":{"id":"ga:pipe0:223","layer":"pipelines_oil","name":"Seaspray to Longford","subtype":"Oil pipeline","status":"fully capable of operation.","country":"AU","state":"Victoria","source":"Geoscience Australia","source_url":"https://digital.atlas.gov.au/datasets/digitalatlas::gas-pipelines/about","license":"CC BY 4.0","length_km":0.19222398000000002,"spatial_confidence":"0"}},{"type":"Feature","geometry":{"type":"LineString","coordinates":[[140.28637695300006,-28.53227233820761],[140.28607177700007,-28.531410216207632],[140.28630065900006,-28.52970886120763],[140.285827637,-28.52361297520777],[140.28565979000007,-28.5196189872078],[140.2857971190001,-28.518724441207826]]},"properties":{"id":"ga:pipe0:224","layer":"pipelines_oil","name":"Seccante 1 Flowline","subtype":"Oil pipeline","status":"fully capable of operation.","country":"AU","state":"South Australia","source":"Geoscience Australia","source_url":"https://digital.atlas.gov.au/datasets/digitalatlas::gas-pipelines/about","license":"CC BY 4.0","length_km":0.01364797,"spatial_confidence":"0"}},{"type":"Feature","geometry":{"type":"MultiLineString","coordinates":[[[140.28567028500004,-28.51890149520784],[140.28569030800008,-28.518762588207817]],[[140.2844085690001,-28.533504485207583],[140.28451538100012,-28.531459807207618],[140.28453064000007,-28.531324386207643],[140.2845611570001,-28.531190871207617],[140.28459167500012,-28.531059264207606],[140.28465271000005,-28.530933379207625],[140.28524780300006,-28.529922484207614],[140.28570556600005,-28.528764724207665],[140.28575134300002,-28.528627395207632],[140.28576660200008,-28.528490066207663],[140.28588867200006,-28.52662277120768],[140.28570556600005,-28.52361679020774],[140.28555297900004,-28.519798278207798],[140.28556823700012,-28.519609450207817],[140.28567028500004,-28.51890149520784]]]},"properties":{"id":"ga:pipe0:225","layer":"pipelines_oil","name":"Seccante 2 Flowline","subtype":"Oil pipeline","status":"fully capable of operation.","country":"AU","state":"South Australia","source":"Geoscience Australia","source_url":"https://digital.atlas.gov.au/datasets/digitalatlas::gas-pipelines/about","license":"CC BY 4.0","length_km":0.015046110000000001,"spatial_confidence":"0"}},{"type":"Feature","geometry":{"type":"MultiLineString","coordinates":[[[140.31443786600005,-28.46878814620872],[140.315124512,-28.46885490320873],[140.31523132300003,-28.46886825520872],[140.3153228760001,-28.468885421208743],[140.31541442900004,-28.46890830920873],[140.3185119630001,-28.469760894208733],[140.32408142100007,-28.471881865208644],[140.32415771500007,-28.4719181052087],[140.32424926800002,-28.471960067208645],[140.3243408200001,-28.472005843208684],[140.32441711400008,-28.472057342208675],[140.32449340800008,-28.472110747208696],[140.324554443,-28.472169875208657],[140.32463073700012,-28.472232818208656],[140.32469177200005,-28.472301482208675],[140.32473754900002,-28.472370147208697],[140.32479858400006,-28.47244453320868],[140.32793825800002,-28.4772125562086]],[[140.32793825800002,-28.4772125562086],[140.3289947510001,-28.478816985208557],[140.32904052700007,-28.478891372208547],[140.3290710450001,-28.478965758208542],[140.32910156200012,-28.479042052208527],[140.32913208000002,-28.47912025420853],[140.32916259800004,-28.47920036220854],[140.33209228500004,-28.49071693320836],[140.3321075440001,-28.49079704220832],[140.33212280300006,-28.490877150208334],[140.33212280300006,-28.490957259208336],[140.33212280300006,-28.49103927520834],[140.33212280300006,-28.491119384208314],[140.33212280300006,-28.491199492208327],[140.3321075440001,-28.491279601208333],[140.3310241700001,-28.496030806208246],[140.33100891100003,-28.49607276820825],[140.33099365200007,-28.496114730208262],[140.3309783940001,-28.496156692208224],[140.33058650200007,-28.496907817208236]],[[140.33058650200007,-28.496907817208236],[140.33052063000002,-28.497034072208212]]]},"properties":{"id":"ga:pipe0:226","layer":"pipelines_oil","name":"Shazlick 1 Flowline","subtype":"Oil pipeline","status":"fully capable of operation.","country":"AU","state":"South Australia","source":"Geoscience Australia","source_url":"https://digital.atlas.gov.au/datasets/digitalatlas::gas-pipelines/about","license":"CC BY 4.0","length_km":0.03758124,"spatial_confidence":"0"}},{"type":"Feature","geometry":{"type":"LineString","coordinates":[[141.1690979000001,-26.674774169242472],[141.16972351100003,-26.677562713242416],[141.16984558100012,-26.67782020524242],[141.17263793900008,-26.68007659824235],[141.17381286600005,-26.681589126242297],[141.17854309100005,-26.68898200924218],[141.1814575200001,-26.693401336242072],[141.1815338130001,-26.6937522882421],[141.18135070800008,-26.705169677241845],[141.18154907200005,-26.70553207324186],[141.1818695070001,-26.70576858424182],[141.18334960900006,-26.70607566724185],[141.183929443,-26.706008910241852],[141.18444824200003,-26.70565605124183]]},"properties":{"id":"ga:pipe0:227","layer":"pipelines_oil","name":"Shefu 1 Flowline","subtype":"Oil pipeline","status":"fully capable of operation.","country":"AU","state":"Queensland","source":"Geoscience Australia","source_url":"https://digital.atlas.gov.au/datasets/digitalatlas::gas-pipelines/about","license":"CC BY 4.0","length_km":0.03803072,"spatial_confidence":"0"}},{"type":"Feature","geometry":{"type":"MultiLineString","coordinates":[[[141.169128418,-26.674734115242458],[141.18017578100012,-26.67506790124246],[141.18756103500004,-26.67646980224244],[141.21366882300003,-26.67714881824242],[141.21739196800002,-26.678293227242396],[141.22026833500001,-26.678828299242376]],[[141.22026833500001,-26.678828299242376],[141.22418991000006,-26.67955780524234]],[[141.22418991000006,-26.67955780524234],[141.22719179400008,-26.680116226242315]],[[141.22719179400008,-26.680116226242315],[141.2271919950001,-26.680116263242326]],[[141.2271919950001,-26.680116263242326],[141.22901916500007,-26.68045616024233]]]},"properties":{"id":"ga:pipe0:228","layer":"pipelines_oil","name":"Shefu NFE A Flowline","subtype":"Proposed Oil pipeline","status":"proposed infrastructure.","country":"AU","state":"Queensland","source":"Geoscience Australia","source_url":"https://digital.atlas.gov.au/datasets/digitalatlas::gas-pipelines/about","license":"CC BY 4.0","length_km":0.060407880000000004,"spatial_confidence":"0"}},{"type":"Feature","geometry":{"type":"LineString","coordinates":[[115.58094109900004,-20.65389656637653],[115.58079528800015,-20.65372276237654],[115.58072662400005,-20.653448104376533]]},"properties":{"id":"ga:pipe0:229","layer":"pipelines_oil","name":"Simpson","subtype":"Oil pipeline","status":"fully capable of operation.","country":"AU","state":"Western Australia","source":"Geoscience Australia","source_url":"https://digital.atlas.gov.au/datasets/digitalatlas::gas-pipelines/about","license":"CC BY 4.0","length_km":0.00050998,"spatial_confidence":"0"}},{"type":"Feature","geometry":{"type":"LineString","coordinates":[[115.01924294800007,-21.463588886356757],[115.0185775760001,-21.462799071356763]]},"properties":{"id":"ga:pipe0:230","layer":"pipelines_oil","name":"Skate to Thevenard Island","subtype":"Oil pipeline","status":"fully capable of operation.","country":"AU","state":"Western Australia","source":"Geoscience Australia","source_url":"https://digital.atlas.gov.au/datasets/digitalatlas::gas-pipelines/about","license":"CC BY 4.0","length_km":0.00103273,"spatial_confidence":"0"}},{"type":"Feature","geometry":{"type":"MultiLineString","coordinates":[[[140.9541919390001,-28.13316208021481],[140.9502410890001,-28.130811690214852],[140.94966125500002,-28.130121230214886],[140.94975280800008,-28.12964057821487]],[[140.9582366940001,-28.135385512214768],[140.95765686000004,-28.135223388214786],[140.9541919390001,-28.13316208021481]]]},"properties":{"id":"ga:pipe0:231","layer":"pipelines_oil","name":"Burke 6 Production Flowline","subtype":"Oil pipeline","status":"fully capable of operation.","country":"AU","state":"South Australia","source":"Geoscience Australia","source_url":"https://digital.atlas.gov.au/datasets/digitalatlas::gas-pipelines/about","license":"CC BY 4.0","length_km":0.01062183,"spatial_confidence":"0"}},{"type":"Feature","geometry":{"type":"LineString","coordinates":[[115.17190049400008,-21.32408910936011],[115.17091369600007,-21.323982238360156],[115.16913604700005,-21.321628570360204],[115.16915110000004,-21.32157290736019]]},"properties":{"id":"ga:pipe0:232","layer":"pipelines_oil","name":"South Pepper Trunkline","subtype":"Oil pipeline","status":"fully capable of operation.","country":"AU","state":"Western Australia","source":"Geoscience Australia","source_url":"https://digital.atlas.gov.au/datasets/digitalatlas::gas-pipelines/about","license":"CC BY 4.0","length_km":0.003999770000000001,"spatial_confidence":"0"}},{"type":"Feature","geometry":{"type":"MultiLineString","coordinates":[[[139.85411071800002,-28.173553466214102],[139.85426330600012,-28.17375564521407],[139.8543853760001,-28.174289702214047],[139.85552978500004,-28.175174712214012],[139.85594177200005,-28.17515563921405],[139.85662735000005,-28.174962129214073]],[[139.85662735000005,-28.174962129214073],[139.85688781700003,-28.17488861021406],[139.8575744630001,-28.174795150214038],[139.85902404800004,-28.174903869214077],[139.85980224600007,-28.17488670221406],[139.86077880900007,-28.17503547621402]],[[139.86077880900007,-28.17503547621402],[139.86112976100003,-28.17508888121403]]]},"properties":{"id":"ga:pipe0:233","layer":"pipelines_oil","name":"Spencer 12 Flowline","subtype":"Oil pipeline","status":"fully capable of operation.","country":"AU","state":"South Australia","source":"Geoscience Australia","source_url":"https://digital.atlas.gov.au/datasets/digitalatlas::gas-pipelines/about","license":"CC BY 4.0","length_km":0.0079111,"spatial_confidence":"0"}},{"type":"Feature","geometry":{"type":"MultiLineString","coordinates":[[[139.85586547900004,-28.174570083214068],[139.85662735000005,-28.174962129214073]],[[139.85662735000005,-28.174962129214073],[139.85678100600012,-28.17504119821405],[139.8570556640001,-28.175109862214015],[139.86018140300007,-28.175128879214014]],[[139.86112561100003,-28.17510555121402],[139.86116027800006,-28.17510414021405]],[[139.86073766700008,-28.175121339214062],[139.86112561100003,-28.17510555121402]],[[139.86018140300007,-28.175128879214014],[139.8605041500001,-28.175130843214056],[139.86073766700008,-28.175121339214062]]]},"properties":{"id":"ga:pipe0:234","layer":"pipelines_oil","name":"Spencer 13 Flowline","subtype":"Proposed Oil pipeline","status":"proposed infrastructure.","country":"AU","state":"South Australia","source":"Geoscience Australia","source_url":"https://digital.atlas.gov.au/datasets/digitalatlas::gas-pipelines/about","license":"CC BY 4.0","length_km":0.00541796,"spatial_confidence":"0"}},{"type":"Feature","geometry":{"type":"MultiLineString","coordinates":[[[139.86076355000012,-28.175062179214017],[139.86112561100003,-28.17510555121402]],[[139.86018140300007,-28.175128879214014],[139.86022949200003,-28.175075530214038],[139.86076355000012,-28.175062179214017]],[[139.86112561100003,-28.17510555121402],[139.86112976100003,-28.17510604821405]],[[139.85177612300004,-28.190252303213757],[139.85493469200003,-28.185926436213855],[139.85929870600012,-28.17699813721398],[139.86010742200006,-28.17521095221406],[139.86018140300007,-28.175128879214014]]]},"properties":{"id":"ga:pipe0:235","layer":"pipelines_oil","name":"Spencer 3 Flowline","subtype":"Oil pipeline","status":"fully capable of operation.","country":"AU","state":"South Australia","source":"Geoscience Australia","source_url":"https://digital.atlas.gov.au/datasets/digitalatlas::gas-pipelines/about","license":"CC BY 4.0","length_km":0.01834106,"spatial_confidence":"0"}},{"type":"Feature","geometry":{"type":"MultiLineString","coordinates":[[[139.8611450200001,-28.175020217214012],[139.86077880900007,-28.17503547621402]],[[139.86077880900007,-28.17503547621402],[139.86076355000012,-28.175062179214017]],[[139.86076355000012,-28.175062179214017],[139.86073766700008,-28.175121339214062]],[[139.86073766700008,-28.175121339214062],[139.8606567380001,-28.17530631921404],[139.86076355000012,-28.175552367214035],[139.86121103800008,-28.175715953214013]],[[139.86121103800008,-28.175715953214013],[139.86161857000002,-28.175864933214026]],[[139.86161857000002,-28.175864933214026],[139.86318969700005,-28.176439284214013],[139.86300659200003,-28.17707252421402]]]},"properties":{"id":"ga:pipe0:236","layer":"pipelines_oil","name":"Spencer 9 Flowline","subtype":"Oil pipeline","status":"fully capable of operation.","country":"AU","state":"South Australia","source":"Geoscience Australia","source_url":"https://digital.atlas.gov.au/datasets/digitalatlas::gas-pipelines/about","license":"CC BY 4.0","length_km":0.00417436,"spatial_confidence":"0"}},{"type":"Feature","geometry":{"type":"MultiLineString","coordinates":[[[139.99620842000002,-28.02670535821675],[139.99633789100005,-28.02662086421678]],[[139.97985839800003,-28.037162780216555],[139.99018859900002,-28.03063392521668],[139.99620842000002,-28.02670535821675]],[[139.9349717020001,-28.079952304215773],[139.9542541500001,-28.06161689721612],[139.95668029800004,-28.05923461821613],[139.96192932100007,-28.054321288216276],[139.96292114300002,-28.053298949216266],[139.9734497070001,-28.043336867216485],[139.9740905760001,-28.04261779721649],[139.97985839800003,-28.037162780216555]],[[139.88988449500005,-28.13646490721473],[139.89666748000002,-28.13123512221484],[139.89703369100005,-28.130828856214873],[139.89852905300006,-28.12864875721487],[139.89895629900002,-28.128189086214896],[139.89950561500007,-28.127330779214926],[139.907485962,-28.118059157215065],[139.91130065900006,-28.112630843215186],[139.9156036380001,-28.106805800215284],[139.93272399900002,-28.082948684215726],[139.9348754880001,-28.080043792215786],[139.9349717020001,-28.079952304215773]],[[139.86186218300008,-28.175434112214017],[139.86236572300004,-28.175415038214055],[139.86265564000007,-28.17510604821405],[139.8811645510001,-28.148656844214518],[139.88967895500002,-28.13662338221476],[139.88988449500005,-28.13646490721473]]]},"properties":{"id":"ga:pipe0:237","layer":"pipelines_oil","name":"Spencer/Muteroo to Gidgealpa Trunkline","subtype":"Oil pipeline","status":"fully capable of operation.","country":"AU","state":"South Australia","source":"Geoscience Australia","source_url":"https://digital.atlas.gov.au/datasets/digitalatlas::gas-pipelines/about","license":"CC BY 4.0","length_km":0.20241713,"spatial_confidence":"0"}},{"type":"Feature","geometry":{"type":"LineString","coordinates":[[140.45133972200006,-28.48961067120837],[140.45103454600007,-28.49144554020834],[140.4505767820001,-28.495538711208283],[140.450454712,-28.495840072208246],[140.45025634800004,-28.49608421220825],[140.44699096700003,-28.49747085520821],[140.44003295900006,-28.500669478208156],[140.43647766100003,-28.502973556208126],[140.43351745600012,-28.5053024282081],[140.42802429200003,-28.50861549320803],[140.42366027800006,-28.509878158208025],[140.41880798300008,-28.511739730207985],[140.4154968260001,-28.513198852207925],[140.4122314450001,-28.51452255120792],[140.40504455600012,-28.51718521020788],[140.39683532700008,-28.517805098207827],[140.39300537100007,-28.517141341207854],[140.3926239010001,-28.516775130207886],[140.39204406700003,-28.51558113020792],[140.39103698700012,-28.514844893207915],[140.39019775400004,-28.51574134720788]]},"properties":{"id":"ga:pipe0:238","layer":"pipelines_oil","name":"Stimpee 1 Flowline","subtype":"Oil pipeline","status":"fully capable of operation.","country":"AU","state":"South Australia","source":"Geoscience Australia","source_url":"https://digital.atlas.gov.au/datasets/digitalatlas::gas-pipelines/about","license":"CC BY 4.0","length_km":0.07323969,"spatial_confidence":"0"}},{"type":"Feature","geometry":{"type":"MultiLineString","coordinates":[[[140.45127743800003,-28.48962848320838],[140.4513244630001,-28.489606856208354]],[[140.44720459000007,-28.491386413208343],[140.44808960000012,-28.49109458820832],[140.45127743800003,-28.48962848320838]]]},"properties":{"id":"ga:pipe0:239","layer":"pipelines_oil","name":"Stimpee 2 Flowline","subtype":"Oil pipeline","status":"fully capable of operation.","country":"AU","state":"South Australia","source":"Geoscience Australia","source_url":"https://digital.atlas.gov.au/datasets/digitalatlas::gas-pipelines/about","license":"CC BY 4.0","length_km":0.00449246,"spatial_confidence":"0"}},{"type":"Feature","geometry":{"type":"LineString","coordinates":[[140.32073974600007,-28.494350432208282],[140.32112121600005,-28.49435806220825],[140.32495117200006,-28.49638938820822],[140.3296356200001,-28.497314452208204]]},"properties":{"id":"ga:pipe0:240","layer":"pipelines_oil","name":"Alwyn 4 Flowline","subtype":"Oil pipeline","status":"fully capable of operation.","country":"AU","state":"South Australia","source":"Geoscience Australia","source_url":"https://digital.atlas.gov.au/datasets/digitalatlas::gas-pipelines/about","license":"CC BY 4.0","length_km":0.00949176,"spatial_confidence":"0"}},{"type":"Feature","geometry":{"type":"MultiLineString","coordinates":[[[140.94976806600005,-28.129596709214848],[140.94023132300003,-28.128887176214903],[140.93289184600008,-28.13138961721484],[140.8902587890001,-28.139495849214676],[140.88977050800008,-28.139518737214665],[140.8878619310001,-28.13940019221471]],[[140.87876894800002,-28.13884980121473],[140.8784179690001,-28.1387634272147],[140.87629699700005,-28.13981056121471]],[[140.8878619310001,-28.13940019221471],[140.88731384300002,-28.13936614921468],[140.88670349100005,-28.13942718421467],[140.8843994140001,-28.14004325821471],[140.88378906200012,-28.140085219214672],[140.87876894800002,-28.13884980121473]]]},"properties":{"id":"ga:pipe0:241","layer":"pipelines_oil","name":"Burke 9 Production Flowline","subtype":"Oil pipeline","status":"fully capable of operation.","country":"AU","state":"South Australia","source":"Geoscience Australia","source_url":"https://digital.atlas.gov.au/datasets/digitalatlas::gas-pipelines/about","license":"CC BY 4.0","length_km":0.07517148,"spatial_confidence":"0"}},{"type":"Feature","geometry":{"type":"MultiLineString","coordinates":[[[140.44660949700005,-28.482770919208473],[140.4463462640001,-28.483074431208493]],[[140.4463462640001,-28.483074431208493],[140.44572448700012,-28.48379135020848],[140.445648193,-28.48388290320849],[140.44558715800008,-28.483978270208464],[140.44552612300004,-28.484077453208428],[140.4454650880001,-28.48418044920844],[140.445419312,-28.48428535420845],[140.44537353500004,-28.48439216520847],[140.44534301800002,-28.48450088420843],[140.44457214700003,-28.487451873208375]],[[140.44457214700003,-28.487451873208375],[140.44265747100008,-28.494781493208244],[140.44306945800008,-28.49486732420828]]]},"properties":{"id":"ga:pipe0:242","layer":"pipelines_oil","name":"Stimpee 3 Flowline","subtype":"Oil pipeline","status":"fully capable of operation.","country":"AU","state":"South Australia","source":"Geoscience Australia","source_url":"https://digital.atlas.gov.au/datasets/digitalatlas::gas-pipelines/about","license":"CC BY 4.0","length_km":0.01320934,"spatial_confidence":"0"}},{"type":"Feature","geometry":{"type":"MultiLineString","coordinates":[[[140.42509460400004,-28.473880767208648],[140.4256744380001,-28.47390556220865],[140.42597961400008,-28.47414779620862],[140.42684936500007,-28.47730827220857],[140.4261627200001,-28.480875014208536],[140.4262390140001,-28.481193541208526],[140.42654418900008,-28.48143958920853],[140.4420471190001,-28.483938216208458],[140.44433593700012,-28.48451805020844],[140.44458007800006,-28.484493255208445],[140.44483947800006,-28.48436546220846],[140.4454650880001,-28.483856200208486],[140.44612121600005,-28.48314475920848],[140.4463462640001,-28.483074431208493]],[[140.4463462640001,-28.483074431208493],[140.44636535600011,-28.483068465208483],[140.44651723900006,-28.48306907820848]],[[140.44651723900006,-28.48306907820848],[140.44683837900004,-28.483070373208484]]]},"properties":{"id":"ga:pipe0:243","layer":"pipelines_oil","name":"Stimpson Jay 1 Flowline","subtype":"Oil pipeline","status":"fully capable of operation.","country":"AU","state":"South Australia","source":"Geoscience Australia","source_url":"https://digital.atlas.gov.au/datasets/digitalatlas::gas-pipelines/about","license":"CC BY 4.0","length_km":0.02970172,"spatial_confidence":"0"}},{"type":"Feature","geometry":{"type":"LineString","coordinates":[[140.65145874000007,-28.233827590212986],[140.6512603760001,-28.23391151321296],[140.65104675300006,-28.233879088212987],[140.6505126950001,-28.23305320621298],[140.64439392100007,-28.229221343213034],[140.63562011700003,-28.223581313213145],[140.637878418,-28.218816756213243],[140.6379241940001,-28.218427657213237]]},"properties":{"id":"ga:pipe0:244","layer":"pipelines_oil","name":"Strzelecki 1 Flowline","subtype":"Oil pipeline","status":"fully capable of operation.","country":"AU","state":"South Australia","source":"Geoscience Australia","source_url":"https://digital.atlas.gov.au/datasets/digitalatlas::gas-pipelines/about","license":"CC BY 4.0","length_km":0.02472923,"spatial_confidence":"0"}},{"type":"Feature","geometry":{"type":"LineString","coordinates":[[140.64048767100007,-28.23588943421291],[140.64102172900004,-28.23586463821292],[140.64318847700008,-28.235998153212932],[140.64482116700003,-28.236568450212943],[140.64558410600011,-28.236709594212947],[140.64570617700008,-28.23664474421294]]},"properties":{"id":"ga:pipe0:245","layer":"pipelines_oil","name":"Strzelecki 18 Flowline","subtype":"Oil pipeline","status":"fully capable of operation.","country":"AU","state":"South Australia","source":"Geoscience Australia","source_url":"https://digital.atlas.gov.au/datasets/digitalatlas::gas-pipelines/about","license":"CC BY 4.0","length_km":0.00534903,"spatial_confidence":"0"}},{"type":"Feature","geometry":{"type":"LineString","coordinates":[[140.6404418950001,-28.235876082212915],[140.64007568400007,-28.23573875321294],[140.63978576700003,-28.235109328212946],[140.64009094200003,-28.234237670212966],[140.64015197800006,-28.233688353213],[140.64012146000005,-28.232685088213003],[140.63945007300003,-28.23140907221301],[140.63909912100007,-28.231145858213047],[140.63868713400007,-28.231098174213017],[140.6374359130001,-28.231357573213025],[140.6368408200001,-28.231279372213006],[140.6362762450001,-28.23159217721303]]},"properties":{"id":"ga:pipe0:246","layer":"pipelines_oil","name":"Strzelecki 7 Flowline","subtype":"Oil pipeline","status":"fully capable of operation.","country":"AU","state":"South Australia","source":"Geoscience Australia","source_url":"https://digital.atlas.gov.au/datasets/digitalatlas::gas-pipelines/about","license":"CC BY 4.0","length_km":0.00838283,"spatial_confidence":"0"}},{"type":"Feature","geometry":{"type":"LineString","coordinates":[[140.6456604000001,-28.236587523212922],[140.64897155800008,-28.236921309212914],[140.6508483890001,-28.234300612212962],[140.65158081100003,-28.23401451021295]]},"properties":{"id":"ga:pipe0:247","layer":"pipelines_oil","name":"Strzelecki 8 Flowline","subtype":"Oil pipeline","status":"fully capable of operation.","country":"AU","state":"South Australia","source":"Geoscience Australia","source_url":"https://digital.atlas.gov.au/datasets/digitalatlas::gas-pipelines/about","license":"CC BY 4.0","length_km":0.00733769,"spatial_confidence":"0"}},{"type":"Feature","geometry":{"type":"MultiLineString","coordinates":[[[140.678894043,-28.12724876321491],[140.67791748000002,-28.1270675652149],[140.6750335690001,-28.12626457121494],[140.66743469200003,-28.124700545214935],[140.66676330600012,-28.124416350214997],[140.66615295400004,-28.124044417214996],[140.66554260300006,-28.123487472214986],[140.6520843510001,-28.10863494821526],[140.6513366700001,-28.108018874215286],[140.64527893100012,-28.103906630215363],[140.6446075440001,-28.103572844215364],[140.64367675800008,-28.10336112921533],[140.63829040500002,-28.103343963215362],[140.63529968300008,-28.10360336221532],[140.44819641100003,-28.10463714521533],[140.36494445800008,-28.105016707215306],[140.26612854000007,-28.105354308215315],[140.23350524900002,-28.10553169221529],[140.22011702800012,-28.10550413621533]],[[140.22011702800012,-28.10550413621533],[140.21960449200003,-28.105503081215286],[140.21893310500002,-28.105148314215313],[140.2089843750001,-28.105506896215303],[140.208267212,-28.10560989321529],[140.2060935820001,-28.10569924521532]],[[140.2060935820001,-28.10569924521532],[140.20599365200007,-28.105703353215308],[140.2059912730001,-28.10578811521528]],[[140.2059912730001,-28.10578811521528],[140.20590210000012,-28.10896491921525],[140.2054595950001,-28.108963012215234],[140.2054438770001,-28.10955766221526]],[[140.2054438770001,-28.10955766221526],[140.205413818,-28.110694884215196]]]},"properties":{"id":"ga:pipe0:248","layer":"pipelines_oil","name":"Strzelecki Junction to Moomba Trunkline","subtype":"Oil pipeline","status":"fully capable of operation.","country":"AU","state":"South Australia","source":"Geoscience Australia","source_url":"https://digital.atlas.gov.au/datasets/digitalatlas::gas-pipelines/about","license":"CC BY 4.0","length_km":0.48729361000000004,"spatial_confidence":"0"}},{"type":"Feature","geometry":{"type":"MultiLineString","coordinates":[[[140.67851640600009,-28.127908311214878],[140.67877197300004,-28.12769126821492],[140.6788635250001,-28.12743759121493]],[[140.65307617200006,-28.23390197721296],[140.65318298300008,-28.23382186821296],[140.65194702100007,-28.23144721921301],[140.64965820300006,-28.228630065213046],[140.64962768600003,-28.22846412621305],[140.65132141100003,-28.220447539213207],[140.6559906010001,-28.213287353213325],[140.6562957760001,-28.21270370421337],[140.65733337400002,-28.208621978213404],[140.65759277300003,-28.205900191213463],[140.65888977100008,-28.20099830521358],[140.65980529800004,-28.199045180213623],[140.67080688500005,-28.156141280214417],[140.67424011200012,-28.146810531214573],[140.67822265600012,-28.128255843214905],[140.67825317400002,-28.128131865214883],[140.67851640600009,-28.127908311214878]]]},"properties":{"id":"ga:pipe0:249","layer":"pipelines_oil","name":"Strzelecki to Strzelecki Junction Trunkline","subtype":"Oil pipeline","status":"fully capable of operation.","country":"AU","state":"South Australia","source":"Geoscience Australia","source_url":"https://digital.atlas.gov.au/datasets/digitalatlas::gas-pipelines/about","license":"CC BY 4.0","length_km":0.11247217,"spatial_confidence":"0"}},{"type":"Feature","geometry":{"type":"LineString","coordinates":[[139.41069030800008,-27.627428054224136],[139.44743347200006,-27.634262084224023],[139.44841003400006,-27.63420486422404],[139.44920349100005,-27.634105681224074],[139.4527893070001,-27.633621215224032],[139.45614624000007,-27.633281707224064]]},"properties":{"id":"ga:pipe0:250","layer":"pipelines_oil","name":"Stunsal to Bauer Pipeline","subtype":"Oil pipeline","status":"fully capable of operation.","country":"AU","state":"South Australia","source":"Geoscience Australia","source_url":"https://digital.atlas.gov.au/datasets/digitalatlas::gas-pipelines/about","license":"CC BY 4.0","length_km":0.046143630000000005,"spatial_confidence":"0"}},{"type":"Feature","geometry":{"type":"LineString","coordinates":[[139.59159851100003,-28.138935088214723],[139.5919189450001,-28.139596938214666]]},"properties":{"id":"ga:pipe0:251","layer":"pipelines_oil","name":"Sturt 1 Flowline","subtype":"Oil pipeline","status":"fully capable of operation.","country":"AU","state":"South Australia","source":"Geoscience Australia","source_url":"https://digital.atlas.gov.au/datasets/digitalatlas::gas-pipelines/about","license":"CC BY 4.0","length_km":0.00073534,"spatial_confidence":"0"}},{"type":"Feature","geometry":{"type":"MultiLineString","coordinates":[[[139.2908589650001,-27.955753785218043],[139.29093933100012,-27.955747603218065]],[[139.28850424600012,-27.956600448218047],[139.28852844200003,-27.95656585621802],[139.29017639200003,-27.95587348821804],[139.29074096700003,-27.955762862218066],[139.2908589650001,-27.955753785218043]],[[139.2878230560001,-27.957574339218016],[139.28850424600012,-27.956600448218047]],[[139.28780773900007,-27.958117464217995],[139.28779602100008,-27.95761299021804],[139.2878230560001,-27.957574339218016]],[[139.28783078000004,-27.959109449218015],[139.28780773900007,-27.958117464217995]],[[139.28792675900002,-27.963241548217944],[139.28783078000004,-27.959109449218015]],[[139.28797174700003,-27.965178395217876],[139.28792675900002,-27.963241548217944]],[[139.28807067900004,-27.969437673217804],[139.28797174700003,-27.965178395217876]],[[139.28809194200005,-27.97035309621776],[139.28807067900004,-27.969437673217804]],[[139.2881524400001,-27.972957693217737],[139.28809194200005,-27.97035309621776]],[[139.28817154500007,-27.97378020621773],[139.2881524400001,-27.972957693217737]],[[139.28855104900003,-27.98031712521758],[139.288269043,-27.97797775221764],[139.28817154500007,-27.97378020621773]],[[139.28859433500008,-27.980903286217572],[139.28860473600002,-27.980762481217578],[139.28855104900003,-27.98031712521758]],[[139.28831086000002,-27.98474093221752],[139.28859433500008,-27.980903286217572]],[[139.2883021770001,-27.984858487217494],[139.28831086000002,-27.98474093221752]],[[139.28825339000002,-27.985518955217522],[139.2883021770001,-27.984858487217494]],[[139.28822984800001,-27.98583767021752],[139.28825339000002,-27.985518955217522]],[[139.2715606690001,-28.037508010216555],[139.27809143100012,-28.019964217216852],[139.2783660890001,-28.018169402216902],[139.28288269000006,-28.004905700217122],[139.28573608400006,-27.990247725217422],[139.2860260010001,-27.989700316217455],[139.28810119600007,-27.987579345217476],[139.28822984800001,-27.98583767021752]]]},"properties":{"id":"ga:pipe0:252","layer":"pipelines_oil","name":"Butlers to Perlubie Flowline","subtype":"Oil pipeline","status":"fully capable of operation.","country":"AU","state":"South Australia","source":"Geoscience Australia","source_url":"https://digital.atlas.gov.au/datasets/digitalatlas::gas-pipelines/about","license":"CC BY 4.0","length_km":0.08691732,"spatial_confidence":"0"}},{"type":"Feature","geometry":{"type":"MultiLineString","coordinates":[[[139.5914306640001,-28.13644790521473],[139.591567993,-28.13593864321477],[139.59175109900002,-28.135658263214786],[139.5918731690001,-28.135608672214783]],[[139.5918426510001,-28.1393032062147],[139.59144592300004,-28.138299941214697],[139.5914306640001,-28.13730239821474]]]},"properties":{"id":"ga:pipe0:253","layer":"pipelines_oil","name":"Sturt 3 Flowline","subtype":"Oil pipeline","status":"fully capable of operation.","country":"AU","state":"South Australia","source":"Geoscience Australia","source_url":"https://digital.atlas.gov.au/datasets/digitalatlas::gas-pipelines/about","license":"CC BY 4.0","length_km":0.0030706,"spatial_confidence":"0"}},{"type":"Feature","geometry":{"type":"MultiLineString","coordinates":[[[139.5914306640001,-28.13644790521473],[139.59133911100002,-28.135635375214786],[139.592132568,-28.13449287321476],[139.59230041500007,-28.133285521214788],[139.59271240200007,-28.132724761214817],[139.5930023190001,-28.13197708021481],[139.592956543,-28.131946563214854]],[[139.59182739300002,-28.1393032062147],[139.5914306640001,-28.138299941214697],[139.5914306640001,-28.137348174214726],[139.5914306640001,-28.13730239821474]]]},"properties":{"id":"ga:pipe0:254","layer":"pipelines_oil","name":"Sturt 7 Flowline","subtype":"Oil pipeline","status":"fully capable of operation.","country":"AU","state":"South Australia","source":"Geoscience Australia","source_url":"https://digital.atlas.gov.au/datasets/digitalatlas::gas-pipelines/about","license":"CC BY 4.0","length_km":0.00705681,"spatial_confidence":"0"}},{"type":"Feature","geometry":{"type":"LineString","coordinates":[[139.5834655760001,-28.133754729214807],[139.58474731400008,-28.13604927021473],[139.58497619600007,-28.13673400821473],[139.58523559600008,-28.13695526021475],[139.58586120600012,-28.137210845214742],[139.58641052200005,-28.13764762821473],[139.58743286100002,-28.138286590214697],[139.58779907200005,-28.138652801214715],[139.5881195070001,-28.13885116521468],[139.58938598600002,-28.139310836214715],[139.59140014600007,-28.139684676214657],[139.591903687,-28.139585494214675]]},"properties":{"id":"ga:pipe0:255","layer":"pipelines_oil","name":"Sturt 8 Flowline","subtype":"Oil pipeline","status":"fully capable of operation.","country":"AU","state":"South Australia","source":"Geoscience Australia","source_url":"https://digital.atlas.gov.au/datasets/digitalatlas::gas-pipelines/about","license":"CC BY 4.0","length_km":0.011078240000000001,"spatial_confidence":"0"}},{"type":"Feature","geometry":{"type":"LineString","coordinates":[[139.59196472200006,-28.13936614921468],[139.59249877900004,-28.139230727214706],[139.59284973100011,-28.13894653221471],[139.59294128400006,-28.13869476221468],[139.592956543,-28.138034820214717],[139.59320068400007,-28.137811660214705],[139.593597412,-28.13768386721473],[139.59631347700008,-28.137865066214705],[139.59722900400004,-28.13847160221473],[139.59858703600003,-28.139669417214712],[139.59877014200003,-28.13972663821467],[139.59933471700003,-28.139503478214714],[139.59992981000005,-28.139364242214672],[139.60169982900004,-28.138433455214724],[139.60237121600005,-28.1381721492147],[139.60345459000007,-28.138225554214724],[139.60560607900004,-28.13881111021468]]},"properties":{"id":"ga:pipe0:256","layer":"pipelines_oil","name":"Sturt East 2 Flowline","subtype":"Oil pipeline","status":"fully capable of operation.","country":"AU","state":"South Australia","source":"Geoscience Australia","source_url":"https://digital.atlas.gov.au/datasets/digitalatlas::gas-pipelines/about","license":"CC BY 4.0","length_km":0.015754060000000004,"spatial_confidence":"0"}},{"type":"Feature","geometry":{"type":"MultiLineString","coordinates":[[[139.61103820800008,-28.168676375214154],[139.61085510300006,-28.168298720214135],[139.61047363300008,-28.166452407214184],[139.60815429700006,-28.160921096214313],[139.60563659700006,-28.15370941121443],[139.6045379640001,-28.150825499214466],[139.60157775900007,-28.151010512214484],[139.60118103000002,-28.1509494772145],[139.600769043,-28.15071487321449],[139.60037231400008,-28.150249480214487],[139.59913635300006,-28.147930144214545],[139.59245300300006,-28.14060401821468],[139.59228515600012,-28.140342711214668],[139.59201049800004,-28.139560698214698]],[[139.6109619140001,-28.170078277214124],[139.61160278300008,-28.169820785214135],[139.61103820800008,-28.168676375214154]]]},"properties":{"id":"ga:pipe0:257","layer":"pipelines_oil","name":"Sturt Production Line","subtype":"Oil pipeline","status":"fully capable of operation.","country":"AU","state":"South Australia","source":"Geoscience Australia","source_url":"https://digital.atlas.gov.au/datasets/digitalatlas::gas-pipelines/about","license":"CC BY 4.0","length_km":0.03913144,"spatial_confidence":"0"}},{"type":"Feature","geometry":{"type":"LineString","coordinates":[[124.25139617900004,-17.552785872456766],[124.27891540500002,-17.475465774458872]]},"properties":{"id":"ga:pipe0:258","layer":"pipelines_oil","name":"Sundown to West Terrace","subtype":"Oil pipeline","status":"fully capable of operation.","country":"AU","state":"Western Australia","source":"Geoscience Australia","source_url":"https://digital.atlas.gov.au/datasets/digitalatlas::gas-pipelines/about","license":"CC BY 4.0","length_km":0.08207134,"spatial_confidence":"0"}},{"type":"Feature","geometry":{"type":"LineString","coordinates":[[143.29992675800008,-27.010618209235915],[143.30012512200005,-27.010520934235874],[143.3001098630001,-27.01035118023593],[143.3002624510001,-27.010124206235893],[143.30038452100007,-27.009786605235945],[143.30046081500006,-27.009794234235937]]},"properties":{"id":"ga:pipe0:259","layer":"pipelines_oil","name":"Takyah 1 Flowline","subtype":"Oil pipeline","status":"fully capable of operation.","country":"AU","state":"Queensland","source":"Geoscience Australia","source_url":"https://digital.atlas.gov.au/datasets/digitalatlas::gas-pipelines/about","license":"CC BY 4.0","length_km":0.0011005300000000002,"spatial_confidence":"0"}},{"type":"Feature","geometry":{"type":"MultiLineString","coordinates":[[[143.28205871600005,-27.010568618235926],[143.28224182100007,-27.010770797235903],[143.2824554440001,-27.010862349235907],[143.28933715800008,-27.011711120235883],[143.2896270750001,-27.011606215235886],[143.29338073700012,-27.009386062235947],[143.2938385010001,-27.008968352235932],[143.294222643,-27.009298012235956]],[[143.294222643,-27.009298012235956],[143.29463195800008,-27.009649276235915],[143.29486084000007,-27.00976371723589],[143.29974365200007,-27.011184691235915],[143.29988098100011,-27.01079750023591]]]},"properties":{"id":"ga:pipe0:260","layer":"pipelines_oil","name":"Takyah 2 Flowline","subtype":"Oil pipeline","status":"fully capable of operation.","country":"AU","state":"Queensland","source":"Geoscience Australia","source_url":"https://digital.atlas.gov.au/datasets/digitalatlas::gas-pipelines/about","license":"CC BY 4.0","length_km":0.01952581,"spatial_confidence":"0"}},{"type":"Feature","geometry":{"type":"LineString","coordinates":[[143.27503967300004,-26.99756622223618],[143.27526855500003,-26.99849319423617],[143.27619934100005,-27.00000190623611],[143.27632141100003,-27.00185584923609],[143.27647399900002,-27.00230789123609],[143.27897644000006,-27.005424499235993],[143.27980041500007,-27.006164550236026],[143.28033447300004,-27.007093429235955],[143.28169250500002,-27.008787154235915],[143.28187561000004,-27.00922965923593],[143.28202819800003,-27.01052284123589]]},"properties":{"id":"ga:pipe0:261","layer":"pipelines_oil","name":"Takyah 3 Flowline","subtype":"Oil pipeline","status":"fully capable of operation.","country":"AU","state":"Queensland","source":"Geoscience Australia","source_url":"https://digital.atlas.gov.au/datasets/digitalatlas::gas-pipelines/about","license":"CC BY 4.0","length_km":0.015190500000000001,"spatial_confidence":"0"}},{"type":"Feature","geometry":{"type":"MultiLineString","coordinates":[[[143.2944335940001,-27.00912284823591],[143.294222643,-27.009298012235956]],[[143.294222643,-27.009298012235956],[143.29421997100008,-27.00930023123591]]]},"properties":{"id":"ga:pipe0:262","layer":"pipelines_oil","name":"Takyah 5 Flowline","subtype":"Oil pipeline","status":"fully capable of operation.","country":"AU","state":"Queensland","source":"Geoscience Australia","source_url":"https://digital.atlas.gov.au/datasets/digitalatlas::gas-pipelines/about","license":"CC BY 4.0","length_km":0.00027767000000000004,"spatial_confidence":"0"}},{"type":"Feature","geometry":{"type":"MultiLineString","coordinates":[[[140.27397155800008,-28.504194259208113],[140.27409362800006,-28.505266189208047],[140.274108887,-28.505397796208065],[140.27413940400004,-28.50549316320809],[140.27455139200003,-28.506441115208066],[140.27458190900006,-28.50657463020808],[140.27461242700008,-28.50675582820803],[140.27461242700008,-28.506938933208048],[140.27421569800003,-28.510686873207955],[140.27421569800003,-28.51086234920798],[140.2742309570001,-28.510967254207987],[140.27426147500012,-28.51103591820796],[140.2743377690001,-28.511199950207995],[140.27442932100007,-28.511348723207966],[140.2745666500001,-28.511480330207984],[140.27465820300006,-28.511548995207942],[140.27476501500007,-28.511608123207967],[140.27647399900002,-28.512460708207964],[140.27665710400004,-28.512537002207974],[140.2841033940001,-28.51472282320789],[140.28430175800008,-28.514801024207895],[140.28446960400004,-28.514900207207912],[140.2846374510001,-28.515020369207893],[140.2847442630001,-28.515123366207895],[140.28486633300008,-28.515275954207887],[140.28494262700008,-28.51539993220792],[140.28585815400004,-28.517381667207832],[140.28588867200006,-28.517518996207865],[140.28591918900008,-28.517610549207866],[140.28591918900008,-28.517705916207834],[140.28591918900008,-28.517847060207828],[140.28591918900008,-28.517988204207832],[140.285834646,-28.51848621420783]],[[140.285834646,-28.51848621420783],[140.2857971190001,-28.518707274207816]]]},"properties":{"id":"ga:pipe0:263","layer":"pipelines_oil","name":"Calamia East 1 Flowline","subtype":"Oil pipeline","status":"fully capable of operation.","country":"AU","state":"South Australia","source":"Geoscience Australia","source_url":"https://digital.atlas.gov.au/datasets/digitalatlas::gas-pipelines/about","license":"CC BY 4.0","length_km":0.02225659,"spatial_confidence":"0"}},{"type":"Feature","geometry":{"type":"LineString","coordinates":[[143.28611755400004,-27.00647163323601],[143.28529357900004,-27.006679534235953],[143.28411865200007,-27.00665283123596],[143.28379821800002,-27.00677108723596],[143.28355407700008,-27.00695037723596],[143.2832794190001,-27.00741195623595],[143.2830963130001,-27.00878906223592],[143.2828674320001,-27.00911712523595],[143.2823791500001,-27.00945854123593],[143.2821502690001,-27.00973319923593],[143.28202819800003,-27.010063170235913],[143.2820434570001,-27.01052284123589]]},"properties":{"id":"ga:pipe0:264","layer":"pipelines_oil","name":"Takyah 6 Flowline","subtype":"Oil pipeline","status":"fully capable of operation.","country":"AU","state":"Queensland","source":"Geoscience Australia","source_url":"https://digital.atlas.gov.au/datasets/digitalatlas::gas-pipelines/about","license":"CC BY 4.0","length_km":0.00676093,"spatial_confidence":"0"}},{"type":"Feature","geometry":{"type":"LineString","coordinates":[[143.43759155300006,-26.949691771237063],[143.43655395500002,-26.949350356237098],[143.43537902800006,-26.948751449237122],[143.43327331500006,-26.948076247237108],[143.4304046630001,-26.948221206237122],[143.429534912,-26.948585509237077],[143.4291687010001,-26.94866371123707],[143.42633056600005,-26.947574614237112],[143.42483520500002,-26.94733238123713],[143.42347717300004,-26.94720077423712],[143.42312622100008,-26.947246551237143],[143.42204284700006,-26.9475955952371],[143.42170715300006,-26.947597503237102],[143.4213867190001,-26.947414397237154],[143.42051696800002,-26.946149825237157],[143.4199981690001,-26.945606231237143],[143.41990661600005,-26.94547653123714],[143.4199218750001,-26.945344924237187]]},"properties":{"id":"ga:pipe0:265","layer":"pipelines_oil","name":"Talgeberry 6 Flowline","subtype":"Oil pipeline","status":"fully capable of operation.","country":"AU","state":"Queensland","source":"Geoscience Australia","source_url":"https://digital.atlas.gov.au/datasets/digitalatlas::gas-pipelines/about","license":"CC BY 4.0","length_km":0.0195057,"spatial_confidence":"0"}},{"type":"Feature","geometry":{"type":"LineString","coordinates":[[143.43037414600008,-26.94445419223719],[143.43124389600007,-26.945081710237172],[143.43200683600003,-26.9452190392372],[143.43281555200008,-26.945224761237174],[143.43354797400002,-26.94553756623718],[143.43391418500005,-26.94584846423719],[143.4347991940001,-26.946371077237174],[143.43574523900008,-26.94643020523714],[143.43620300300006,-26.946603774237165],[143.43759155300006,-26.9486141192371],[143.43759155300006,-26.949556350237096]]},"properties":{"id":"ga:pipe0:266","layer":"pipelines_oil","name":"Talgeberry 7 Flowline","subtype":"Oil pipeline","status":"fully capable of operation.","country":"AU","state":"Queensland","source":"Geoscience Australia","source_url":"https://digital.atlas.gov.au/datasets/digitalatlas::gas-pipelines/about","license":"CC BY 4.0","length_km":0.009783990000000001,"spatial_confidence":"0"}},{"type":"Feature","geometry":{"type":"LineString","coordinates":[[143.43763732900004,-26.949636458237105],[143.43792724600007,-26.948747634237108],[143.4355468750001,-26.944747924237163],[143.43435668900008,-26.94315910223723],[143.43373107900004,-26.940925597237268],[143.43264770500002,-26.939619063237274],[143.43064880400004,-26.938127517237277],[143.42076110800008,-26.923782348237594],[143.42041015600012,-26.923706054237606],[143.4000244140001,-26.89408492923817],[143.40135192900004,-26.893251418238197],[143.40078735400004,-26.892618178238195],[143.40086364700005,-26.891931533238232],[143.40068054200003,-26.891664504238193],[143.4009552000001,-26.891517638238238]]},"properties":{"id":"ga:pipe0:267","layer":"pipelines_oil","name":"Talgeberry to Mulberry Spineline","subtype":"Oil pipeline","status":"fully capable of operation.","country":"AU","state":"Queensland","source":"Geoscience Australia","source_url":"https://digital.atlas.gov.au/datasets/digitalatlas::gas-pipelines/about","license":"CC BY 4.0","length_km":0.07156731000000001,"spatial_confidence":"0"}},{"type":"Feature","geometry":{"type":"LineString","coordinates":[[139.64166259800004,-28.16485214121425],[139.64237976100003,-28.16495132321422],[139.642684937,-28.164886474214217],[139.64299011200012,-28.164644240214237],[139.6434783940001,-28.164026259214253],[139.64439392100007,-28.163284301214272],[139.64488220200008,-28.162996291214252]]},"properties":{"id":"ga:pipe0:268","layer":"pipelines_oil","name":"Taloola 4 Flowline","subtype":"Oil pipeline","status":"fully capable of operation.","country":"AU","state":"South Australia","source":"Geoscience Australia","source_url":"https://digital.atlas.gov.au/datasets/digitalatlas::gas-pipelines/about","license":"CC BY 4.0","length_km":0.00395853,"spatial_confidence":"0"}},{"type":"Feature","geometry":{"type":"LineString","coordinates":[[139.64155578600003,-28.16486740021424],[139.64125061000004,-28.165689467214232],[139.64122009300002,-28.16630172621421],[139.63919067400002,-28.16679382221422],[139.6385650630001,-28.167425155214207],[139.63421630900007,-28.16813087421419],[139.61607360800008,-28.169279098214126],[139.61492919900002,-28.169408797214146],[139.6128387450001,-28.169494628214114],[139.6107330320001,-28.170204162214112],[139.6109619140001,-28.1709098812141],[139.61036682100007,-28.171068191214115]]},"properties":{"id":"ga:pipe0:269","layer":"pipelines_oil","name":"Taloola Production Line","subtype":"Oil pipeline","status":"fully capable of operation.","country":"AU","state":"South Australia","source":"Geoscience Australia","source_url":"https://digital.atlas.gov.au/datasets/digitalatlas::gas-pipelines/about","license":"CC BY 4.0","length_km":0.033875270000000006,"spatial_confidence":"0"}},{"type":"Feature","geometry":{"type":"LineString","coordinates":[[139.6169281010001,-28.178203582214],[139.61683654800004,-28.177759170213967],[139.6167449950001,-28.17768478321398],[139.615570068,-28.17728233221399],[139.6152343750001,-28.177064895213984],[139.61514282200005,-28.176940917214008],[139.615081787,-28.176279067213983],[139.61460876500007,-28.17568397421404],[139.61244201700003,-28.174125670214064],[139.61042785600011,-28.171400069214105],[139.61026001000005,-28.170944213214145]]},"properties":{"id":"ga:pipe0:270","layer":"pipelines_oil","name":"Tantanna 9 Flowline","subtype":"Oil pipeline","status":"fully capable of operation.","country":"AU","state":"South Australia","source":"Geoscience Australia","source_url":"https://digital.atlas.gov.au/datasets/digitalatlas::gas-pipelines/about","license":"CC BY 4.0","length_km":0.01033633,"spatial_confidence":"0"}},{"type":"Feature","geometry":{"type":"MultiLineString","coordinates":[[[139.99649047900004,-28.026775359216725],[139.99635773400007,-28.026865791216757]],[[139.99635773400007,-28.026865791216757],[139.9955749510001,-28.027399062216748]],[[139.9955749510001,-28.027399062216748],[139.99433898900008,-28.028245925216726],[139.9805450440001,-28.03689193621656],[139.97985839800003,-28.037162780216555]],[[139.97985839800003,-28.037162780216555],[139.97903442400002,-28.037345885216567],[139.9592895510001,-28.044601439216425],[139.95814514200003,-28.044965743216437],[139.93571472200006,-28.053153991216295],[139.92369079600007,-28.057422637216174],[139.92318725600012,-28.057643889216184],[139.92269897500012,-28.057968139216197],[139.9221801760001,-28.058164596216194],[139.9210510250001,-28.058353423216182],[139.86794334600006,-28.07728598221584]],[[139.86794334600006,-28.07728598221584],[139.8408660890001,-28.08693885721564],[139.73905944800003,-28.123109817214967],[139.70590210000012,-28.13483238121477],[139.69863891600005,-28.13728332421472],[139.62745666500007,-28.162515639214288],[139.61442565900006,-28.16705512921417],[139.61251831100003,-28.16776657021418],[139.61103820800008,-28.168676375214154]],[[139.61103820800008,-28.168676375214154],[139.61056518600003,-28.169069289214182],[139.61035156200012,-28.169725417214103],[139.61003112800006,-28.170082091214155]]]},"properties":{"id":"ga:pipe0:271","layer":"pipelines_oil","name":"Tantanna to Gidgealpa Trunkline","subtype":"Oil pipeline","status":"fully capable of operation.","country":"AU","state":"South Australia","source":"Geoscience Australia","source_url":"https://digital.atlas.gov.au/datasets/digitalatlas::gas-pipelines/about","license":"CC BY 4.0","length_km":0.41305974,"spatial_confidence":"0"}},{"type":"Feature","geometry":{"type":"MultiLineString","coordinates":[[[143.280456543,-26.880115508238436],[143.28018188500005,-26.879972457238424],[143.279968262,-26.880004882238456],[143.27984619100005,-26.880184173238447],[143.27983093300008,-26.88043212823841],[143.28067016600005,-26.882249831238394],[143.28152465800008,-26.883682250238387],[143.28175354000007,-26.88396835223834],[143.28254699700005,-26.884540557238356],[143.28289794900002,-26.884958266238332],[143.28430175800008,-26.886043548238334],[143.28442382800006,-26.886341094238336],[143.28468322800006,-26.88641929523829],[143.28480529800004,-26.886631011238304],[143.28529357900004,-26.886882781238278],[143.28613281200012,-26.88751220623827],[143.2866973880001,-26.88835716123829],[143.28706359900002,-26.88913345223825],[143.28735351600005,-26.889446258238245],[143.28746032700008,-26.889490127238275],[143.28794860800008,-26.889270781238285]],[[143.28794860800008,-26.889270781238285],[143.28907775900007,-26.8885002132383],[143.28924560500002,-26.888591765238257]]]},"properties":{"id":"ga:pipe0:272","layer":"pipelines_oil","name":"Tarbat 11 Flowline","subtype":"Oil pipeline","status":"fully capable of operation.","country":"AU","state":"Queensland","source":"Geoscience Australia","source_url":"https://digital.atlas.gov.au/datasets/digitalatlas::gas-pipelines/about","license":"CC BY 4.0","length_km":0.01527108,"spatial_confidence":"0"}},{"type":"Feature","geometry":{"type":"MultiLineString","coordinates":[[[143.28807961600012,-26.890248537238264],[143.28808593700012,-26.890180587238248],[143.28810119600007,-26.890016555238265],[143.28810119600007,-26.889852523238233]],[[143.07862849100002,-27.009252554235918],[143.07861328100012,-27.009254455235926],[143.07920837400002,-27.009178161235937],[143.079360962,-27.009159087235908],[143.07942199700005,-27.009151458235923],[143.07951355000012,-27.009140014235943],[143.0796661380001,-27.009120940235917],[143.0798187260001,-27.009099959235932],[143.0799713130001,-27.009080886235967],[143.08006286600005,-27.009069442235905],[143.0801239010001,-27.00905609023592],[143.08027648900008,-27.009025573235945],[143.08042907700008,-27.008993148235916],[143.08058166500007,-27.008960723235948],[143.08073425300006,-27.00893020523592],[143.0808715820001,-27.008899688235964],[143.08103942900004,-27.008865355235933],[143.08119201700003,-27.008834838235956],[143.08134460400004,-27.008800506235914],[143.08149719200003,-27.00876808123594],[143.08164978000002,-27.00873374823591],[143.081802368,-27.008701323235957],[143.08195495600012,-27.00867080623592],[143.0821075440001,-27.008638381235958],[143.0822601320001,-27.008607863235934],[143.0824127200001,-27.008573531235943],[143.08255004900002,-27.008541106235914],[143.082702637,-27.00851058923595],[143.08287048300008,-27.00847244223595],[143.0830535890001,-27.008436202235977],[143.08322143600003,-27.00840187023592],[143.0833892820001,-27.00836563023595],[143.0835723880001,-27.008327483235945],[143.08374023400006,-27.008289336235958],[143.08390808100012,-27.008251189235956],[143.084091187,-27.008216857235976],[143.08425903300008,-27.008178710235967],[143.0844421390001,-27.008140563235965],[143.0846252440001,-27.00810432323592],[143.08479309100005,-27.008066176235936],[143.08480835000012,-27.00806236223596],[143.08496093700012,-27.008028029235938],[143.08512878400006,-27.007993697235946],[143.08531189000007,-27.007955550235963],[143.0854949950001,-27.007917403235957],[143.08566284200003,-27.007881164235958],[143.08584594700005,-27.007843017235952],[143.08599853500004,-27.00781249923595],[143.08599853500004,-27.00781059223593],[143.08602905300006,-27.007804870235955],[143.08619689900002,-27.00776672323597],[143.08638000500002,-27.00773048323598],[143.08654785200008,-27.007694243235942],[143.0867309570001,-27.007656096235944],[143.08691406200012,-27.007619857235944],[143.08708190900006,-27.007583617235973],[143.08724975600012,-27.007545470235968],[143.08743286100002,-27.007507323235973],[143.08761596700003,-27.00747108423597],[143.0877838130001,-27.007434844235984],[143.0879669190001,-27.00739860423596],[143.08813476600005,-27.007362365235952],[143.0882720950001,-27.00732994023598],[143.08842468300008,-27.00729942223596],[143.08857727100008,-27.00727081223595],[143.08885192900004,-27.007209777235957],[143.08900451700003,-27.007179259235937],[143.08914184600008,-27.007148742235973],[143.08930969200003,-27.007114409235935],[143.08946228000002,-27.007080077235965],[143.08959960900006,-27.007049560236],[143.08975219700005,-27.00701904223597],[143.08990478500004,-27.00698661723594],[143.09005737300004,-27.006952285235958],[143.0902252200001,-27.006921767236015],[143.09037780800008,-27.00688743523596],[143.09053039600008,-27.006855010235995],[143.09069824200003,-27.006820678235943],[143.09085083000002,-27.00678825323598],[143.091003418,-27.006755828235953],[143.09115600600012,-27.006721496235976],[143.09132385300006,-27.006687163235988],[143.09147644000006,-27.00665473823597],[143.09162902800006,-27.006624221236006],[143.09178161600005,-27.006589889235947],[143.0919494630001,-27.006555556235988],[143.0921020510001,-27.006521224236],[143.09226989700005,-27.006488799235985],[143.09242248500004,-27.006454467235983],[143.0925903320001,-27.006420134235963],[143.0927429200001,-27.006387710235977],[143.09289550800008,-27.006353377236],[143.09306335400004,-27.006319045235962],[143.09321594200003,-27.006286620235986],[143.09339904800004,-27.006248473235996],[143.0935668950001,-27.006210326235994],[143.0937500000001,-27.006174087236],[143.09393310500002,-27.006135940236014],[143.09410095200008,-27.006097793236005],[143.09428405800008,-27.006059646236015],[143.0944671630001,-27.006021499236013],[143.0946502690001,-27.00598335223602],[143.09481811500007,-27.00594711223597],[143.094985962,-27.005912780236],[143.09516906700003,-27.005874633235983],[143.0953369140001,-27.005836486235992],[143.09550476100003,-27.005800246236014],[143.09568786600005,-27.005762099236012],[143.09587097200006,-27.005725860236023],[143.09605407700008,-27.00568771323602],[143.09622192400002,-27.005649566236023],[143.09640502900004,-27.00561141923601],[143.09658813500005,-27.005571364236033],[143.09675598100011,-27.005535125236033],[143.096939087,-27.005496978235985],[143.09712219200003,-27.005458831235984],[143.09730529800004,-27.005422591235995],[143.0974731450001,-27.005382537235988],[143.0976562500001,-27.005346297236002],[143.09794616700003,-27.005285262236022],[143.09815979000007,-27.005237578236024],[143.09820556600005,-27.00522804223598],[143.09820556600005,-27.00522613423599],[143.0982208250001,-27.005224227236024],[143.09823608400006,-27.005218505236005],[143.09825134300002,-27.005212783236036],[143.098327637,-27.005167006236015],[143.09846496600005,-27.005077361236005],[143.09861755400004,-27.004985808236015],[143.09877014200003,-27.00489807023601],[143.09892272900004,-27.004808425236018],[143.09907531700003,-27.004718780236015],[143.09921264600007,-27.004629134236033],[143.09936523400006,-27.004539489236016],[143.09951782200005,-27.004451751236036],[143.09967041000004,-27.004360198236036],[143.09980773900008,-27.004268645236035],[143.09996032700008,-27.00418090723604],[143.10008239700005,-27.004110335236017],[143.10009765600012,-27.004093169236054],[143.1002502440001,-27.004003524236047],[143.1004028320001,-27.00391578623606],[143.1005554200001,-27.003824233236063],[143.10069274900002,-27.003732680236055],[143.100845337,-27.00364112823604],[143.10113525400004,-27.00346946623604],[143.1011962890001,-27.003431319236043],[143.10121154800004,-27.003425597236074],[143.1012268070001,-27.003421782236053],[143.1012268070001,-27.003416060236024],[143.10124206500006,-27.00341415323608],[143.1013031010001,-27.003408431236046],[143.10147094700005,-27.003393172236038],[143.10165405300006,-27.003379821236038],[143.10182189900002,-27.003364562236026],[143.10192871100003,-27.003358840236057],[143.1019439700001,-27.003355025236054],[143.10195922900004,-27.003353118236028],[143.10200500500002,-27.003349303236078],[143.10217285200008,-27.003334044236063],[143.1023559570001,-27.003320693236066],[143.10253906200012,-27.00330543423605],[143.10270690900006,-27.003290175236042],[143.10289001500007,-27.003273009236022],[143.1030731200001,-27.003257750236077],[143.10321044900002,-27.003246306236083],[143.103363037,-27.003232955236072],[143.10350036600005,-27.003221511236074],[143.1036376950001,-27.003208159236028],[143.10379028300008,-27.003196715236026],[143.1038970950001,-27.00318527123605],[143.10392761200012,-27.00318336423608],[143.10406494100005,-27.003170012236023],[143.10421752900004,-27.00315856823604],[143.10426330600012,-27.003154754236075],[143.10427856400008,-27.003152846236063],[143.10435485800008,-27.00314521723602],[143.10449218700012,-27.003133773236023],[143.10452270500002,-27.00313186523604],[143.10459899900002,-27.003126143236063],[143.1046447750001,-27.003122329236046],[143.10478210400004,-27.003108977236046],[143.1047973630001,-27.003108977236046],[143.10491943400007,-27.003099441236042],[143.1050567630001,-27.003086089236046],[143.10537719700005,-27.003059386236046],[143.1054382320001,-27.003053664236074],[143.10545349100005,-27.003049849236056],[143.10548400900007,-27.003034591236048],[143.1056213380001,-27.002983092236057],[143.10574340800008,-27.002933501236065],[143.10588073700012,-27.00288581723608],[143.10600280800008,-27.002834319236076],[143.106140137,-27.002784728236033],[143.10627746600005,-27.00273132223609],[143.1064147950001,-27.002681731236027],[143.10653686500007,-27.002632140236045],[143.10681152300003,-27.002529143236046],[143.1069335940001,-27.002479552236053],[143.10707092300004,-27.00242805423605],[143.10720825200008,-27.00237846323605],[143.10733032200005,-27.002330779236082],[143.1074676510001,-27.002277373236083],[143.10760498000002,-27.002225875236075],[143.1076507570001,-27.00221061623606],[143.10774231000005,-27.002174376236074],[143.10786438000002,-27.00212478523609],[143.10800170900006,-27.002075194236106],[143.10812377900004,-27.0020256032361],[143.10826110800008,-27.001976012236046],[143.10842895500002,-27.001911162236055],[143.10859680200008,-27.001846312236054],[143.10861206100003,-27.001838683236063],[143.10876464800003,-27.00178337023605],[143.10891723600002,-27.00172233523607],[143.10908508300008,-27.00165939223608],[143.10925293000003,-27.00159454223608],[143.1094207760001,-27.001533507236097],[143.10958862300004,-27.001470565236094],[143.1097564700001,-27.001405715236086],[143.10992431600005,-27.00134086523609],[143.1100921630001,-27.001277923236096],[143.1102447510001,-27.001213073236094],[143.11041259800004,-27.00115203823611],[143.1105804440001,-27.00108909523607],[143.11074829100005,-27.001024245236067],[143.1109161380001,-27.000961303236064],[143.11108398400006,-27.00089645323607],[143.11125183100012,-27.00083160323607],[143.11141967800006,-27.000768660236083],[143.11158752400002,-27.00070381123613],[143.11175537100007,-27.00064086823608],[143.11192321800002,-27.00057601823608],[143.11207580600012,-27.00051307623609],[143.11225891100003,-27.0004501332361],[143.11242675800008,-27.0003871912361],[143.11259460400004,-27.000322341236085],[143.11274719200003,-27.00025939823611],[143.1129150390001,-27.000196456236118],[143.11308288600003,-27.00013351323612],[143.1132507320001,-27.000070571236122],[143.1134033200001,-27.000011443236087],[143.11355590800008,-26.999950408236117],[143.11372375500002,-26.999885558236112],[143.11389160200008,-26.99982452323612],[143.11405944800003,-26.999759673236113],[143.1142272950001,-26.999696731236117],[143.11439514200003,-26.99963188123612],[143.1145629880001,-26.999567031236133],[143.11470031700003,-26.99951362523612],[143.1147155760001,-26.999505996236138],[143.11488342300004,-26.999443053236153],[143.1150512700001,-26.99937820323616],[143.11521911600005,-26.999315261236156],[143.1153869630001,-26.999252318236103],[143.1155395510001,-26.999189376236107],[143.11560058600003,-26.99917030223614],[143.11570739700005,-26.999126433236114],[143.1158752440001,-26.999063491236118],[143.11604309100005,-26.99900054823613],[143.1165161130001,-26.998817443236117],[143.1166687010001,-26.99875450023614],[143.11676025400004,-26.998720168236154],[143.1168518070001,-26.998697280236158],[143.11698913600003,-26.998659133236156],[143.11701965300006,-26.998653411236138],[143.11712646500007,-26.99862861523615],[143.1171875000001,-26.998611449236112],[143.11735534700006,-26.998569488236154],[143.11753845200008,-26.99852561923614],[143.11770629900002,-26.998481749236124],[143.11788940400004,-26.99843978823617],[143.11802673300008,-26.998403548236116],[143.11817932100007,-26.99836730923613],[143.1183166500001,-26.99833106923614],[143.1184692380001,-26.99829673723615],[143.11860656700003,-26.998260497236174],[143.11875915500002,-26.998224257236128],[143.11889648400006,-26.998188018236128],[143.11904907200005,-26.99815368623615],[143.1191864010001,-26.998115539236153],[143.11933898900008,-26.998079299236167],[143.11949157700008,-26.998043059236124],[143.11962890600012,-26.99800682023612],[143.1197814940001,-26.997968673236137],[143.11991882300003,-26.99793243323615],[143.12007141100003,-26.99789428623615],[143.12022399900002,-26.997856139236145],[143.12036132800006,-26.997821807236164],[143.1204986570001,-26.997785567236196],[143.1206512450001,-26.99775123523614],[143.12078857400002,-26.99771308823615],[143.120941162,-26.997678756236166],[143.12107849100005,-26.99764251623618],[143.1212158200001,-26.99760818423613],[143.12135314900002,-26.997571944236153],[143.12150573700012,-26.99753570523615],[143.12164306600005,-26.997499465236178],[143.12179565400004,-26.99746322523618],[143.12194824200003,-26.997426986236185],[143.12208557100007,-26.997390746236142],[143.1222229000001,-26.997354506236164],[143.1223754880001,-26.99732017423618],[143.12251281700003,-26.99728393523618],[143.12265014600007,-26.99724960223616],[143.12280273400006,-26.99721336323616],[143.1229400630001,-26.99717712323618],[143.1230926510001,-26.997140883236185],[143.12326049800004,-26.99709701423616],[143.1234283450001,-26.99705314523614],[143.12358093300008,-26.99701690623615],[143.12373352100008,-26.996980666236162],[143.12387085000012,-26.99694442623617],[143.12403869600007,-26.996900557236163],[143.12422180200008,-26.99685859623619],[143.12438964800003,-26.996814727236167],[143.1245574950001,-26.996770858236193],[143.1247406010001,-26.996728896236192],[143.12490844700005,-26.996685027236165],[143.12509155300006,-26.996639251236186],[143.1252288820001,-26.996606826236153],[143.12559509300002,-26.996515273236156],[143.12576293900008,-26.99647140423619],[143.1259460450001,-26.996427535236162],[143.12611389200003,-26.99638366623621],[143.1262817380001,-26.996341704236194],[143.12644958500005,-26.996299743236165],[143.12663269000006,-26.9962558742362],[143.126800537,-26.996212005236192],[143.12696838400007,-26.996168136236218],[143.12715148900008,-26.9961261742362],[143.12731933600003,-26.9960842122362],[143.12748718300008,-26.99604034323616],[143.12765502900004,-26.995998382236202],[143.1278228760001,-26.99595451323618],[143.12799072300004,-26.995912551236167],[143.12817382800006,-26.995868682236207],[143.12834167500012,-26.995824813236176],[143.12852478000002,-26.99578094423621],[143.12869262700008,-26.995737075236192],[143.1288757320001,-26.995693206236172],[143.12904357900004,-26.995649337236202],[143.12922668500005,-26.99560546823619],[143.12939453100012,-26.995561599236204],[143.129577637,-26.995517730236195],[143.12974548300008,-26.995473861236228],[143.1299285890001,-26.9954299922362],[143.13009643600003,-26.995386123236177],[143.1302642820001,-26.99534225423621],[143.1304473880001,-26.9953002922362],[143.13061523400006,-26.995258330236194],[143.13078308100012,-26.995214461236227],[143.130966187,-26.99517059223621],[143.13113403300008,-26.995128631236184],[143.13130188000002,-26.99508476223621],[143.13146972700008,-26.995042800236195],[143.13163757300003,-26.995000838236198],[143.1318054200001,-26.994958877236233],[143.1319885250001,-26.994915008236216],[143.13215637200005,-26.994873046236194],[143.1323242190001,-26.994829177236237],[143.13249206500006,-26.994785308236214],[143.13267517100007,-26.99474334623619],[143.13284301800002,-26.994701384236183],[143.13301086400008,-26.994659423236225],[143.13317871100003,-26.994615554236198],[143.13354492200006,-26.994522094236245],[143.13363647500012,-26.994501113236204],[143.13365173300008,-26.994495391236242],[143.13366699200003,-26.994489669236213],[143.1336822510001,-26.994482039236246],[143.13378906200012,-26.99441719023623],[143.13388061500007,-26.9943561542362],[143.13391113300008,-26.994344710236202],[143.13406372100008,-26.99425125023625],[143.1340942380001,-26.994230269236215],[143.13420105000012,-26.994157790236226],[143.1343536380001,-26.994062423236205],[143.1345062260001,-26.993967055236247],[143.1346588130001,-26.993873595236224],[143.1347351070001,-26.993824004236235],[143.1348114010001,-26.993780135236225],[143.13482666000004,-26.993766784236207],[143.13494873000002,-26.99368667523626],[143.135101318,-26.993593215236245],[143.13525390600012,-26.993497848236217],[143.13537597700008,-26.993419646236223],[143.1354064940001,-26.993408202236225],[143.13554382300003,-26.993316649236228],[143.13569641100003,-26.993223189236268],[143.13584899900002,-26.993131637236257],[143.13598632800006,-26.993040084236252],[143.13613891600005,-26.992948531236262],[143.13629150400004,-26.99285507123623],[143.13642883300008,-26.992761611236272],[143.13658142100007,-26.99267005823628],[143.1367187500001,-26.992578505236278],[143.1368713380001,-26.992486953236266],[143.13700866700003,-26.992395400236255],[143.13716125500002,-26.99230384723626],[143.13731384300002,-26.992208480236282],[143.13746643100012,-26.99211883423624],[143.1376190190001,-26.992023467236262],[143.13775634800004,-26.991931914236268],[143.13789367700008,-26.991842269236265],[143.13804626500007,-26.99175071623626],[143.13819885300006,-26.99165725623624],[143.1383361820001,-26.991565703236297],[143.1384887700001,-26.99147224323628],[143.13862609900002,-26.991382598236285],[143.138778687,-26.991291045236274],[143.13893127400002,-26.991199492236284],[143.13906860400004,-26.99110603223627],[143.13922119100005,-26.991012572236304],[143.13937377900004,-26.9909210202363],[143.13951110800008,-26.99082565223627],[143.13966369600007,-26.99073409923628],[143.13981628400006,-26.99064063923632],[143.1399536130001,-26.9905471792363],[143.14006042500012,-26.990488051236266],[143.1403656010001,-26.990293502236323],[143.1403656010001,-26.99028587223629],[143.14038085900006,-26.9902782432363],[143.14053344700005,-26.99021339323631],[143.1407012940001,-26.99013900723632],[143.1408538820001,-26.990068435236296],[143.14102172900004,-26.989995955236324],[143.14117431600005,-26.989925384236276],[143.1413421630001,-26.989850997236303],[143.14151001000005,-26.989780425236336],[143.14166259800004,-26.989706038236296],[143.1418304440001,-26.98963355923632],[143.1419830320001,-26.989562987236287],[143.14215087900004,-26.989492415236313],[143.14230346700003,-26.989421843236293],[143.1423950200001,-26.989376067236318],[143.14260864300002,-26.98928451423631],[143.14274597200006,-26.989221572236318],[143.14276123000002,-26.989208220236325],[143.142913818,-26.98911666823631],[143.14306640600012,-26.9890251152363],[143.14320373500004,-26.988937377236326],[143.14335632300003,-26.988842009236297],[143.14350891100003,-26.98875236423636],[143.14364624000007,-26.98865699723633],[143.14379882800006,-26.98856353723631],[143.14395141600005,-26.98847007723635],[143.14410400400004,-26.98837661623635],[143.14425659200003,-26.988285064236337],[143.14440918000003,-26.988191604236324],[143.14454650900007,-26.988100051236326],[143.14469909700006,-26.98800659123637],[143.14485168500005,-26.98791313123635],[143.14500427200005,-26.987819671236345],[143.14514160200008,-26.987730025236353],[143.14529418900008,-26.98763656523633],[143.14544677700007,-26.987541198236364],[143.14559936500007,-26.98744773823635],[143.14575195300006,-26.987354278236342],[143.1458892820001,-26.987262725236384],[143.1460418700001,-26.987171172236383],[143.14619445800008,-26.987077712236367],[143.14634704600007,-26.986984252236358],[143.1464843750001,-26.986894607236344],[143.1466369630001,-26.986801146236342],[143.1467895510001,-26.986709594236384],[143.14692688000002,-26.986618041236394],[143.14707946800002,-26.986526488236386],[143.14721679700006,-26.986433028236373],[143.14736938500005,-26.986341475236372],[143.14752197300004,-26.98624801523636],[143.14765930200008,-26.986156463236398],[143.14781189000007,-26.986063003236392],[143.14796447800006,-26.985969542236383],[143.14811706500006,-26.985877990236375],[143.1482543950001,-26.985786437236367],[143.1484069820001,-26.985694884236363],[143.1485595700001,-26.9856033322364],[143.14869689900002,-26.985511779236404],[143.14884948700012,-26.9854183192364],[143.1490020750001,-26.985326766236394],[143.14913940400004,-26.98523712123638],[143.14929199200003,-26.985145568236394],[143.14942932100007,-26.98505401523638],[143.14958190900006,-26.984962462236368],[143.14973449700005,-26.984870910236417],[143.1498718260001,-26.984779357236413],[143.1500244140001,-26.984687804236426],[143.15017700200008,-26.98459625123642],[143.15031433100012,-26.984504699236396],[143.1504669190001,-26.984413146236395],[143.1506195070001,-26.984321593236402],[143.15075683600003,-26.98423004123644],[143.15090942400002,-26.984138488236432],[143.15116882300003,-26.9839763632364],[143.15132141100003,-26.983884810236404],[143.15145874000007,-26.983791350236462],[143.15161132800006,-26.983699798236433],[143.15176391600005,-26.98360824523643],[143.15191650400004,-26.983514785236437],[143.15205383300008,-26.983421325236414],[143.15220642100007,-26.983329772236463],[143.15235900900007,-26.98323821923646],[143.1524963380001,-26.983144759236435],[143.15263366700003,-26.983060836236465],[143.1526489260001,-26.98305129923643],[143.1528015140001,-26.982957839236477],[143.15295410200008,-26.982864379236453],[143.15310668900008,-26.98277282623645],[143.1532440190001,-26.982681273236437],[143.15339660600011,-26.982589721236437],[143.15353393600003,-26.98249816823644],[143.15368652300003,-26.982408523236433],[143.15382385300006,-26.982316970236436],[143.15397644000006,-26.982227324236444],[143.1541137700001,-26.98213767923644],[143.1542663570001,-26.982044219236485],[143.1544189450001,-26.98195457423648],[143.15455627400002,-26.98186111423646],[143.15470886200012,-26.981771468236474],[143.15484619100005,-26.981678008236457],[143.15499877900004,-26.98158645523646],[143.15515136700003,-26.981496810236457],[143.15528869600007,-26.98140716523645],[143.15544128400006,-26.981313704236452],[143.1555786130001,-26.981224059236453],[143.1557312010001,-26.981132506236513],[143.15585327100007,-26.981060027236477],[143.15596008300008,-26.980985640236476],[143.1560668950001,-26.9809246052365],[143.15618896500007,-26.9808483112365],[143.15620422400002,-26.980840682236472],[143.1562957760001,-26.980777739236483],[143.15641784700006,-26.980705260236494],[143.15652465800008,-26.98063278123646],[143.156585693,-26.980596541236476],[143.15664672900004,-26.980560302236476],[143.15669250500002,-26.980529784236467],[143.15676879900002,-26.9804859152365],[143.1568908690001,-26.980413436236514],[143.15699768100012,-26.980339049236484],[143.1571197510001,-26.980266570236505],[143.15724182100007,-26.980192183236518],[143.15725708000002,-26.980180739236527],[143.15734863300008,-26.980121612236484],[143.15747070300006,-26.9800472252365],[143.15759277300003,-26.979974746236522],[143.15769958500005,-26.979902266236486],[143.15782165500002,-26.9798278802365],[143.1578674320001,-26.9798030842365],[143.1579437260001,-26.97975540123651],[143.158050537,-26.979686736236502],[143.1581726070001,-26.979610442236517],[143.1582031250001,-26.979587554236517],[143.15829467800006,-26.979537963236524],[143.1583557130001,-26.979494094236504],[143.15840148900008,-26.97946548423648],[143.15852356000005,-26.979391097236505],[143.15864563000002,-26.979316710236528],[143.1587677000001,-26.979242324236527],[143.1588439940001,-26.979192733236534],[143.158874512,-26.97916984523649],[143.1589965820001,-26.979095458236504],[143.15911865200007,-26.979022979236532],[143.1592254640001,-26.978950499236504],[143.15934753400006,-26.97887802023652],[143.15946960400004,-26.978805541236543],[143.15957641600005,-26.978731154236506],[143.15962219200003,-26.978702544236548],[143.15969848600002,-26.978658675236524],[143.15975952100007,-26.978622436236524],[143.1598205570001,-26.97858619623653],[143.15995788600003,-26.97849464323653],[143.16011047400002,-26.97840118323652],[143.160263062,-26.97831153823652],[143.16036987300004,-26.97823715123655],[143.16040039100005,-26.978218078236505],[143.16047668500005,-26.978174209236546],[143.16055297900004,-26.978130340236515],[143.16059875500002,-26.978094100236536],[143.16069030800008,-26.97803687923651],[143.16084289600008,-26.977947234236506],[143.16099548300008,-26.977853774236547],[143.16113281200012,-26.977762221236556],[143.16120910600011,-26.977718352236536],[143.1612854000001,-26.977672576236554],[143.1614379880001,-26.977577208236543],[143.16157531700003,-26.977487563236533],[143.16172790500002,-26.977394103236524],[143.161880493,-26.977300643236557],[143.16203308100012,-26.977207183236544],[143.1621856690001,-26.97711372323654],[143.162445068,-26.976945876236538],[143.16259765600012,-26.976854323236537],[143.1627502440001,-26.976762771236587],[143.16288757300003,-26.97667121823658],[143.16304016100003,-26.97658157223658],[143.16319274900002,-26.976486205236558],[143.16333007800006,-26.97639274523655],[143.16348266600005,-26.97630310023655],[143.16363525400004,-26.9762115472366],[143.16377258300008,-26.976119994236594],[143.163909912,-26.976032256236547],[143.1640625000001,-26.975940703236596],[143.1642150880001,-26.975849151236588],[143.16430664100005,-26.975788115236554],[143.16435241700003,-26.9757595052366],[143.16450500500002,-26.975669860236597],[143.16453552200005,-26.97564125023659],[143.16464233400006,-26.975578307236603],[143.16468811000004,-26.97554969723658],[143.1647796630001,-26.9754886622366],[143.1649322510001,-26.975395202236584],[143.1650848390001,-26.97530364923657],[143.165222168,-26.975214004236573],[143.16537475600012,-26.975122451236565],[143.1655273440001,-26.975030898236568],[143.16566467300004,-26.97493743823661],[143.16581726100003,-26.974847793236624],[143.16595459000007,-26.974756240236612],[143.16610717800006,-26.9746646872366],[143.16625976600005,-26.974573134236614],[143.1663970950001,-26.974483489236604],[143.16654968300008,-26.974390029236595],[143.16670227100008,-26.974298476236587],[143.16683960000012,-26.974205016236635],[143.16699218700012,-26.97411346323662],[143.1671447750001,-26.974020003236614],[143.1672973630001,-26.9739284512366],[143.16743469200003,-26.973838805236614],[143.1675567630001,-26.973760604236595],[143.16758728000002,-26.973749160236604],[143.16772460900006,-26.973655700236588],[143.16787719700005,-26.973562240236635],[143.16802978500004,-26.97347259423664],[143.16816711400008,-26.973382949236644],[143.16831970200008,-26.973291396236654],[143.16845703100012,-26.973197936236623],[143.1686096190001,-26.973106383236637],[143.1687622070001,-26.97301292323661],[143.16889953600003,-26.972923278236614],[143.16905212400002,-26.97283363223662],[143.1691741940001,-26.972759246236624],[143.16928100600012,-26.972684859236658],[143.1694030760001,-26.972612380236672],[143.16952514600007,-26.97253799323664],[143.16963195800008,-26.972465514236642],[143.16975402800006,-26.97239303523667],[143.16987609900002,-26.97232055623662],[143.16998291000004,-26.972246169236644],[143.17010498000002,-26.97217559723668],[143.1702270510001,-26.97210121123664],[143.17042541500007,-26.97196960323668],[143.17102050800008,-26.97160148523665],[143.17114257800006,-26.97152900623666],[143.17124939000007,-26.971456527236686],[143.17137146000005,-26.971382140236642],[143.17149353000002,-26.971309661236667],[143.171646118,-26.971214293236645],[143.17179870600012,-26.971122741236695],[143.17193603500004,-26.971027373236673],[143.17208862300004,-26.970935821236672],[143.17224121100003,-26.970840453236693],[143.17239379900002,-26.970748900236703],[143.172546387,-26.970655440236683],[143.17269897500012,-26.970560073236655],[143.17298889200003,-26.970373153236693],[143.17314147900004,-26.97028160023669],[143.17329406700003,-26.97018814023667],[143.17344665500002,-26.970094680236716],[143.173599243,-26.96999931223671],[143.17373657200005,-26.96990776023669],[143.17388916000004,-26.969812392236722],[143.17404174800004,-26.96972274723672],[143.17417907700008,-26.96963119423673],[143.17433166500007,-26.969537734236713],[143.17448425300006,-26.969448089236696],[143.1746215820001,-26.969358443236718],[143.1747741700001,-26.96926689023671],[143.17491149900002,-26.9691753382367],[143.175064087,-26.969085692236717],[143.17520141600005,-26.968994140236685],[143.17535400400004,-26.968902587236684],[143.17549133300008,-26.96881103423669],[143.17564392100007,-26.96871948123675],[143.17579650900007,-26.96862983623674],[143.1759338380001,-26.968536376236734],[143.1760864260001,-26.968444823236723],[143.17622375500002,-26.968355178236738],[143.17637634300002,-26.968261718236704],[143.17652893100012,-26.968170165236703],[143.1766815190001,-26.96807670523674],[143.17681884800004,-26.967983245236745],[143.17697143600003,-26.967891692236737],[143.17712402300003,-26.96779823223672],[143.17726135300006,-26.967708587236725],[143.17741394000006,-26.96761512723677],[143.17756652800006,-26.96752357423676],[143.17793273900008,-26.967288970236748],[143.1778564450001,-26.967342376236765],[143.1778869630001,-26.967321395236723],[143.17797851600005,-26.967262267236748],[143.17810058600003,-26.967189788236762],[143.17843627900004,-26.966985702236766],[143.17854309100005,-26.966909408236784],[143.17866516100003,-26.966835021236736],[143.17878723100011,-26.966762542236758],[143.17890930200008,-26.966688155236778],[143.1790161130001,-26.966615676236742],[143.17913818400007,-26.966539382236743],[143.17926025400004,-26.96646499523676],[143.17938232400002,-26.966392516236773],[143.17948913600003,-26.966318129236743],[143.17961120600012,-26.966247558236763],[143.1797332760001,-26.966173171236786],[143.1797637940001,-26.96614646823677],[143.1798400880001,-26.966100692236743],[143.180023193,-26.965988158236758],[143.18019104000007,-26.965883254236754],[143.18031311000004,-26.965808867236767],[143.18043518100012,-26.965734481236776],[143.1805572510001,-26.96565818723678],[143.18067932100007,-26.96558570823681],[143.18080139200003,-26.965511321236768],[143.18090820300006,-26.96543502723677],[143.18103027300003,-26.96536064023679],[143.1811523440001,-26.965286254236794],[143.1812744140001,-26.96521186723681],[143.18139648400006,-26.96513557323676],[143.18151855500003,-26.965063094236783],[143.18162536600005,-26.96499061523679],[143.181747437,-26.964918136236815],[143.1818695070001,-26.96484374923678],[143.18199157700008,-26.964769362236797],[143.1820983890001,-26.96469306823681],[143.18222045900006,-26.964618682236804],[143.18234252900004,-26.964544295236767],[143.18246460000012,-26.964469909236776],[143.1825866700001,-26.964395522236803],[143.18273925800008,-26.964300155236828],[143.18289184600008,-26.964206695236815],[143.18302917500012,-26.964113234236798],[143.18313598600002,-26.96405219923682],[143.1831817630001,-26.964019774236785],[143.1833343510001,-26.96392440723682],[143.1834869380001,-26.96383094723681],[143.1836395260001,-26.963737487236795],[143.18379211400008,-26.963642119236837],[143.18394470200008,-26.963548659236817],[143.18408203100012,-26.963455199236797],[143.1842346190001,-26.963361739236845],[143.1843872070001,-26.963266372236816],[143.1845397950001,-26.963172912236804],[143.18467712400002,-26.96308517423682],[143.184829712,-26.962991713236818],[143.18498230000012,-26.962898253236855],[143.1851348880001,-26.96280479323684],[143.1852874760001,-26.962709426236817],[143.1854400630001,-26.962615966236857],[143.1855926510001,-26.96252250623684],[143.18572998000002,-26.962427138236826],[143.185882568,-26.962333678236863],[143.18603515600012,-26.96224021823685],[143.1861877440001,-26.962146758236837],[143.1863403320001,-26.96205139123687],[143.1864929200001,-26.96195793123686],[143.18664550800008,-26.96186447023685],[143.18679809600008,-26.96176910323681],[143.18693542500012,-26.96167564323687],[143.1870880130001,-26.961582183236846],[143.1872406010001,-26.96149253723686],[143.18737793000003,-26.96140098523685],[143.18753051800002,-26.96130752523683],[143.18768310500002,-26.96121787923684],[143.18782043500005,-26.961124419236885],[143.18797302200005,-26.961032866236877],[143.18812561000004,-26.960939406236864],[143.18827819800003,-26.960847854236853],[143.18841552700007,-26.960752486236906],[143.18856811500007,-26.96066284123689],[143.1887054440001,-26.960571288236903],[143.1888580320001,-26.960477828236883],[143.1890106200001,-26.96038627523688],[143.1891174320001,-26.9603157032369],[143.18916320800008,-26.96029281523686],[143.189300537,-26.960203170236863],[143.1894531250001,-26.960111617236855],[143.1896057130001,-26.960016250236887],[143.1897583010001,-26.959924697236875],[143.18989563000002,-26.959829329236857],[143.19004821800002,-26.959737777236917],[143.19020080600012,-26.959646224236913],[143.19023132300003,-26.959623336236923],[143.19033813500005,-26.95955467123691],[143.19049072300004,-26.95946502623691],[143.19062805200008,-26.9593734732369],[143.19078064000007,-26.959280013236896],[143.19102478000002,-26.959133147236926],[143.19102478000002,-26.959127425236897],[143.1910400390001,-26.95912170323693],[143.1910400390001,-26.95911407423689],[143.19116210900006,-26.958995818236886],[143.19128418000003,-26.958873748236904],[143.19139099100005,-26.95875549223691],[143.191513062,-26.958635329236895],[143.19161987300004,-26.958511352236915],[143.191741943,-26.95839118923689],[143.1918640140001,-26.95826721123692],[143.1919708250001,-26.958145141236944],[143.19209289600008,-26.95802307023692],[143.19221496600005,-26.957899093236943],[143.19233703600003,-26.957775115236903],[143.19244384800004,-26.95765304523694],[143.192565918,-26.957532882236915],[143.1926879880001,-26.957408904236946],[143.19281005900007,-26.957286834236914],[143.1929168700001,-26.95716476323696],[143.1930236820001,-26.95705795223694],[143.19303894000006,-26.957042693236932],[143.1930999760001,-26.956972121236962],[143.19316101100003,-26.956918715236956],[143.19326782200005,-26.95680046023695],[143.19349670400004,-26.956562041236975],[143.1935119630001,-26.956544875236947],[143.19352722200006,-26.956533431236963],[143.19354248000002,-26.95652580223697],[143.19355773900008,-26.956518172236947],[143.19364929200003,-26.95648574723698],[143.1938171390001,-26.95642280523698],[143.19398498500004,-26.95636177023693],[143.1941528320001,-26.956298827236957],[143.1944885250001,-26.95617103523695],[143.19465637200005,-26.95610809223695],[143.1948242190001,-26.956043242236948],[143.19499206500006,-26.95598220723697],[143.195159912,-26.955919265236986],[143.19532775900007,-26.95585441523697],[143.19549560500002,-26.95579338023699],[143.19566345200008,-26.955732345236953],[143.19583129900002,-26.955669402236964],[143.195983887,-26.95560836723697],[143.19615173300008,-26.955545424236988],[143.19631958000002,-26.955482482236988],[143.1968994140001,-26.955263137236994],[143.1969299320001,-26.955238341237],[143.1970825200001,-26.955146789236977],[143.1970825200001,-26.955144881236976],[143.1972351070001,-26.955051421236973],[143.1973876950001,-26.954956054236995],[143.19754028300008,-26.954864501237],[143.19767761200012,-26.954774856237],[143.1978302000001,-26.954681395236985],[143.1979827880001,-26.95458984323699],[143.19812011700003,-26.95449829023697],[143.19827270500002,-26.954408645236974],[143.19841003400006,-26.95431518523701],[143.19856262200005,-26.954227447237027],[143.1986999510001,-26.95413398623701],[143.1988525390001,-26.95404243423701],[143.198989868,-26.953950881237013],[143.199066162,-26.95391082723699],[143.19914245600012,-26.953857421237004],[143.1992950440001,-26.953762053237035],[143.1994476320001,-26.95367050123702],[143.1996002200001,-26.95357704123701],[143.19973754900002,-26.953487395237016],[143.199890137,-26.953393935237],[143.20002746600005,-26.953304290236993],[143.20018005400004,-26.953214644237008],[143.20033264200003,-26.953121184237002],[143.20048522900004,-26.95302772423703],[143.20062255900007,-26.952934264237022],[143.20077514600007,-26.95284461923702],[143.20086669900002,-26.95278358423704],[143.20097351100003,-26.952722548237006],[143.2010650630001,-26.95266342123702],[143.20115661600005,-26.952602385237036],[143.20126342800006,-26.952543258237053],[143.20135498000002,-26.952486037237037],[143.20144653300008,-26.95242881723701],[143.20153808600003,-26.952369689237027],[143.2016296390001,-26.95230674623704],[143.2017364500001,-26.95224571123705],[143.20191955600012,-26.952125548237046],[143.20202636700003,-26.952068328237004],[143.20213317900004,-26.951997756237045],[143.20225524900002,-26.951925277237066],[143.20236206100003,-26.951854705237032],[143.20248413100012,-26.951780318237052],[143.20259094200003,-26.951709746237032],[143.2027130130001,-26.95163726723705],[143.20283508300008,-26.951566695237023],[143.2029418950001,-26.95149421623704],[143.20306396500007,-26.951423644237074],[143.2031707760001,-26.951353072237055],[143.2032775880001,-26.951282500237077],[143.20339965800008,-26.95121002123705],[143.2035064700001,-26.951139449237075],[143.20362854000007,-26.951070785237047],[143.20373535200008,-26.950998305237082],[143.20385742200006,-26.95092773323705],[143.20396423300008,-26.95085716123709],[143.20404052700007,-26.950809478237048],[143.2040710450001,-26.950788497237067],[143.20419311500007,-26.950716018237085],[143.20429992700008,-26.950643538237056],[143.20442199700005,-26.950572967237076],[143.20452880900007,-26.950504302237057],[143.20465087900004,-26.950431823237086],[143.20475769000006,-26.950361251237055],[143.20487976100003,-26.950290679237092],[143.20498657200005,-26.95021820023705],[143.20509338400007,-26.95014953523709],[143.20521545400004,-26.950080871237063],[143.2053070070001,-26.950017928237084],[143.205413818,-26.9499568932371],[143.20550537100007,-26.949893950237115],[143.20561218300008,-26.94982910123709],[143.2057189940001,-26.94976425123711],[143.20582580600012,-26.94970130823711],[143.20591735800008,-26.949640273237062],[143.2060241700001,-26.949581145237094],[143.20611572300004,-26.949520110237096],[143.20622253400006,-26.949455260237098],[143.206314087,-26.94939422523712],[143.20642089800003,-26.94933128323712],[143.20652771000005,-26.949266433237128],[143.2066192630001,-26.949203490237075],[143.20672607400002,-26.949136733237125],[143.20683288600003,-26.949073791237115],[143.2069244380001,-26.94900894123712],[143.2070312500001,-26.948947905237084],[143.207138062,-26.948886870237104],[143.20722961400008,-26.94882583523711],[143.20732116700003,-26.948766707237095],[143.2074127200001,-26.9487056722371],[143.20751953100012,-26.948642730237104],[143.20761108400006,-26.948581695237124],[143.20780944800003,-26.948459624237096],[143.20791626000005,-26.9483985892371],[143.20802307100007,-26.94833373923711],[143.20811462400002,-26.948270797237107],[143.20822143600003,-26.948204040237098],[143.2085418700001,-26.94800758323715],[143.20866394000006,-26.947935103237107],[143.20877075200008,-26.947864531237155],[143.20889282200005,-26.9477901452371],[143.20901489300002,-26.947715758237113],[143.20912170400004,-26.947643279237134],[143.20924377400002,-26.94757080023715],[143.2093658450001,-26.94749832123712],[143.20947265600012,-26.947427749237146],[143.20959472700008,-26.947353362237106],[143.20971679700006,-26.94727897523713],[143.20982360800008,-26.947206496237136],[143.20994567900004,-26.947135924237116],[143.21005249000007,-26.94706535223715],[143.21017456100003,-26.94699096623715],[143.21028137200005,-26.946920394237136],[143.21040344200003,-26.94685172923712],[143.21051025400004,-26.946777343237137],[143.21063232400002,-26.94670486423714],[143.2107543950001,-26.946630477237168],[143.21087646500007,-26.94655609023713],[143.2109832760001,-26.94648170423713],[143.21110534700006,-26.94640731723715],[143.21122741700003,-26.94633674523713],[143.21134948700012,-26.946262359237124],[143.21145629900002,-26.946187972237144],[143.2115783690001,-26.946113585237168],[143.21170043900008,-26.946041106237132],[143.2118072510001,-26.94596862723715],[143.21192932100007,-26.945896148237164],[143.21205139200003,-26.945825576237137],[143.21215820300006,-26.945751189237157],[143.21228027300003,-26.945678710237182],[143.2124023440001,-26.945606231237143],[143.21250915500002,-26.945533751237164],[143.2126312260001,-26.945461272237186],[143.21275329600007,-26.945386886237195],[143.21287536600005,-26.94531249923717],[143.21298217800006,-26.945236205237155],[143.21310424800004,-26.94516181823719],[143.213226318,-26.945087432237194],[143.2133483890001,-26.945013045237147],[143.2134552000001,-26.944942473237187],[143.21357727100008,-26.94486999423719],[143.2136840820001,-26.94479942223717],[143.21380615200007,-26.9447288502372],[143.2139129640001,-26.94465637123717],[143.21403503400006,-26.9445877072372],[143.21414184600008,-26.944517135237177],[143.21426391600005,-26.944446563237204],[143.21437072800006,-26.944374083237175],[143.2144775390001,-26.944307326237166],[143.2145843510001,-26.944238662237204],[143.21470642100007,-26.944166182237176],[143.2148132320001,-26.9440956112372],[143.21493530300006,-26.944023131237223],[143.21504211400008,-26.943954467237194],[143.21516418500005,-26.94388198823722],[143.21527099600007,-26.94381141623719],[143.21539306600005,-26.943740844237222],[143.21549987800006,-26.9436683642372],[143.21562194800003,-26.94359779323722],[143.21572876000005,-26.943525313237192],[143.21585083000002,-26.943454741237225],[143.21595764200003,-26.943384170237177],[143.216079712,-26.943315505237234],[143.21618652300003,-26.94324493323721],[143.2163085940001,-26.943172454237228],[143.21641540500002,-26.943098067237237],[143.2165374760001,-26.94302940323722],[143.216644287,-26.94295692323719],[143.2167663570001,-26.942886352237213],[143.2168731690001,-26.94281578023724],[143.2170257570001,-26.942722320237234],[143.2171783450001,-26.94262885923722],[143.21733093300008,-26.94253349223719],[143.217468262,-26.94244193923726],[143.21762085000012,-26.942348479237243],[143.21775817900004,-26.94226074123725],[143.21791076700003,-26.942171096237253],[143.21806335400004,-26.942079543237245],[143.21820068400007,-26.94198799023724],[143.21835327100007,-26.941896438237226],[143.21850585900006,-26.941802978237213],[143.2186431880001,-26.94170951723727],[143.2187957760001,-26.94161605723725],[143.21894836400008,-26.94152259723724],[143.219085693,-26.94143485923724],[143.21923828100012,-26.941343306237243],[143.2193908690001,-26.941249846237227],[143.2195434570001,-26.941156386237274],[143.21968078600003,-26.941062926237272],[143.21983337400002,-26.940969466237235],[143.219985962,-26.940876006237232],[143.22001647900004,-26.940862655237282],[143.22041320800008,-26.94060897723725],[143.22056579600007,-26.940517425237232],[143.22071838400007,-26.940425872237288],[143.2208557130001,-26.940334319237294],[143.2210083010001,-26.94024276623728],[143.2211608890001,-26.940147399237265],[143.22129821800002,-26.940053939237245],[143.22145080600012,-26.939960479237286],[143.2216033940001,-26.939867019237273],[143.22174072300004,-26.93979072523728],[143.221862793,-26.939708709237266],[143.22201538100012,-26.93961524923729],[143.22215271000005,-26.9395236962373],[143.2222442630001,-26.939474105237302],[143.22230529800004,-26.939432143237294],[143.2223968510001,-26.939373015237273],[143.22245788600003,-26.939340590237297],[143.22259521500007,-26.939252852237292],[143.22274780300006,-26.93916130023729],[143.2228851320001,-26.93906974723729],[143.2230377200001,-26.938976287237274],[143.22319030800008,-26.938884734237273],[143.22325134300002,-26.93884658723728],[143.223327637,-26.938791274237307],[143.22348022500012,-26.93870162923731],[143.22363281200012,-26.9386081692373],[143.2237854000001,-26.93851661623729],[143.22392272900004,-26.938421248237287],[143.22402954100005,-26.93836021323729],[143.22407531700003,-26.93833160323728],[143.22422790500002,-26.938240050237336],[143.22436523400006,-26.93814849823732],[143.22451782200005,-26.93805313023729],[143.22467041000004,-26.937963485237308],[143.22480773900008,-26.9378719322373],[143.22496032700008,-26.937782287237305],[143.22509765600012,-26.937692641237305],[143.22521972700008,-26.937616347237324],[143.2252502440001,-26.93760108823731],[143.2254028320001,-26.937509536237364],[143.22554016100003,-26.93741416823734],[143.22569274900002,-26.937322616237328],[143.22583007800006,-26.937231063237324],[143.22598266600005,-26.937141417237324],[143.22613525400004,-26.93704605023735],[143.22627258300008,-26.936956405237357],[143.22642517100007,-26.936864852237353],[143.22657775900007,-26.936773299237355],[143.2267150880001,-26.936681746237348],[143.2268676760001,-26.93659210123734],[143.2270202640001,-26.93650054823735],[143.22715759300002,-26.93640899623732],[143.22731018100012,-26.93631935023735],[143.22744751000005,-26.936223983237372],[143.22760009800004,-26.93613624523733],[143.22775268600003,-26.936044692237314],[143.22789001500007,-26.935955047237375],[143.22804260300006,-26.935865401237326],[143.2281799320001,-26.935775756237327],[143.22831726100003,-26.93568420323739],[143.22846984900002,-26.93559265023738],[143.228622437,-26.93549728323736],[143.22875976600005,-26.935407638237358],[143.22891235400004,-26.935316085237357],[143.22904968300008,-26.935228347237352],[143.22920227100008,-26.935136794237366],[143.22933960000012,-26.935047149237363],[143.22949218700012,-26.934957503237367],[143.2296447750001,-26.934867858237368],[143.22978210400004,-26.93477630523738],[143.22993469200003,-26.934684752237366],[143.23004150400004,-26.934614181237382],[143.23016357400002,-26.934539794237406],[143.2302856450001,-26.93446540723737],[143.23039245600012,-26.934391021237364],[143.2305145260001,-26.93431663423739],[143.23063659700006,-26.934240340237398],[143.23075866700003,-26.934167861237412],[143.2307739260001,-26.934156417237368],[143.2311096190001,-26.93394851623741],[143.23121643100012,-26.933879851237396],[143.23132324200003,-26.93380737223742],[143.23144531200012,-26.933732985237384],[143.23156738300008,-26.933660506237384],[143.23168945300006,-26.93358421223741],[143.23181152300003,-26.933511733237424],[143.23191833500005,-26.93343925423739],[143.23204040500002,-26.93336486723741],[143.2321624760001,-26.93329238823742],[143.232269287,-26.93321800123739],[143.2323913570001,-26.9331455222374],[143.23251342800006,-26.933073043237425],[143.23263549800004,-26.932998656237388],[143.23274231000005,-26.932926177237402],[143.23286438000002,-26.932853698237416],[143.2329864500001,-26.932777404237427],[143.23310852100008,-26.93270111023742],[143.23323059100005,-26.932628631237396],[143.23335266100003,-26.9325523372374],[143.23345947300004,-26.932479857237425],[143.23376464800003,-26.932291030237447],[143.2337799070001,-26.9322814932374],[143.23379516600005,-26.932270049237417],[143.23408508300008,-26.93202209423745],[143.23417663600003,-26.93192863423743],[143.23428344700005,-26.931838988237455],[143.23439025900007,-26.931749343237442],[143.234481812,-26.931657790237445],[143.23458862300004,-26.931566237237433],[143.23469543500005,-26.931478499237464],[143.23478698700012,-26.93138694723744],[143.23489379900002,-26.93129730123745],[143.23500061000004,-26.931207656237454],[143.23510742200006,-26.93111419623744],[143.23519897500012,-26.931022643237426],[143.2352447510001,-26.930980681237482],[143.23530578600003,-26.93093109023741],[143.23541259800004,-26.930841445237416],[143.2355041500001,-26.93074989223749],[143.23564147900004,-26.93063354423748],[143.23577880900007,-26.93050956623745],[143.23579406700003,-26.930500030237454],[143.2358093260001,-26.93049049323747],[143.2359161380001,-26.930438994237484],[143.23605346700003,-26.93038177423745],[143.23619079600007,-26.93032455323748],[143.23631286600005,-26.93026924023746],[143.2364501950001,-26.93021202023744],[143.23657226600005,-26.930156707237476],[143.2367095950001,-26.930099486237452],[143.23683166500007,-26.93004417323745],[143.23695373500004,-26.929986953237467],[143.23709106400008,-26.929931640237456],[143.23721313500005,-26.929874419237485],[143.2373504640001,-26.929819106237467],[143.23747253400006,-26.929761886237504],[143.23773193400007,-26.929649352237472],[143.2378692630001,-26.929592132237484],[143.23799133300008,-26.929536818237487],[143.23811340300006,-26.92948150523747],[143.2382507320001,-26.9294242852375],[143.23849487300004,-26.929313659237454],[143.238616943,-26.92926025323745],[143.23864746100003,-26.929244994237504],[143.23878479000007,-26.929153441237503],[143.23893737800006,-26.929061889237495],[143.23908996600005,-26.928970336237484],[143.2392272950001,-26.928878783237483],[143.23937988300008,-26.92878532323747],[143.23953247100008,-26.92869567823747],[143.23966980000012,-26.92860412523752],[143.2398223880001,-26.92851257223752],[143.23995971700003,-26.928422927237513],[143.24011230500003,-26.928329467237504],[143.24026489300002,-26.9282340992375],[143.24041748000002,-26.928144454237476],[143.24055481000005,-26.928050994237527],[143.24070739700005,-26.927959441237537],[143.24085998500004,-26.927867888237518],[143.24099731400008,-26.927776336237503],[143.24114990200007,-26.927686690237522],[143.24130249000007,-26.927593230237513],[143.2414398190001,-26.92750358523751],[143.24156189000007,-26.92742919823753],[143.2415924070001,-26.927412032237505],[143.24197387700008,-26.92717552123753],[143.2420043950001,-26.927152633237554],[143.24212646500007,-26.92704582123754],[143.2422637940001,-26.92693138023756],[143.24240112300004,-26.926820754237514],[143.242523193,-26.92671203523755],[143.2426452640001,-26.926605224237527],[143.24278259300002,-26.926496505237555],[143.24288940400004,-26.926412581237543],[143.2429809570001,-26.92632675123755],[143.2430877690001,-26.926239013237566],[143.24319458000002,-26.92615318223753],[143.24328613300008,-26.92607307323753],[143.2433929440001,-26.925987243237532],[143.24348449700005,-26.925905227237564],[143.24359130900007,-26.925823211237546],[143.24368286100002,-26.925743102237536],[143.2437744140001,-26.92566490123754],[143.2438812260001,-26.92558288523757],[143.24397277800006,-26.92549896123755],[143.24407959000007,-26.925415038237578],[143.24417114300002,-26.92533111523754],[143.24427795400004,-26.925251006237534],[143.2443695070001,-26.92517471223753],[143.24446106000005,-26.9250946032376],[143.24455261200012,-26.925014495237566],[143.24465942400002,-26.92493629423755],[143.24475097700008,-26.924854278237543],[143.24484252900004,-26.92477416923759],[143.24494934100005,-26.92469215323757],[143.2450408940001,-26.924610137237554],[143.24525451700003,-26.924440383237606],[143.2452697750001,-26.924423217237578],[143.24528503400006,-26.924419402237557],[143.24528503400006,-26.924415587237558],[143.245300293,-26.92441177323759],[143.24531555200008,-26.924409865237582],[143.2453460690001,-26.924402236237597],[143.24548339800003,-26.924381255237567],[143.24562072800006,-26.924358367237577],[143.24574279800004,-26.9243354792376],[143.24588012700008,-26.924314498237568],[143.24601745600012,-26.92429351723757],[143.24615478500004,-26.92427062923759],[143.24627685500002,-26.92424964823755],[143.2463989260001,-26.924228667237585],[143.24644470200008,-26.924222945237553],[143.24653625500002,-26.924205779237585],[143.24674987800006,-26.924169539237614],[143.24682617200006,-26.924154281237595],[143.24685668900008,-26.924144744237598],[143.24690246600005,-26.924114226237595],[143.24700927700007,-26.924043654237565],[143.24713134800004,-26.923969268237567],[143.247253418,-26.92389297423757],[143.2473754880001,-26.92382049523759],[143.24748230000012,-26.9237442012376],[143.2476043700001,-26.92366981423762],[143.24772644000006,-26.923597335237584],[143.24784851100003,-26.923521041237578],[143.24795532200005,-26.92345046923761],[143.24807739300002,-26.92337608223758],[143.24818420400004,-26.923303603237596],[143.24830627400002,-26.923231124237628],[143.2484283450001,-26.923158645237578],[143.24855041500007,-26.9230842582376],[143.24865722700008,-26.923009871237607],[143.24877929700006,-26.922937392237632],[143.24890136700003,-26.922861098237572],[143.24900817900004,-26.9227886192376],[143.24913024900002,-26.922716140237625],[143.2492523190001,-26.92264175323764],[143.24935913100012,-26.92256736723758],[143.2494812010001,-26.922494887237626],[143.24960327100007,-26.92242050123762],[143.24971008300008,-26.922348021237603],[143.24983215300006,-26.922275542237617],[143.24995422400002,-26.922201156237623],[143.25006103500004,-26.92212676923764],[143.25018310500002,-26.9220542902376],[143.2503051760001,-26.921979903237624],[143.25042724600007,-26.92190360923763],[143.25054931600005,-26.92182731523763],[143.250671387,-26.92175483623765],[143.25077819800003,-26.92168044923761],[143.2509002690001,-26.92160606323762],[143.25100708000002,-26.921533584237647],[143.2511291500001,-26.921459197237663],[143.251235962,-26.92139244023764],[143.2513580320001,-26.92132186823762],[143.2514648440001,-26.921253203237665],[143.25157165500002,-26.92118263123764],[143.25167846700003,-26.921112060237657],[143.251800537,-26.92104339523765],[143.25190734900002,-26.920976638237633],[143.25201416000004,-26.920907973237608],[143.25212097200006,-26.920843123237628],[143.25222778300008,-26.920776366237668],[143.2523345950001,-26.920709609237647],[143.25244140600012,-26.920640944237636],[143.25254821800002,-26.920572280237668],[143.25265502900004,-26.92050743023767],[143.2527465820001,-26.920444488237663],[143.2528533940001,-26.92037963823768],[143.25296020500002,-26.920316695237627],[143.25305175800008,-26.920253753237628],[143.2531585690001,-26.92019081023764],[143.25326538100012,-26.920125960237637],[143.25337219200003,-26.920057296237683],[143.2534637450001,-26.919996261237692],[143.2535705570001,-26.91993141123768],[143.253677368,-26.91986656123769],[143.25376892100007,-26.919805526237653],[143.2538757320001,-26.919738769237696],[143.2539825440001,-26.919672011237687],[143.25408935500002,-26.919609069237698],[143.25418090800008,-26.919544219237697],[143.2542877200001,-26.91947936923768],[143.25439453100012,-26.91941261223768],[143.25450134300002,-26.919349669237686],[143.25460815400004,-26.919284820237678],[143.2546997070001,-26.91921806223768],[143.2548065190001,-26.919151305237666],[143.25491333000002,-26.919086455237665],[143.25502014200003,-26.919019698237662],[143.25512695300006,-26.91894912623769],[143.25524902300003,-26.91888046223766],[143.25535583500005,-26.91881370423767],[143.25546264600007,-26.9187450402377],[143.25556945800008,-26.91867446823767],[143.2556762700001,-26.918609618237674],[143.25578308100012,-26.918542861237718],[143.25588989300002,-26.918474196237703],[143.2560119630001,-26.918403624237676],[143.25611877400002,-26.918336867237727],[143.25621032700008,-26.918272017237722],[143.2564239500001,-26.918138503237696],[143.25663757300003,-26.918001174237713],[143.2567596440001,-26.917930602237693],[143.25686645500002,-26.91786384523768],[143.25697326700003,-26.917793273237706],[143.25708007800006,-26.917724608237698],[143.25718689000007,-26.91765403623772],[143.25730896000005,-26.91758346523769],[143.25741577100007,-26.917516707237688],[143.25752258300008,-26.917449950237735],[143.2576293950001,-26.91737937823771],[143.25773620600012,-26.917310714237686],[143.2578582760001,-26.917242049237732],[143.2579650880001,-26.917173385237717],[143.25807189900002,-26.9171066272377],[143.25817871100003,-26.917037963237735],[143.25828552200005,-26.916967391237716],[143.25840759300002,-26.916894912237733],[143.25851440400004,-26.916822432237712],[143.25863647500012,-26.91675376823773],[143.25874328600003,-26.916681289237705],[143.25886535600011,-26.91661071723773],[143.258972168,-26.916540145237708],[143.25907897900004,-26.916471480237746],[143.25920105000012,-26.916395186237754],[143.2593536380001,-26.91630363423774],[143.25947570800008,-26.91622924723776],[143.2595825200001,-26.916156768237713],[143.25970459000007,-26.916082381237736],[143.2598114010001,-26.916009902237754],[143.25993347200006,-26.91593551523772],[143.26005554200003,-26.915863036237738],[143.26016235400004,-26.915790557237745],[143.26028442400002,-26.915716170237722],[143.2604064940001,-26.915639876237716],[143.26052856400008,-26.915567397237734],[143.2606353760001,-26.915494918237762],[143.26075744600007,-26.915420531237725],[143.26087951700003,-26.915346145237734],[143.26098632800006,-26.91527366523777],[143.26110839800003,-26.91519927923777],[143.2612304690001,-26.915124892237777],[143.2613525390001,-26.91505050623773],[143.2614593510001,-26.91497611923774],[143.26158142100007,-26.91490745423774],[143.2616882320001,-26.914836883237754],[143.26181030300006,-26.914762496237785],[143.26191711400008,-26.91469001723773],[143.26203918500005,-26.91461753723777],[143.26216125500002,-26.91454315123778],[143.26226806600005,-26.914476394237774],[143.26237487800006,-26.914402007237783],[143.26249694800003,-26.91433334323776],[143.26260376000005,-26.91425895623776],[143.26272583000002,-26.914184569237797],[143.2628479000001,-26.914110183237792],[143.26289367700008,-26.914085387237755],[143.26296997100008,-26.91403770323777],[143.2630767820001,-26.91396331723778],[143.26319885300006,-26.913892745237757],[143.26332092300004,-26.913816451237768],[143.26342773400006,-26.91374397223777],[143.26354980500003,-26.913673400237816],[143.26368713400007,-26.913583754237766],[143.26383972200006,-26.9134902942378],[143.2639770510001,-26.913396834237794],[143.2641296390001,-26.91330528223778],[143.26428222700008,-26.913213729237782],[143.26441955600012,-26.91312026923782],[143.2645721440001,-26.913028716237818],[143.26472473100011,-26.912935256237795],[143.26486206100003,-26.912847518237815],[143.26499939000007,-26.912757873237823],[143.26515197800006,-26.912664412237817],[143.26530456500006,-26.9125728602378],[143.2654418950001,-26.912479400237785],[143.2655944820001,-26.912385940237826],[143.26560974100005,-26.912374495237778],[143.26576232900004,-26.912282943237837],[143.26582336400008,-26.912240981237815],[143.26583862300004,-26.912233352237838],[143.26583862300004,-26.912229537237824],[143.2658538820001,-26.912225722237807],[143.26586914100005,-26.912221908237846],[143.26589965800008,-26.91221809323783],[143.26606750500002,-26.912206649237827],[143.2660827640001,-26.912206649237827],[143.2662658690001,-26.912191390237822],[143.266296387,-26.912189483237817],[143.26647949200003,-26.91217803923782],[143.26655578600003,-26.9121742242378],[143.2665710450001,-26.912172317237793],[143.26658630400004,-26.912172317237793],[143.26660156200012,-26.91216850223784],[143.26661682100007,-26.912164687237826],[143.26661682100007,-26.91216278023781],[143.26663208000002,-26.91215515023783],[143.2666473390001,-26.912139892237825],[143.26679992700008,-26.912048339237813],[143.26695251500007,-26.911956786237823],[143.2670898440001,-26.911865233237815],[143.2672424320001,-26.9117736812378],[143.2673950200001,-26.911680221237845],[143.26753234900002,-26.91158866823784],[143.267684937,-26.91149520823782],[143.26782226600005,-26.911405562237835],[143.26797485400004,-26.91131210223782],[143.26812744100005,-26.911220550237807],[143.26826477100008,-26.911130904237808],[143.26841735800008,-26.91104125923781],[143.26855468700012,-26.91094970623781],[143.2687072750001,-26.910856246237856],[143.26884460400004,-26.910766601237857],[143.26899719200003,-26.910671233237842],[143.26914978000002,-26.91057968023784],[143.269302368,-26.910484313237866],[143.26945495600012,-26.910390853237857],[143.26959228500004,-26.910297393237837],[143.26974487300004,-26.91020584023783],[143.26989746100003,-26.91011047323786],[143.27003479000007,-26.91001892023785],[143.27018737800006,-26.909927367237852],[143.27062988300008,-26.90964889423789],[143.27078247100008,-26.909557342237868],[143.27091980000012,-26.909465789237856],[143.2710723880001,-26.909372329237854],[143.2712249760001,-26.909280776237853],[143.2713775630001,-26.909185409237892],[143.27151489300002,-26.90909004123786],[143.27166748000002,-26.90899658123785],[143.271820068,-26.908901214237883],[143.27197265600012,-26.908807754237866],[143.2721252440001,-26.90871429323786],[143.27226257300003,-26.90862464823787],[143.27241516100003,-26.90852928123788],[143.27256774900002,-26.90843582123788],[143.27270507800006,-26.90834426823787],[143.27285766600005,-26.908252715237875],[143.27301025400004,-26.90815925523791],[143.27314758300008,-26.908067702237904],[143.27330017100007,-26.907972335237883],[143.27345275900007,-26.907880782237882],[143.2735900880001,-26.90778922923787],[143.2737426760001,-26.90769958423788],[143.2738952640001,-26.907606124237923],[143.27404785200008,-26.907514571237915],[143.27418518100012,-26.90742492623791],[143.2743377690001,-26.907331466237896],[143.27447509800004,-26.907238006237886],[143.27468872100008,-26.90709686223789],[143.2749023440001,-26.906974791237932],[143.27503967300004,-26.906881331237916],[143.27519226100003,-26.90679168623792],[143.27532959000007,-26.9067001332379],[143.27548217800006,-26.906610488237906],[143.2756195070001,-26.906517028237896],[143.2757720950001,-26.90642356823794],[143.27592468300008,-26.906330108237917],[143.276062012,-26.90624046223792],[143.27621460000012,-26.906148910237924],[143.27636718700012,-26.9060535422379],[143.27650451700003,-26.90595817523793],[143.27665710400004,-26.905864715237918],[143.27680969200003,-26.90577125423793],[143.27696228000002,-26.905677794237953],[143.27709960900006,-26.905588149237957],[143.27725219700005,-26.90549468923794],[143.27740478500004,-26.905401229237924],[143.27754211400008,-26.90531158323794],[143.27769470200008,-26.90522193823794],[143.27783203100012,-26.905128478237923],[143.2779846190001,-26.905035018237964],[143.2781372070001,-26.904941558237958],[143.2782897950001,-26.90484809823794],[143.27844238300008,-26.904754638237975],[143.27859497100008,-26.90465927023797],[143.27873230000012,-26.904567718237942],[143.2788848880001,-26.90447616523794],[143.27902221700003,-26.904384612237948],[143.27917480500003,-26.90429115223798],[143.27932739300002,-26.904199599237995],[143.27946472200006,-26.90410613923796],[143.27961731000005,-26.904014586237967],[143.27976989700005,-26.903919219238],[143.27992248500004,-26.903827666238005],[143.28005981400008,-26.903734206237978],[143.28021240200007,-26.90364265323797],[143.28034973100011,-26.903549193237954],[143.2805023190001,-26.90345954823796],[143.28063964800003,-26.903366088238],[143.28079223600002,-26.903274535237998],[143.28092956500006,-26.903182982237993],[143.28108215300006,-26.903089522237984],[143.28123474100005,-26.902997970237976],[143.2813720700001,-26.902908324237973],[143.28152465800008,-26.902814864238028],[143.28167724600007,-26.902721404238],[143.28182983400006,-26.90262794423799],[143.2819671630001,-26.902536391237984],[143.2821197510001,-26.902444838237983],[143.2822723390001,-26.902351378238023],[143.282409668,-26.902257918238025],[143.28262329100005,-26.902122497238032],[143.28280639600007,-26.902009963238005],[143.28282165500002,-26.902004241238032],[143.28282165500002,-26.901998519238006],[143.2828369140001,-26.901992797238034],[143.2828369140001,-26.90198516723801],[143.28285217300004,-26.901973723238015],[143.28289794900002,-26.901874541238023],[143.282974243,-26.901725768238006],[143.28306579600007,-26.90157890223804],[143.28314209000007,-26.901433944238015],[143.28321838400007,-26.90129280023803],[143.28329467800006,-26.901149749238012],[143.28337097200006,-26.90100669823801],[143.28344726600005,-26.900865554238017],[143.28352356000005,-26.900718688238054],[143.28359985400004,-26.90057563723805],[143.28367614700005,-26.900426864238018],[143.28375244100005,-26.900278090238057],[143.28382873500004,-26.900133132238036],[143.28390502900004,-26.89998817323803],[143.28398132300003,-26.89984321523807],[143.2840728760001,-26.899696349238045],[143.2841491700001,-26.899547576238067],[143.2842254640001,-26.899402617238053],[143.28430175800008,-26.89925384423809],[143.28437805200008,-26.899108886238068],[143.28445434600008,-26.898965835238062],[143.28453064000007,-26.89882087623805],[143.28460693400007,-26.89867591823809],[143.28469848600002,-26.898530959238087],[143.28477478000002,-26.898382186238113],[143.28485107400002,-26.898237227238106],[143.284927368,-26.89809226923808],[143.285003662,-26.8979434962381],[143.28507995600012,-26.897800445238097],[143.2851562500001,-26.89765548623809],[143.2852325440001,-26.89751243523808],[143.2853088380001,-26.897371291238088],[143.2853851320001,-26.897226333238123],[143.2854614260001,-26.897081374238127],[143.2855377200001,-26.89694213823813],[143.2856140140001,-26.896795272238105],[143.28569030800008,-26.896650313238098],[143.28576660200008,-26.8965091702381],[143.2858734130001,-26.896308898238136],[143.28596496600005,-26.89614486623816],[143.28598022500012,-26.896129607238144],[143.28598022500012,-26.896120070238098],[143.28599548300008,-26.896108626238103],[143.28599548300008,-26.89609909023811],[143.28601074200003,-26.89608573823812],[143.28614807100007,-26.89596939023812],[143.28627014200003,-26.895858764238135],[143.28640747100008,-26.895746230238153],[143.28652954100005,-26.895637511238128],[143.28665161100002,-26.89552879223817],[143.2867736820001,-26.895418166238134],[143.28689575200008,-26.89530944723817],[143.28703308100012,-26.895200728238144],[143.2871551510001,-26.895086287238147],[143.28727722200006,-26.894977569238176],[143.2874145510001,-26.894866942238156],[143.28746032700008,-26.89481544423815],[143.28753662100007,-26.89475440923816],[143.2877502440001,-26.894571303238155],[143.28776550300006,-26.894556045238136],[143.287780762,-26.894546508238154],[143.287780762,-26.89453887823819],[143.287780762,-26.89452934223814],[143.28779602100008,-26.89451789823814],[143.28779602100008,-26.894502639238123],[143.28779602100008,-26.894414901238136],[143.28781127900004,-26.89425468323819],[143.2878265380001,-26.89409446623816],[143.28784179700006,-26.893932342238173],[143.28784179700006,-26.89377403223815],[143.28785705600012,-26.89361190723819],[143.28785705600012,-26.893451690238155],[143.28787231400008,-26.893287658238176],[143.28788757300003,-26.893129348238155],[143.2879028320001,-26.892965316238186],[143.2879028320001,-26.8928012842382],[143.28791809100005,-26.892637252238217],[143.28793335000012,-26.892473220238166],[143.28794860800008,-26.892309188238187],[143.28794860800008,-26.89214515623821],[143.28796386700003,-26.89198303123818],[143.2879791260001,-26.89181709223818],[143.28799438500005,-26.891654967238207],[143.28799438500005,-26.89149093523823],[143.2880096440001,-26.89132881123825],[143.2880096440001,-26.89116477923821],[143.28804016100003,-26.890836715238247],[143.2880554200001,-26.890672683238254],[143.2880554200001,-26.890508651238214],[143.28807067900004,-26.890344619238235],[143.28807961600012,-26.890248537238264]],[[143.07878112800006,-27.009233474235955],[143.07862854000007,-27.009252547235928],[143.07862849100002,-27.009252554235918]],[[142.41398620600012,-27.615751265224393],[142.41479492200006,-27.6148757922244],[142.41856384300002,-27.614469527224426],[142.4238281250001,-27.614383697224437],[142.4338226320001,-27.616331099224382],[142.43457031200012,-27.615449904224366],[142.434829712,-27.61524391122443],[142.44285583500005,-27.60659789922455],[142.44609069800003,-27.602867125224652],[142.4469299320001,-27.60222625622466],[142.44746398900008,-27.601650237224636],[142.45133972200006,-27.59747886622472],[142.4597015380001,-27.588335036224926],[142.46881103500004,-27.57865333522507],[142.46978759800004,-27.577629088225105],[142.47122192400002,-27.577033996225104],[142.47235107400002,-27.575122832225155],[142.4727325440001,-27.574911117225135],[142.47343444800003,-27.573326110225196],[142.47505188000002,-27.57193756022522],[142.47508239700005,-27.57191276522523],[142.47508239700005,-27.57189559822521],[142.47509765600012,-27.57187652522523],[142.47511291500007,-27.571857451225213],[142.47511291500007,-27.5718326562252],[142.47512817400002,-27.571796416225226],[142.47514343300008,-27.571720122225237],[142.47518920900006,-27.571561812225223],[142.47521972700008,-27.571407317225216],[142.47526550300006,-27.571249007225205],[142.47529602100008,-27.57109069722524],[142.47538757300003,-27.57076835522524],[142.47541809100005,-27.570669173225205],[142.47544860800008,-27.570615767225256],[142.4755096440001,-27.570468902225233],[142.47558593700012,-27.57032203622527],[142.4756317140001,-27.57024574222521],[142.47566223100011,-27.570171355225234],[142.4757385250001,-27.570028304225232],[142.47578430200008,-27.569953917225245],[142.4758148190001,-27.56987953122525],[142.4758911130001,-27.569730758225273],[142.4759674070001,-27.569585799225262],[142.4759674070001,-27.569576262225226],[142.47601318400007,-27.56951522722524],[142.47605896000005,-27.56944274822525],[142.47613525400004,-27.56930541922527],[142.4762268070001,-27.56916618222524],[142.47631835900006,-27.569030761225257],[142.476409912,-27.568885802225257],[142.47650146500007,-27.56875038022528],[142.47657775900007,-27.568614959225243],[142.476669312,-27.568470000225297],[142.47676086400008,-27.568336486225263],[142.47685241700003,-27.568197249225296],[142.4769439700001,-27.56805419822528],[142.47703552200005,-27.56791305422529],[142.47711181600005,-27.567771911225282],[142.4772033690001,-27.567636489225308],[142.47729492200006,-27.567501067225294],[142.47737121600005,-27.567361831225302],[142.4774627690001,-27.567222594225314],[142.47755432100007,-27.567085265225266],[142.47764587400002,-27.566944121225287],[142.47773742700008,-27.56680488522529],[142.47781372100008,-27.5666637412253],[142.47790527300003,-27.56652831922533],[142.4779968260001,-27.566387176225327],[142.47808837900004,-27.566246032225326],[142.4781799320001,-27.566108703225296],[142.47827148400006,-27.565969466225305],[142.478363037,-27.56582832222532],[142.47843933100012,-27.565692901225333],[142.47853088400007,-27.565555572225353],[142.478622437,-27.565412520225298],[142.47871398900008,-27.565280913225354],[142.47879028300008,-27.56513977022534],[142.47888183600003,-27.56500244022531],[142.4789733890001,-27.564868926225344],[142.47904968300008,-27.564729690225356],[142.47914123500004,-27.564588546225362],[142.4792327880001,-27.564447402225365],[142.47932434100005,-27.564308166225377],[142.4794158940001,-27.564168929225346],[142.47950744600007,-27.564029693225343],[142.47959899900002,-27.56388473422533],[142.479675293,-27.56374740522535],[142.47976684600008,-27.563606261225356],[142.47985839800003,-27.56346893222537],[142.4799499510001,-27.563331603225336],[142.48004150400004,-27.56319045922535],[142.4801330570001,-27.563049315225346],[142.4802093510001,-27.562906264225404],[142.48030090300006,-27.5627632132254],[142.48039245600012,-27.562618255225367],[142.48048400900007,-27.562482833225406],[142.480575562,-27.562339782225397],[142.48066711400008,-27.5621986382254],[142.48075866700003,-27.562057494225417],[142.48083496100003,-27.561920165225374],[142.4809265140001,-27.56177711422542],[142.48101806600005,-27.561637877225397],[142.48117065400004,-27.5613956442254],[142.4812622070001,-27.56125640822541],[142.4813385010001,-27.561136245225384],[142.48135376000005,-27.561119079225424],[142.48146057100007,-27.560991286225434],[142.48158264200003,-27.56086158722543],[142.48168945300006,-27.560731887225426],[142.48179626500007,-27.56060409422544],[142.4819030760001,-27.56047439522542],[142.4820098880001,-27.560346602225444],[142.48211669900002,-27.56022071722545],[142.48222351100003,-27.56009101822543],[142.48234558100012,-27.55996513322546],[142.48245239300002,-27.559837340225407],[142.48251342800006,-27.559755324225453],[142.48255920400004,-27.559707641225465],[142.48266601600005,-27.55957794122546],[142.48277282700008,-27.559453963225433],[142.48289489700005,-27.559324264225413],[142.48300170900006,-27.55919647122542],[142.48310852100008,-27.559066771225428],[142.4832153320001,-27.558940886225443],[142.4833221440001,-27.558815001225465],[142.48342895500002,-27.558687209225457],[142.4835510250001,-27.55856323122548],[142.483657837,-27.558433532225475],[142.48376464800003,-27.558303832225477],[142.48387146000005,-27.558177947225484],[142.48397827100007,-27.558046340225477],[142.48410034200003,-27.557918548225484],[142.48420715300006,-27.55778884822548],[142.48431396500007,-27.557657241225463],[142.48443603500004,-27.557527541225472],[142.48454284700006,-27.557399749225464],[142.48464965800008,-27.55727004922547],[142.4847564700001,-27.55714225722547],[142.48487854000007,-27.557012557225473],[142.48498535200008,-27.556879043225507],[142.4850921630001,-27.556749343225512],[142.48521423300008,-27.55661773622549],[142.4853210450001,-27.556489943225504],[142.48542785600011,-27.55636405822552],[142.485534668,-27.556234359225506],[142.48564147900004,-27.556112288225492],[142.48576355000012,-27.55598068122554],[142.48587036100002,-27.5558586112255],[142.48597717300004,-27.555725097225537],[142.48608398400006,-27.55560111922551],[142.48619079600007,-27.55546760522555],[142.4862976070001,-27.5553417202255],[142.48641967800006,-27.55521392722551],[142.48652648900008,-27.555089950225533],[142.4866333010001,-27.554960250225527],[142.48674011200012,-27.554828643225505],[142.48686218300008,-27.55469703622556],[142.48706054700006,-27.554456710225523],[142.48716735800008,-27.554328917225536],[142.4872741700001,-27.554201125225546],[142.48731994600007,-27.55416107122553],[142.48731994600007,-27.55415344122555],[142.4873504640001,-27.554138183225536],[142.48742675800008,-27.554103850225566],[142.48759460400004,-27.554019927225532],[142.48774719200003,-27.553937911225574],[142.48789978000002,-27.553852080225532],[142.488052368,-27.553770064225574],[142.48822021500007,-27.553688048225553],[142.48837280300006,-27.55360221822556],[142.48852539100005,-27.553520202225545],[142.48867797900004,-27.55343818622558],[142.4888458250001,-27.553356170225573],[142.48898315400004,-27.55327796822557],[142.4891510010001,-27.553195952225547],[142.4893035890001,-27.55311393622559],[142.48945617700008,-27.553033828225562],[142.48962402300003,-27.55294799722559],[142.48977661100002,-27.552860259225543],[142.48992919900002,-27.552778243225575],[142.49009704600007,-27.552698134225576],[142.49024963400007,-27.5526142112256],[142.49040222200006,-27.552528380225557],[142.490570068,-27.552450179225552],[142.49072265600012,-27.552364348225584],[142.4907989500001,-27.55232238722555],[142.4908752440001,-27.552286147225566],[142.4910278320001,-27.552202224225596],[142.49119567900004,-27.55211639322556],[142.49134826700003,-27.552036284225547],[142.4915161130001,-27.551952361225577],[142.4916687010001,-27.5518665302256],[142.4918212890001,-27.55178642222559],[142.49197387700008,-27.551704406225564],[142.49212646500007,-27.55162239022559],[142.492294312,-27.55154228122559],[142.49244689900002,-27.551456450225615],[142.49259948700012,-27.551378249225596],[142.4927520750001,-27.55129432622557],[142.49291992200006,-27.55121231022561],[142.49319458000002,-27.55106162922559],[142.493347168,-27.550977706225602],[142.49349975600012,-27.5508995052256],[142.4936523440001,-27.550819396225588],[142.4938049320001,-27.550737380225627],[142.4939575200001,-27.550661086225617],[142.49401855500003,-27.550624846225592],[142.49409484900002,-27.550561904225592],[142.49423217800006,-27.550453185225624],[142.4943695070001,-27.550346374225605],[142.49450683600003,-27.550239562225595],[142.49464416500007,-27.55013084322563],[142.4947814940001,-27.550024032225597],[142.49491882300003,-27.549917220225602],[142.49505615200007,-27.54980850122563],[142.49517822300004,-27.54970741222562],[142.49531555200008,-27.54960060022562],[142.49545288100012,-27.549499511225623],[142.49559021000005,-27.549386977225645],[142.49580383300008,-27.54921722322564],[142.4958343510001,-27.549188613225628],[142.49595642100007,-27.549068450225658],[142.49607849100005,-27.54895210222566],[142.496200562,-27.548830031225634],[142.49644470200008,-27.54858207622562],[142.49656677200005,-27.54845809822566],[142.49667358400006,-27.548337935225643],[142.49679565400004,-27.54821586522566],[142.49691772500012,-27.54809951722565],[142.4970397950001,-27.547986983225666],[142.49716186500007,-27.547863006225633],[142.49728393600003,-27.54774093522567],[142.49740600600012,-27.547620772225656],[142.4975280760001,-27.547502517225638],[142.49765014600007,-27.547378539225665],[142.49775695800008,-27.547254561225685],[142.497894287,-27.547136306225685],[142.49800109900002,-27.547012328225705],[142.4981231690001,-27.546894072225705],[142.49824523900008,-27.54677391022567],[142.49836731000005,-27.546651839225717],[142.49848938000002,-27.54652976922568],[142.4986114500001,-27.546409606225655],[142.49873352100008,-27.546293258225724],[142.49885559100005,-27.5461730952257],[142.49897766100003,-27.546051024225672],[142.49908447300004,-27.545928954225705],[142.499206543,-27.54580879122569],[142.4993286130001,-27.545686721225728],[142.49945068400007,-27.545568465225713],[142.49957275400004,-27.54544830222569],[142.49969482400002,-27.545330047225725],[142.49983215300006,-27.54519081022569],[142.49983215300006,-27.54518318122572],[142.499847412,-27.545179366225693],[142.499847412,-27.545171737225726],[142.49983215300006,-27.5451641072257],[142.4998168950001,-27.54506683222572],[142.49975585900006,-27.544746398225737],[142.49972534200003,-27.544588088225723],[142.49969482400002,-27.544437407225736],[142.4996643070001,-27.544286727225746],[142.49961853000002,-27.544136046225706],[142.4995880130001,-27.543981551225716],[142.4995574950001,-27.543823241225756],[142.49952697800006,-27.54366302422573],[142.49949646000005,-27.543508529225715],[142.49946594200003,-27.543348311225767],[142.49942016600005,-27.543193816225767],[142.49938964800003,-27.543035506225753],[142.49935913100012,-27.542875289225787],[142.4993286130001,-27.542716979225766],[142.49926757800006,-27.54240226622575],[142.49923706100003,-27.542242049225777],[142.499206543,-27.542083739225767],[142.49916076700003,-27.54192542922575],[142.49913024900002,-27.54177093422575],[142.49909973100011,-27.541608809225778],[142.4990692140001,-27.54145049922576],[142.49902343700012,-27.54129600422576],[142.4989929200001,-27.541133880225782],[142.49896240200007,-27.540971755225822],[142.49893188500005,-27.540813445225794],[142.49890136700003,-27.540651320225766],[142.49885559100005,-27.540489196225778],[142.49882507300003,-27.540328978225833],[142.4987640380001,-27.540016173225816],[142.49873352100008,-27.53985404922583],[142.4986877440001,-27.539693831225808],[142.49865722700008,-27.53953933622581],[142.49862670900006,-27.539382934225806],[142.49859619100005,-27.53923034622581],[142.49856567400002,-27.539068221225836],[142.49853515600012,-27.538908004225828],[142.4985046390001,-27.538751601225805],[142.49845886200012,-27.538593291225848],[142.4984283450001,-27.538431167225813],[142.49839782700008,-27.538274764225875],[142.49836731000005,-27.538118361225862],[142.49833679200003,-27.537958144225843],[142.49829101600005,-27.537797927225874],[142.49826049800004,-27.537639617225864],[142.49822998000002,-27.537479400225838],[142.4981994630001,-27.537319182225872],[142.4981689450001,-27.537160872225847],[142.49813842800006,-27.537002562225847],[142.49810791000004,-27.53684425322587],[142.49806213400007,-27.536687850225864],[142.49803161600005,-27.536529540225853],[142.49800109900002,-27.536371230225893],[142.49797058100012,-27.53621292022589],[142.4979400630001,-27.53605461022586],[142.49790954600007,-27.535894393225888],[142.4978637700001,-27.535737990225893],[142.49783325200008,-27.535585402225898],[142.49780273400006,-27.535425185225893],[142.49777221700003,-27.535264968225903],[142.49774169900002,-27.535108565225904],[142.4977111820001,-27.53494834822589],[142.4976806640001,-27.534788131225906],[142.4976348880001,-27.5346279132259],[142.4976043700001,-27.534467696225924],[142.49757385300006,-27.53431129422591],[142.49754333500005,-27.534154891225914],[142.49749755900007,-27.533996581225896],[142.49746704100005,-27.533838271225946],[142.49743652300003,-27.533678054225913],[142.49740600600012,-27.533519744225952],[142.4973754880001,-27.533363341225947],[142.497329712,-27.53320693922594],[142.49731445300006,-27.533075332225923],[142.49728393600003,-27.53290939222594],[142.497253418,-27.532754897225946],[142.49720764200003,-27.53259849422594],[142.49717712400002,-27.532440185225973],[142.49714660600011,-27.532285689225983],[142.4971160890001,-27.53212737922596],[142.49708557100007,-27.531967162225936],[142.49705505400004,-27.53181266722594],[142.49700927700007,-27.531654357225975],[142.49697876000005,-27.531492232225958],[142.49694824200003,-27.531330108225973],[142.49691772500012,-27.531173705225967],[142.49690246600005,-27.53112411422597],[142.4968872070001,-27.531015395225957],[142.49684143100012,-27.53085517822598],[142.4968109130001,-27.53069305322602],[142.49678039600008,-27.53054046522596],[142.49674987800006,-27.53037834122598],[142.49671936000004,-27.53021621622601],[142.49667358400006,-27.530055999225986],[142.49664306600005,-27.529893874226016],[142.49661254900002,-27.52973174922599],[142.49658203100012,-27.52956962522601],[142.4965515140001,-27.529409408226037],[142.49650573700012,-27.52924919022602],[142.4964752200001,-27.529088973225992],[142.49644470200008,-27.528934478225995],[142.49641418500005,-27.528772353226024],[142.49638366700003,-27.528610228226054],[142.49633789100005,-27.528448104226],[142.49630737300004,-27.528293609226008],[142.49627685500002,-27.528131484226027],[142.4962463380001,-27.527969359226006],[142.4962158200001,-27.52780914222604],[142.49618530300006,-27.52765273922603],[142.49615478500004,-27.527498244226027],[142.49610900900007,-27.527341842226026],[142.49607849100005,-27.527181624226056],[142.49604797400002,-27.527019500226086],[142.49601745600012,-27.526859282226056],[142.4959869380001,-27.526702880226054],[142.495941162,-27.52654647722605],[142.4959106450001,-27.52639007522603],[142.49588012700008,-27.526233672226084],[142.49584960900006,-27.52607536222607],[142.49581909200003,-27.52591514522604],[142.49578857400002,-27.52575492822608],[142.4957580570001,-27.52559852522608],[142.49571228000002,-27.525442122226067],[142.4956817630001,-27.525281905226105],[142.4956512450001,-27.525127410226098],[142.49562072800006,-27.524967193226075],[142.49559021000005,-27.52480888322612],[142.49554443400007,-27.524650573226108],[142.49551391600005,-27.524503707226085],[142.49562072800006,-27.524229049226115],[142.49577331500006,-27.5241317742261],[142.49592590300006,-27.524040221226084],[142.4960632320001,-27.52394485422613],[142.4962158200001,-27.523849486226105],[142.49635314900002,-27.52375411922613],[142.49650573700012,-27.523658751226115],[142.49664306600005,-27.523563384226097],[142.49679565400004,-27.523466109226113],[142.49693298300008,-27.5233707422261],[142.49708557100007,-27.523275374226138],[142.49723815900006,-27.523178100226104],[142.4973754880001,-27.523082732226136],[142.4975280760001,-27.522989272226127],[142.49766540500002,-27.522895812226096],[142.497817993,-27.52280044522614],[142.49795532200005,-27.522710799226132],[142.49810791000004,-27.52261161722611],[142.49824523900008,-27.522514342226135],[142.49839782700008,-27.522417067226172],[142.49855041500007,-27.52231788522612],[142.4986877440001,-27.52222633322616],[142.4988403320001,-27.522130965226154],[142.49897766100003,-27.522037505226137],[142.4992523190001,-27.521858214226146],[142.49929809600008,-27.521816253226127],[142.49931335400004,-27.52180671622615],[142.4993286130001,-27.52179717922615],[142.49937439000007,-27.521741866226144],[142.49945068400007,-27.52163124022617],[142.49946594200003,-27.52160835222617],[142.4994812010001,-27.52158546322614],[142.4995574950001,-27.52147483722616],[142.50013732900004,-27.520677566226166],[142.5002288820001,-27.52054786622616],[142.500335693,-27.520406722226173],[142.50042724600007,-27.52026939322619],[142.50051879900002,-27.5201301562262],[142.50061035200008,-27.519990920226157],[142.50070190400004,-27.519847869226208],[142.5007934570001,-27.51970672522622],[142.50088501000005,-27.519565581226164],[142.50099182100007,-27.519424437226174],[142.50108337400002,-27.519281386226208],[142.50117492700008,-27.51913833522622],[142.50126647900004,-27.51899909922621],[142.5013580320001,-27.51886177022618],[142.50144958500005,-27.518720626226195],[142.5015411380001,-27.51858138922621],[142.5015411380001,-27.518579482226208],[142.50163269000006,-27.518440246226202],[142.50170898400006,-27.51832389722621],[142.501724243,-27.5183105462262],[142.501724243,-27.518299102226212],[142.50175476100003,-27.518280028226236],[142.5017700200001,-27.518268584226195],[142.50186157200005,-27.51818656822623],[142.5019989010001,-27.518074035226242],[142.50213623000002,-27.51796340822621],[142.50227356000005,-27.517848968226208],[142.5024108890001,-27.517738341226252],[142.50253295900006,-27.51762580822625],[142.50268554700006,-27.517520904226245],[142.50280761700003,-27.517402648226234],[142.50294494600007,-27.517292022226254],[142.5030822750001,-27.51718139522624],[142.50321960400004,-27.51706695522624],[142.50335693400007,-27.516954421226256],[142.50347900400004,-27.516841887226224],[142.50361633300008,-27.51672935422623],[142.503753662,-27.516618728226252],[142.50389099100005,-27.516508101226226],[142.5040283200001,-27.516395568226237],[142.50416564900002,-27.516286849226265],[142.5042877200001,-27.51617431522623],[142.50442504900002,-27.516065597226266],[142.50456237800006,-27.515954970226225],[142.50468444800003,-27.515851973226244],[142.50482177700007,-27.51574134722626],[142.50494384800004,-27.51563072122628],[142.50508117700008,-27.515522002226255],[142.50521850600012,-27.515413283226287],[142.5053405760001,-27.51530265722626],[142.50547790500002,-27.515192031226277],[142.50561523400006,-27.515081405226304],[142.50573730500003,-27.514970778226274],[142.50587463400007,-27.514862060226296],[142.5060119630001,-27.514751433226277],[142.50613403300008,-27.514642714226305],[142.50627136200012,-27.51453018122626],[142.50640869100005,-27.514421462226306],[142.50654602100008,-27.514308928226328],[142.50668335000012,-27.51419830222628],[142.5068054200001,-27.514089583226315],[142.50694274900002,-27.51397705022632],[142.50708007800006,-27.513868331226305],[142.5074768070001,-27.51353836022633],[142.50761413600003,-27.513427733226294],[142.50773620600012,-27.513317107226314],[142.50787353500004,-27.513204574226336],[142.50801086400008,-27.51309394722631],[142.508148193,-27.512987136226347],[142.5083770750001,-27.512786864226317],[142.50851440400004,-27.512676238226337],[142.50865173300008,-27.512567519226312],[142.50878906200012,-27.512460708226364],[142.50891113300008,-27.51235008122633],[142.509048462,-27.51223945522635],[142.50918579100005,-27.51212692222636],[142.50930786100002,-27.512020110226338],[142.50944519000006,-27.51190757722635],[142.5095825200001,-27.51179504322633],[142.50971984900002,-27.51168441722634],[142.50985717800006,-27.51157188322636],[142.50997924800004,-27.511461257226326],[142.51011657700008,-27.51134872322635],[142.51025390600012,-27.51123809722637],[142.51039123500004,-27.51112747122634],[142.51051330600012,-27.51102638122635],[142.5106353760001,-27.51091957022634],[142.51077270500002,-27.510810851226363],[142.51103210400004,-27.510597228226338],[142.51116943400007,-27.510486602226358],[142.5113067630001,-27.51037216122637],[142.51142883300008,-27.510261535226384],[142.511566162,-27.51014900122636],[142.5118408200001,-27.509927749226392],[142.51197814900002,-27.509815215226357],[142.5121002200001,-27.509708404226394],[142.51223754900002,-27.509597777226364],[142.5123596190001,-27.509489058226404],[142.51249694800003,-27.509382247226384],[142.5126190190001,-27.509277343226376],[142.51275634800004,-27.50917053122637],[142.51289367700008,-27.509057998226368],[142.51303100600012,-27.508945464226397],[142.5131530760001,-27.5088329312264],[142.51329040500002,-27.50872230422638],[142.51342773400006,-27.50860977122639],[142.5135650630001,-27.508499145226406],[142.51368713400007,-27.508390426226384],[142.5138244630001,-27.508281707226406],[142.51396179200003,-27.50817298822639],[142.51408386200012,-27.508066176226396],[142.51422119100005,-27.50795745722642],[142.514343262,-27.50786209022639],[142.514343262,-27.507854461226415],[142.51435852100008,-27.50784492422642],[142.51448059100005,-27.50771903922644],[142.51460266100003,-27.50759506122641],[142.51472473100011,-27.50747299122644],[142.51484680200008,-27.5073490132264],[142.51496887200005,-27.507225036226433],[142.51509094200003,-27.507101058226457],[142.5152130130001,-27.50697898822642],[142.51531982400002,-27.50685691722646],[142.51556396500007,-27.50661468422642],[142.51568603500004,-27.506492614226435],[142.515731812,-27.506450652226437],[142.51580810500002,-27.50636672922645],[142.51591491700003,-27.506250380226465],[142.51605224600007,-27.506126403226414],[142.51615905800008,-27.50601005522648],[142.51628112800006,-27.50588607722644],[142.51640319800003,-27.50576400722646],[142.51651001000005,-27.505645751226467],[142.51663208000002,-27.505525588226448],[142.5167541500001,-27.50540733222644],[142.51687622100008,-27.50528716922647],[142.5169830320001,-27.505167006226458],[142.51710510300006,-27.505046843226452],[142.51876831100003,-27.50335693322649],[142.51889038100012,-27.503234862226474],[142.5190124510001,-27.503110885226494],[142.51913452100007,-27.502988814226526],[142.51925659200003,-27.50286674422651],[142.51936340300006,-27.50274658122649],[142.5195007320001,-27.502624511226507],[142.51971435500002,-27.502399444226544],[142.5198364260001,-27.502275466226497],[142.51995849600007,-27.5021572102265],[142.52008056600005,-27.50203514022653],[142.520202637,-27.5019111622265],[142.52030944800003,-27.501790999226532],[142.5204315190001,-27.501670836226516],[142.5205535890001,-27.501548766226556],[142.52067565900006,-27.50142478822652],[142.52078247100008,-27.501300811226532],[142.52091980000012,-27.501178740226518],[142.5210418700001,-27.50105667022654],[142.52116394000006,-27.50093269222657],[142.52128601100003,-27.500808715226533],[142.52140808100012,-27.50068473722655],[142.52151489300002,-27.500560759226524],[142.52165222200006,-27.500436782226537],[142.52168273900008,-27.50040626422658],[142.52168273900008,-27.500398635226542],[142.52169799800004,-27.500383376226527],[142.52174377400002,-27.500303267226588],[142.5219421390001,-27.500024795226544],[142.5220489500001,-27.49988746522656],[142.52214050300006,-27.49974632222656],[142.52223205600012,-27.499610900226585],[142.52233886700003,-27.499473571226556],[142.5224304200001,-27.499336242226576],[142.52253723100011,-27.499200820226548],[142.52262878400006,-27.49906730622658],[142.522720337,-27.498933791226573],[142.52282714800003,-27.498798369226602],[142.5229187010001,-27.498662948226563],[142.5230255130001,-27.498523711226575],[142.52311706500006,-27.49838828922661],[142.52322387700008,-27.49824905322657],[142.52331543000003,-27.498109817226574],[142.5234069820001,-27.49797630222662],[142.5235137940001,-27.497838973226578],[142.52360534700006,-27.49770545922662],[142.52369689900002,-27.497568129226583],[142.52380371100003,-27.497428893226598],[142.5238952640001,-27.49729728622664],[142.5240020750001,-27.49716186422661],[142.52409362800006,-27.497024535226636],[142.52418518100012,-27.496887206226596],[142.52429199200003,-27.496751784226635],[142.5243835450001,-27.496616363226643],[142.52447509800004,-27.49648284822664],[142.52458190900006,-27.496345519226654],[142.524673462,-27.49620819022662],[142.52478027300003,-27.496072768226647],[142.5248718260001,-27.49593734622662],[142.52496337900004,-27.49580192522664],[142.5250549320001,-27.49566841022662],[142.525161743,-27.495532989226643],[142.52525329600007,-27.495393752226672],[142.5253601070001,-27.49525451622668],[142.52545166000004,-27.495117187226636],[142.52555847200006,-27.49497795022665],[142.52565002400002,-27.494838714226663],[142.52575683600003,-27.49469947722668],[142.5258483890001,-27.49456214822664],[142.5259552000001,-27.494424819226666],[142.52604675300006,-27.494287490226675],[142.52615356400008,-27.494148253226697],[142.52624511700003,-27.49400901722665],[142.52635192900004,-27.49386978022667],[142.52644348100011,-27.493732451226688],[142.526550293,-27.493593215226692],[142.52664184600008,-27.493455886226712],[142.5267486570001,-27.49331664922667],[142.52702331500006,-27.492935180226688],[142.5270843510001,-27.492841720226668],[142.52709960900006,-27.492826461226713],[142.527114868,-27.49280738722671],[142.527114868,-27.49279594322671],[142.527114868,-27.492769240226707],[142.52713012700008,-27.492752074226686],[142.52713012700008,-27.492727279226674],[142.52714538600003,-27.492631911226724],[142.52717590300006,-27.492469787226685],[142.527191162,-27.49230956922671],[142.52722168000003,-27.49214553722668],[142.52725219700005,-27.491981505226708],[142.52726745600012,-27.491819381226712],[142.52729797400002,-27.491657256226695],[142.52732849100005,-27.49149322422671],[142.52735900900007,-27.49133109922673],[142.52737426800002,-27.49116897522676],[142.52740478500004,-27.49100685022673],[142.52743530300006,-27.490844726226744],[142.5274658200001,-27.490684508226735],[142.52748107900004,-27.49052238422674],[142.52751159700006,-27.49036216622673],[142.52754211400008,-27.490200042226746],[142.52755737300004,-27.490043639226748],[142.52758789100005,-27.489883422226775],[142.52761840800008,-27.48971939022673],[142.52763366700003,-27.48955726522677],[142.52766418500005,-27.48939514122678],[142.52769470200008,-27.489233016226756],[142.5277252200001,-27.48907089122679],[142.52774047900004,-27.488906859226752],[142.52777099600007,-27.488746642226772],[142.5278015140001,-27.48858261022679],[142.52781677200005,-27.488420485226758],[142.52784729000007,-27.488258361226784],[142.52787780800008,-27.488096236226824],[142.52789306600005,-27.48793411222677],[142.52792358400006,-27.487771987226797],[142.52795410200008,-27.487609862226773],[142.5279846190001,-27.487447738226795],[142.52799987800006,-27.487287520226758],[142.52803039600008,-27.487129210226815],[142.5280609130001,-27.486968993226782],[142.52807617200006,-27.48680877622681],[142.52810668900008,-27.486650466226795],[142.5281372070001,-27.486486434226816],[142.52816772500012,-27.48632430922679],[142.52818298300008,-27.486162185226817],[142.5282135010001,-27.485998153226827],[142.5282440190001,-27.48583602822685],[142.52825927700007,-27.485673903226825],[142.5282897950001,-27.48550987122685],[142.52832031200012,-27.485347747226875],[142.52833557100007,-27.485187530226842],[142.5283660890001,-27.485029220226817],[142.52839660600011,-27.484870910226864],[142.52841186500007,-27.484712600226857],[142.52844238300008,-27.484552382226834],[142.5284729000001,-27.484388350226844],[142.52848815900006,-27.484231948226835],[142.52851867700008,-27.48406982322686],[142.5285491940001,-27.483907699226886],[142.528579712,-27.48374938922687],[142.52859497100008,-27.48358535722688],[142.5286254880001,-27.48342323222685],[142.52865600600012,-27.48326110722688],[142.52868652300003,-27.483098983226913],[142.5287017820001,-27.482936858226868],[142.52873230000012,-27.482774733226904],[142.5287780760001,-27.48247909422691],[142.52943420400004,-27.47843933022696],[142.52947998000002,-27.478115081226942],[142.52951049800004,-27.47795104922696],[142.5295257570001,-27.477787017226984],[142.52955627400002,-27.477626800226965],[142.52958679200003,-27.47746467522699],[142.52961731000005,-27.477302550227016],[142.529632568,-27.477140426226985],[142.52966308600003,-27.476978301226996],[142.52969360400004,-27.47681426922701],[142.52970886200012,-27.476654052226987],[142.52973938000002,-27.476499556227],[142.52976989700005,-27.476335525227004],[142.52980041500007,-27.476173400227033],[142.52981567400002,-27.476009368227004],[142.52984619100005,-27.475847243227022],[142.52987670900006,-27.475683211227043],[142.52989196800002,-27.475521087227],[142.52992248500004,-27.475357055227022],[142.52995300300006,-27.475194930227044],[142.52998352100008,-27.475032805227023],[142.52999877900004,-27.474868773227037],[142.53002929700006,-27.474706649227052],[142.53005981400008,-27.474544524227035],[142.53007507300003,-27.47438240022705],[142.53010559100005,-27.474218368227067],[142.53013610800008,-27.47405624322704],[142.5301666260001,-27.473892211227053],[142.53018188500005,-27.473730086227086],[142.53021240200007,-27.473566054227042],[142.5302429200001,-27.473403930227054],[142.53025817900004,-27.473239898227067],[142.53028869600007,-27.473077773227054],[142.5303192140001,-27.472917556227078],[142.53036499000007,-27.47262573122711],[142.53039550800008,-27.47246742122709],[142.53041076700003,-27.472307204227057],[142.53044128400006,-27.47215080222711],[142.530456543,-27.471994399227103],[142.53048706100003,-27.47183799622711],[142.53051757800006,-27.47167777922708],[142.53054809600008,-27.47151946922711],[142.53056335400004,-27.471361159227104],[142.53059387200005,-27.47120094222707],[142.53062439000007,-27.471040725227105],[142.53062439000007,-27.471038817227104],[142.53063964800003,-27.4708843222271],[142.53067016600005,-27.470720290227128],[142.53070068400007,-27.470560073227094],[142.53071594200003,-27.470403670227096],[142.53074646000005,-27.470247268227137],[142.53077697800006,-27.470088958227112],[142.53079223600002,-27.469928740227115],[142.53082275400004,-27.469770431227143],[142.53085327100007,-27.46960830622711],[142.53086853000002,-27.469448089227154],[142.53089904800004,-27.469291686227137],[142.53092956500006,-27.469135283227143],[142.53094482400002,-27.46897315922715],[142.53097534200003,-27.468812942227128],[142.53100585900006,-27.468650817227154],[142.531021118,-27.468490600227124],[142.53105163600003,-27.468328475227157],[142.53108215300006,-27.46817016522714],[142.531097412,-27.46800994822717],[142.53112793000003,-27.467849730227158],[142.53115844700005,-27.46769142122719],[142.53118896500007,-27.467529296227163],[142.53120422400002,-27.4673690792272],[142.53123474100005,-27.46720886122718],[142.53126525900007,-27.46705055122717],[142.53128051800002,-27.466888427227175],[142.53131103500004,-27.466732024227174],[142.53134155300006,-27.46657180722721],[142.531356812,-27.466413497227194],[142.53138732900004,-27.46625328022723],[142.53141784700006,-27.46609306222721],[142.53143310500002,-27.46593284522719],[142.53146362300004,-27.465774535227226],[142.53150939900002,-27.465488433227208],[142.53153991700003,-27.465332030227216],[142.5315551760001,-27.4652137752272],[142.5315551760001,-27.46518707222725],[142.5315551760001,-27.465171813227233],[142.5315551760001,-27.46515083222721],[142.5315551760001,-27.465007781227197],[142.5315551760001,-27.46484756422722],[142.53153991700003,-27.464687346227215],[142.53153991700003,-27.464525222227223],[142.53153991700003,-27.464365004227215],[142.53152465800008,-27.464202880227234],[142.53152465800008,-27.464040755227252],[142.53152465800008,-27.46388244522724],[142.53150939900002,-27.46372032122726],[142.53150939900002,-27.46355628922721],[142.53150939900002,-27.463390349227232],[142.53149414100005,-27.46322631722725],[142.53149414100005,-27.463062285227274],[142.53149414100005,-27.462896346227275],[142.5314788820001,-27.462732314227292],[142.5314788820001,-27.462568282227252],[142.5314788820001,-27.46240425022727],[142.53146362300004,-27.462238311227278],[142.53128051800002,-27.4605789172273],[142.5312957760001,-27.456897735227397],[142.5312957760001,-27.456785201227365],[142.5312957760001,-27.456752776227383],[142.5312957760001,-27.45673942522738],[142.53131103500004,-27.45670127822738],[142.53131103500004,-27.45658111522736],[142.5313262940001,-27.45642280522741],[142.53134155300006,-27.456262588227382],[142.531356812,-27.456104278227368],[142.5313720700001,-27.455944060227402],[142.53138732900004,-27.455783843227373],[142.5314025880001,-27.455623626227414],[142.53141784700006,-27.455465316227386],[142.53144836400008,-27.455148696227422],[142.53146362300004,-27.454986571227398],[142.5314788820001,-27.454826354227425],[142.53149414100005,-27.454668044227418],[142.53152465800008,-27.45450782722745],[142.53153991700003,-27.45434570222741],[142.5315551760001,-27.454183577227433],[142.53157043500005,-27.454019546227443],[142.531585693,-27.453855514227406],[142.5316314700001,-27.453393935227425],[142.53164672900004,-27.453229903227445],[142.53164672900004,-27.453207015227452],[142.53231811500007,-27.451005935227464],[142.53236389200003,-27.450845717227512],[142.532409668,-27.450687407227505],[142.5324554440001,-27.45052909822747],[142.53250122100008,-27.450368880227515],[142.53254699700005,-27.450210570227508],[142.5326080320001,-27.450052260227494],[142.53265380900007,-27.44989204322753],[142.53269958500005,-27.44973373322751],[142.53274536100002,-27.449575423227476],[142.5327911380001,-27.449417113227526],[142.5328369140001,-27.44925880322751],[142.53289794900002,-27.4491004932275],[142.5329437260001,-27.44894027622754],[142.53295898400006,-27.448865890227534],[142.53300476100003,-27.448783874227516],[142.53306579600007,-27.448633193227543],[142.53314209000007,-27.44848060522755],[142.53321838400007,-27.448329925227508],[142.5332794190001,-27.44817924422753],[142.5333557130001,-27.448026656227544],[142.5334320070001,-27.447874068227552],[142.53349304200003,-27.447723388227566],[142.53356933600003,-27.447570800227584],[142.53364563000002,-27.447420119227548],[142.53370666500007,-27.447267531227556],[142.53378295900006,-27.44711494322757],[142.53385925300006,-27.44696426322758],[142.53405761700003,-27.446535109227565],[142.53413391100003,-27.44638442922758],[142.53413391100003,-27.44635391122756],[142.5341491700001,-27.44634056022757],[142.5341491700001,-27.44631957922759],[142.53416442900004,-27.44622421222756],[142.53419494600007,-27.446062087227588],[142.5342254640001,-27.445899962227564],[142.53425598100011,-27.44573783822757],[142.53428649900002,-27.445573806227593],[142.53431701700003,-27.44541168122757],[142.53434753400006,-27.445249556227594],[142.53437805200008,-27.44509124722762],[142.53439331100003,-27.444931029227607],[142.53442382800006,-27.444774627227595],[142.53445434600008,-27.4446296682276],[142.53445434600008,-27.444618224227593],[142.53445434600008,-27.444604873227586],[142.53450012200005,-27.444459914227632],[142.5345611570001,-27.44430160422763],[142.53460693400007,-27.44414329422761],[142.5346679690001,-27.44398498422759],[142.5347137450001,-27.4438323962276],[142.53475952100007,-27.443677901227616],[142.5348205570001,-27.4435234062276],[142.53486633300008,-27.44336891122766],[142.53491210900006,-27.443216323227613],[142.5349731450001,-27.44306182822761],[142.53501892100007,-27.44290351822765],[142.53507995600012,-27.442747115227657],[142.5352325440001,-27.442291259227627],[142.5352783200001,-27.442131041227658],[142.53529357900004,-27.44210433922765],[142.53529357900004,-27.442085265227636],[142.5353088380001,-27.44206809922767],[142.53532409700006,-27.442050933227648],[142.53533935500002,-27.442041396227673],[142.53535461400008,-27.442033767227635],[142.5353851320001,-27.44201278622765],[142.53555297900004,-27.441928863227687],[142.53570556600005,-27.44184493922766],[142.53585815400004,-27.441762923227635],[142.53601074200003,-27.441679000227662],[142.53616333000002,-27.441595077227692],[142.536315918,-27.441513061227656],[142.53648376500007,-27.441431045227645],[142.53663635300006,-27.44134712122768],[142.53678894000006,-27.441261291227697],[142.53694152800006,-27.441179275227668],[142.53709411600005,-27.441097259227647],[142.53724670400004,-27.44101524322768],[142.53739929200003,-27.440929412227664],[142.53755188000002,-27.44084548922768],[142.53770446800002,-27.440759658227698],[142.53785705600012,-27.440679549227703],[142.5380096440001,-27.440597533227685],[142.53816223100011,-27.4405136102277],[142.5383148190001,-27.440429687227663],[142.5384674070001,-27.440345763227715],[142.5386199950001,-27.440259932227676],[142.53877258300008,-27.440174102227687],[142.53892517100007,-27.440090178227713],[142.53909301800002,-27.440004348227678],[142.53924560500002,-27.439920424227708],[142.539398193,-27.439836501227667],[142.53982543900008,-27.439599990227713],[142.53997802700007,-27.4395198812277],[142.53999328600003,-27.439516067227675],[142.54002380400004,-27.43950653022771],[142.54003906200012,-27.439502715227697],[142.54005432100007,-27.439502715227686],[142.54013061500007,-27.4395065302277],[142.54016113300008,-27.4395065302277],[142.5403442380001,-27.439510344227728],[142.5405273440001,-27.43951225222773],[142.54071044900002,-27.43951225222773],[142.54087829600007,-27.43951225222773],[142.54107666000004,-27.439510344227717],[142.5412445070001,-27.439510344227717],[142.54144287100007,-27.439510344227717],[142.54161071800002,-27.43951225222773],[142.54179382300003,-27.43951225222773],[142.54197692900004,-27.439512252227722],[142.542175293,-27.43951225222773],[142.54235839800003,-27.43951415922768],[142.54254150400004,-27.43951415922768],[142.54272460900006,-27.439516067227686],[142.54290771500007,-27.439516067227686],[142.5430908200001,-27.439516067227686],[142.5432739260001,-27.43951415922768],[142.54345703100012,-27.43951415922768],[142.543640137,-27.43951415922768],[142.54382324200003,-27.43951415922768],[142.54400634800004,-27.439516067227686],[142.54418945300006,-27.439516067227686],[142.54437255900007,-27.439516067227686],[142.5445556640001,-27.439517974227698],[142.5447387700001,-27.439517974227698],[142.5449218750001,-27.439517974227698],[142.54512023900008,-27.439517974227687],[142.5453033450001,-27.4395198812277],[142.5454864500001,-27.4395198812277],[142.54565429700006,-27.4395198812277],[142.54583740200007,-27.4395198812277],[142.54602050800008,-27.4395198812277],[142.5462036130001,-27.4395198812277],[142.54640197800006,-27.4395198812277],[142.54658508300008,-27.4395198812277],[142.5467681880001,-27.439521789227708],[142.5469512940001,-27.439521789227708],[142.54711914100005,-27.439521789227708],[142.54730224600007,-27.439521789227708],[142.54748535200008,-27.439521789227708],[142.5476684570001,-27.439521789227708],[142.54785156200012,-27.439521789227708],[142.548034668,-27.439521789227708],[142.54821777300003,-27.439521789227708],[142.54840087900004,-27.439521789227708],[142.54858398400006,-27.439523696227713],[142.54876709000007,-27.439523696227713],[142.54896545400004,-27.439525603227736],[142.54914856000005,-27.439521789227708],[142.54933166500007,-27.439521789227708],[142.54951477100008,-27.439521789227708],[142.5496978760001,-27.439521789227708],[142.54988098100011,-27.439521789227708],[142.550064087,-27.439521789227708],[142.55024719200003,-27.439521789227708],[142.55043029800004,-27.439521789227708],[142.55061340300006,-27.439521789227708],[142.55079650900007,-27.439521789227708],[142.55097961400008,-27.439521789227708],[142.55117797900004,-27.439523696227713],[142.55136108400006,-27.439523696227713],[142.55154418900008,-27.439525603227736],[142.5517272950001,-27.439525603227736],[142.5519104000001,-27.439525603227736],[142.55209350600012,-27.439525603227725],[142.55227661100002,-27.439525603227736],[142.55245971700003,-27.439525603227736],[142.5528106690001,-27.439527511227737],[142.55300903300008,-27.439527511227734],[142.5531921390001,-27.439525603227736],[142.5533752440001,-27.439525603227736],[142.55355835000012,-27.439525603227736],[142.55374145500002,-27.439525603227725],[142.55392456100003,-27.439525603227736],[142.55410766600005,-27.439525603227736],[142.55429077100007,-27.43952751122772],[142.55447387700008,-27.439527511227734],[142.5546569820001,-27.439527511227734],[142.5548400880001,-27.439527511227734],[142.555023193,-27.439527511227734],[142.5550689700001,-27.439529418227696],[142.55513000500002,-27.439529418227696],[142.55520629900002,-27.439529418227696],[142.5554046630001,-27.439529418227696],[142.5555877690001,-27.439529418227696],[142.55577087400002,-27.439529418227696],[142.55595397900004,-27.439529418227696],[142.55613708500005,-27.439529418227696],[142.55632019000006,-27.439529418227696],[142.55650329600007,-27.439529418227696],[142.5566864010001,-27.439531325227694],[142.5568695070001,-27.439531325227694],[142.55705261200012,-27.439531325227694],[142.55723571800002,-27.439531325227694],[142.55741882300003,-27.439531325227694],[142.55760192900004,-27.439531325227694],[142.55778503400006,-27.439531325227694],[142.55796814000007,-27.439531325227705],[142.5581512450001,-27.439531325227694],[142.55834960900006,-27.439531325227694],[142.55853271500007,-27.439531325227694],[142.5587158200001,-27.4395332332277],[142.5588989260001,-27.4395332332277],[142.55908203100012,-27.4395332332277],[142.559265137,-27.4395332332277],[142.55944824200003,-27.4395332332277],[142.55963134800004,-27.439531325227705],[142.55981445300006,-27.4395332332277],[142.55999755900007,-27.4395332332277],[142.5601806640001,-27.4395332332277],[142.5603637700001,-27.4395332332277],[142.5605468750001,-27.43953514022771],[142.56072998000002,-27.43953514022771],[142.5609283450001,-27.439537047227724],[142.56109619100005,-27.439537047227724],[142.56129455600012,-27.439537047227724],[142.56147766100003,-27.439537047227724],[142.56166076700003,-27.439537047227724],[142.56184387200005,-27.439537047227724],[142.56202697800006,-27.439537047227724],[142.56221008300008,-27.439537047227724],[142.5623931880001,-27.43953514022771],[142.5625762940001,-27.43953514022771],[142.56275939900002,-27.439537047227724],[142.56294250500002,-27.439537047227724],[142.56312561000004,-27.439537047227724],[142.56330871600005,-27.439537047227724],[142.56350708000002,-27.439537047227724],[142.56369018600003,-27.439537047227724],[142.5638580320001,-27.439537047227724],[142.5640411380001,-27.439537047227724],[142.564224243,-27.439537047227724],[142.56440734900002,-27.439537047227716],[142.56459045400004,-27.43953895522773],[142.56477356000005,-27.439540862227688],[142.56495666500007,-27.43953895522773],[142.56513977100008,-27.43953895522773],[142.5653228760001,-27.43953895522773],[142.56550598100011,-27.43953895522773],[142.565689087,-27.43953895522773],[142.56587219200003,-27.439540862227688],[142.56605529800004,-27.43953895522773],[142.56623840300006,-27.439540862227688],[142.56642150900007,-27.43953895522773],[142.56660461400008,-27.439540862227688],[142.5667877200001,-27.439540862227688],[142.5669708250001,-27.439540862227688],[142.56715393100012,-27.43953895522773],[142.56748962400002,-27.439540862227688],[142.56767272900004,-27.439540862227688],[142.56785583500005,-27.439540862227688],[142.56803894000006,-27.439540862227688],[142.568206787,-27.439542769227707],[142.5684051510001,-27.439542769227707],[142.5685882570001,-27.439542769227707],[142.56877136200012,-27.439542769227707],[142.56895446800002,-27.439542769227707],[142.56913757300003,-27.439542769227707],[142.5693054200001,-27.439544677227687],[142.5694885250001,-27.439544677227694],[142.56967163100012,-27.439544677227687],[142.56985473600002,-27.439544677227687],[142.57003784200003,-27.439544677227687],[142.57022094700005,-27.439544677227694],[142.570419312,-27.439544677227687],[142.57060241700003,-27.439544677227694],[142.57078552200005,-27.439544677227687],[142.57096862800006,-27.439542769227696],[142.57115173300008,-27.439544677227694],[142.5713348390001,-27.439542769227707],[142.5715179440001,-27.439544677227694],[142.57170105000012,-27.439544677227687],[142.57188415500002,-27.439544677227687],[142.57206726100003,-27.439544677227687],[142.57225036600005,-27.439544677227687],[142.57244873000002,-27.439544677227687],[142.57263183600003,-27.43954658422771],[142.57281494100005,-27.43954658422771],[142.57299804700006,-27.43954658422771],[142.57318115200007,-27.439548491227725],[142.57336425800008,-27.439548491227722],[142.5735473630001,-27.439548491227725],[142.5737304690001,-27.43954658422771],[142.57391357400002,-27.439548491227722],[142.57409668000003,-27.439548491227722],[142.57427978500004,-27.439548491227725],[142.57446289100005,-27.439548491227725],[142.57464599600007,-27.439548491227725],[142.57482910200008,-27.43955039922772],[142.5750122070001,-27.43955039922772],[142.57519531200012,-27.43955039922772],[142.575378418,-27.43955039922772],[142.57556152300003,-27.43955039922772],[142.57574462900004,-27.43955039922772],[142.57592773400006,-27.43955039922772],[142.57611084000007,-27.43955039922772],[142.5762939450001,-27.43955039922772],[142.5764770510001,-27.43955039922772],[142.57667541500007,-27.43955039922772],[142.57685852100008,-27.439552306227675],[142.5770416260001,-27.43955039922772],[142.57722473100011,-27.439552306227675],[142.577407837,-27.439552306227675],[142.57759094200003,-27.43955039922772],[142.57777404800004,-27.439552306227675],[142.57795715300006,-27.43955039922772],[142.57803344700005,-27.439552306227675],[142.57814025900007,-27.43955039922772],[142.57832336400008,-27.43955039922772],[142.5785064700001,-27.439552306227675],[142.5786895750001,-27.439552306227675],[142.57888793900008,-27.439552306227675],[142.5790710450001,-27.439552306227675],[142.5792541500001,-27.439552306227675],[142.57943725600012,-27.439554213227694],[142.57962036100002,-27.439554213227694],[142.57980346700003,-27.439554213227694],[142.57998657200005,-27.439552306227675],[142.5800476070001,-27.439552306227675],[142.58006286600005,-27.439552306227675],[142.58006286600005,-27.43955039922772],[142.58006286600005,-27.439548491227722],[142.5800781250001,-27.43954658422771],[142.5800781250001,-27.439540862227688],[142.5801239010001,-27.4394798272277],[142.58035278300008,-27.439220427227696],[142.5804595950001,-27.439086913227733],[142.58056640600012,-27.438955306227722],[142.58067321800002,-27.43882369922771],[142.58078002900004,-27.438693999227713],[142.58088684100005,-27.438564300227696],[142.58099365200007,-27.43843460022776],[142.58111572300004,-27.43830299322774],[142.58122253400006,-27.43817329322773],[142.58132934600008,-27.43803977922772],[142.5814361570001,-27.43790817222776],[142.5815429690001,-27.43777847222776],[142.5816650390001,-27.437644957227754],[142.5817718510001,-27.437513350227732],[142.581878662,-27.43737983622778],[142.58198547400002,-27.437248229227755],[142.58209228500004,-27.43711471522773],[142.58219909700006,-27.436983108227786],[142.58232116700003,-27.436851500227778],[142.5824127200001,-27.43672370822777],[142.58253479000007,-27.43659210122777],[142.58264160200008,-27.436464309227766],[142.5827484130001,-27.43633079422776],[142.58285522500012,-27.436199187227732],[142.58296203600003,-27.43606758022778],[142.58306884800004,-27.435935973227778],[142.583190918,-27.43580436622777],[142.58329772900004,-27.435672759227767],[142.58340454100005,-27.435543059227754],[142.58351135300006,-27.43540954522779],[142.5836181640001,-27.435277938227777],[142.5837249760001,-27.435146331227767],[142.583831787,-27.435018538227776],[142.58393859900002,-27.434886931227823],[142.5840606690001,-27.434755324227808],[142.58407592800006,-27.43472289922778],[142.584091187,-27.434703826227807],[142.58416748000002,-27.43462181022778],[142.58427429200003,-27.434490203227774],[142.58438110400004,-27.434358596227824],[142.58448791500007,-27.434226989227803],[142.58460998500004,-27.434093474227794],[142.58471679700006,-27.433961867227833],[142.58482360800008,-27.433832168227827],[142.5849304200001,-27.433702468227825],[142.58503723100011,-27.433570861227818],[142.585144043,-27.43343734622781],[142.58525085400004,-27.43330573922785],[142.58537292500012,-27.43317413222783],[142.58547973600002,-27.433040618227814],[142.58558654800004,-27.43290901122786],[142.58569335900006,-27.432777404227846],[142.58580017100007,-27.432643889227833],[142.58592224100005,-27.43251228222781],[142.58602905300006,-27.43238067522787],[142.58613586400008,-27.43224906822784],[142.5862426760001,-27.432115554227828],[142.58634948700012,-27.431983947227874],[142.58647155800008,-27.43185234022786],[142.5865783690001,-27.431720733227852],[142.58668518100012,-27.431587218227843],[142.58679199200003,-27.431455611227882],[142.58691406200012,-27.43132400422786],[142.58702087400002,-27.431192397227854],[142.58712768600003,-27.431058883227887],[142.58723449700005,-27.430927276227887],[142.58734130900007,-27.430795669227866],[142.5874481200001,-27.430662154227857],[142.58757019000006,-27.43053054722789],[142.58767700200008,-27.43039703322788],[142.5877838130001,-27.430265426227862],[142.58798217800006,-27.430021285227866],[142.58808898900008,-27.429887771227897],[142.5881958010001,-27.429756164227893],[142.58831787100007,-27.42962455622789],[142.58842468300008,-27.429491042227863],[142.5885314940001,-27.42935943522791],[142.58863830600012,-27.4292278282279],[142.5887603760001,-27.429096221227887],[142.58885192900004,-27.42896461422794],[142.58897399900002,-27.42883300722791],[142.58908081100003,-27.428701400227904],[142.58918762200005,-27.4285678852279],[142.58929443400007,-27.428436278227935],[142.58941650400004,-27.42830467122792],[142.58952331500006,-27.4281711572279],[142.58963012700008,-27.42803955022795],[142.5897369380001,-27.42790794322795],[142.5898437500001,-27.427774428227927],[142.589950562,-27.42764472922792],[142.5900726320001,-27.427513122227957],[142.590179443,-27.427381515227953],[142.59028625500002,-27.42724800022793],[142.59039306600005,-27.427118300227928],[142.59049987800006,-27.426992415227947],[142.59060668900008,-27.426862716227937],[142.5907135010001,-27.42673110922792],[142.59082031200012,-27.426599502227965],[142.59092712400002,-27.426467895227955],[142.59103393600003,-27.42634200922792],[142.59114074700005,-27.426212310227967],[142.59124755900007,-27.426084517227984],[142.5913543700001,-27.42595481822798],[142.59147644000006,-27.42582321122796],[142.59158325200008,-27.425691604227946],[142.5916900630001,-27.425558089227994],[142.5917968750001,-27.425426482227977],[142.591903687,-27.42529296822796],[142.5920257570001,-27.425161361228],[142.592132568,-27.425027846227987],[142.59223938000002,-27.42489623922798],[142.59234619100005,-27.424764632227955],[142.59245300300006,-27.424633025228005],[142.59257507300003,-27.424501418227994],[142.59268188500005,-27.424367904227974],[142.59278869600007,-27.424234389228026],[142.59289550800008,-27.424102782228008],[142.59321594200003,-27.423717498228015],[142.59332275400004,-27.423589705228018],[142.59342956500006,-27.423461913228028],[142.59353637700008,-27.423336028228043],[142.5936431880001,-27.42321014322799],[142.5937500000001,-27.42308044322799],[142.593856812,-27.42295455822801],[142.59394836400008,-27.422826766228003],[142.5940551760001,-27.42269897422802],[142.59417724600007,-27.422569274228014],[142.59428405800008,-27.422441482228017],[142.59437561000004,-27.422311782228018],[142.59448242200006,-27.422183989228028],[142.59458923300008,-27.422054290228015],[142.59471130400004,-27.42192077522806],[142.59480285600011,-27.421794890228018],[142.594909668,-27.421667098228028],[142.5950317380001,-27.421537398228015],[142.59513855000012,-27.421411513228037],[142.59524536100002,-27.42127990622802],[142.59535217300004,-27.42115211422808],[142.59545898400006,-27.421026229228033],[142.59556579600007,-27.42089271422808],[142.5956726070001,-27.42076492222809],[142.59576416000004,-27.42064475922806],[142.59587097200006,-27.42051315222805],[142.59599304200003,-27.420381545228043],[142.59609985400004,-27.42024993822809],[142.59620666500007,-27.42011833122808],[142.59631347700008,-27.41998672422806],[142.5964202880001,-27.419853209228048],[142.5964965820001,-27.4197616572281],[142.59652710000012,-27.419723510228096],[142.5966491700001,-27.419589995228076],[142.59675598100011,-27.419458388228062],[142.596862793,-27.41932678122806],[142.59696960400004,-27.4191951742281],[142.59707641600005,-27.419063567228104],[142.59718322800006,-27.418930053228074],[142.59730529800004,-27.418798446228113],[142.59741210900006,-27.418663024228085],[142.59751892100007,-27.41853141722807],[142.5976257320001,-27.41839981022812],[142.5977325440001,-27.418268203228113],[142.59794616700003,-27.41802596922813],[142.59805297900004,-27.41789436222812],[142.59815979000007,-27.41776084822809],[142.59815979000007,-27.417762755228104],[142.59826660200008,-27.417629241228134],[142.5983734130001,-27.417497634228134],[142.59848022500012,-27.41736602722811],[142.5986022950001,-27.417234420228098],[142.59870910600011,-27.417106627228115],[142.598815918,-27.416980742228127],[142.59892272900004,-27.416852950228126],[142.5990142820001,-27.416725158228125],[142.59913635300006,-27.416591643228116],[142.5992431640001,-27.416460036228166],[142.5993499760001,-27.41632842922815],[142.599456787,-27.416194915228125],[142.59956359900002,-27.416069030228133],[142.59967041000004,-27.41594314522815],[142.59977722200006,-27.415815352228176],[142.59988403300008,-27.415683745228154],[142.5999908450001,-27.415557860228162],[142.60009765600012,-27.415426253228166],[142.60020446800002,-27.415298461228158],[142.60031127900004,-27.415172576228187],[142.60041809100005,-27.41504287622818],[142.60052490200007,-27.414913176228165],[142.6006317140001,-27.414781569228165],[142.6007385250001,-27.414648055228195],[142.600845337,-27.41452026322819],[142.60095214800003,-27.414394378228156],[142.60105896000005,-27.41426277122819],[142.60116577100007,-27.41413497822821],[142.60127258300008,-27.414005279228196],[142.6013793950001,-27.413879394228218],[142.60148620600012,-27.41375160122817],[142.60159301800002,-27.41361999422821],[142.601669312,-27.41353416322817],[142.6016845700001,-27.413503646228214],[142.60169982900004,-27.41348648022819],[142.6017150880001,-27.41346931422817],[142.60176086400008,-27.41341781522818],[142.60180664100005,-27.41335487322818],[142.60191345200008,-27.413225173228184],[142.60369873000002,-27.411018371228238],[142.6065979000001,-27.407419204228294],[142.60671997100008,-27.40728568922834],[142.6068267820001,-27.40715217522831],[142.6069335940001,-27.407016753228344],[142.60704040500002,-27.406885146228333],[142.60714721700003,-27.406749724228316],[142.60725402800006,-27.40661811722835],[142.60736084000007,-27.406484603228325],[142.6074676510001,-27.406351088228313],[142.6075744630001,-27.406217574228346],[142.60768127400002,-27.40608406022833],[142.60778808600003,-27.405950545228315],[142.60789489700005,-27.405817031228352],[142.60800170900006,-27.40568351622833],[142.60810852100008,-27.40555000222837],[142.6082153320001,-27.405416488228347],[142.60833740200007,-27.405281066228376],[142.60842895500002,-27.405151366228377],[142.6085510250001,-27.405017852228347],[142.608657837,-27.404886245228347],[142.60874939000007,-27.404756545228338],[142.6088562010001,-27.40462303122836],[142.6089630130001,-27.404491424228357],[142.60906982400002,-27.40435600222839],[142.60917663600003,-27.404228209228343],[142.60928344700005,-27.40409278822836],[142.60940551800002,-27.403961181228347],[142.6094970700001,-27.40383148122836],[142.6096038820001,-27.403696059228388],[142.60972595200008,-27.403564452228384],[142.60981750500002,-27.40343093822841],[142.60992431600005,-27.40329742322839],[142.610046387,-27.403163909228372],[142.61015319800003,-27.403030395228406],[142.6102447510001,-27.402902602228416],[142.61035156200012,-27.402769088228393],[142.61047363300008,-27.402635573228384],[142.61056518600003,-27.40250778122838],[142.61067199700005,-27.402379989228375],[142.61077880900007,-27.402246474228438],[142.6108856200001,-27.40211296022839],[142.6109924320001,-27.401979445228385],[142.61119079600007,-27.40173911922842],[142.6112976070001,-27.4016094202284],[142.6114044190001,-27.401479720228405],[142.61151123000002,-27.401346206228446],[142.61161804200003,-27.40121459922842],[142.61172485400004,-27.401081084228405],[142.61183166500007,-27.40094947722846],[142.61193847700008,-27.400815963228425],[142.6120452880001,-27.400682448228416],[142.61215210000012,-27.40055274922846],[142.61225891100003,-27.40042114222845],[142.61236572300004,-27.400285720228414],[142.61247253400006,-27.400154113228464],[142.61257934600008,-27.400022506228463],[142.6126861570001,-27.399888991228444],[142.6127929690001,-27.399759292228428],[142.61289978000002,-27.399629592228436],[142.61300659200003,-27.399494170228465],[142.61311340300006,-27.399364470228466],[142.61322021500007,-27.399230956228447],[142.6133270260001,-27.399101256228487],[142.6134338380001,-27.39896774222847],[142.61352539100005,-27.398839950228492],[142.61363220200008,-27.39871215722848],[142.6137390140001,-27.39858055022848],[142.6138458250001,-27.398448943228455],[142.613952637,-27.39831924322847],[142.61405944800003,-27.398191451228467],[142.61416626000005,-27.398059844228513],[142.61427307100007,-27.3979282372285],[142.61437988300008,-27.397794723228476],[142.61447143600003,-27.397666930228493],[142.61457824700005,-27.397535323228478],[142.61468505900007,-27.39740180922851],[142.6147918700001,-27.397268294228493],[142.6148986820001,-27.39713859522849],[142.615005493,-27.397006988228522],[142.61511230500003,-27.39687919522848],[142.61521911600005,-27.396749495228534],[142.61532592800006,-27.396619796228535],[142.61543273900008,-27.39649009622854],[142.6155395510001,-27.396362304228536],[142.61564636200012,-27.396232604228533],[142.61573791500007,-27.396100997228512],[142.61584472700008,-27.395969390228505],[142.6159515380001,-27.395841598228515],[142.61605835000012,-27.39571189822851],[142.61616516100003,-27.39558029122856],[142.61627197300004,-27.395446776228546],[142.61637878400006,-27.395313262228523],[142.61648559600008,-27.395177840228552],[142.6165924070001,-27.39504623322854],[142.6166992190001,-27.394912719228564],[142.61689758300008,-27.394676207228553],[142.61691284200003,-27.39464759722854],[142.6169281010001,-27.394628524228576],[142.61694335900006,-27.394609450228543],[142.616958618,-27.394592284228523],[142.616958618,-27.39457511822857],[142.616958618,-27.39455795222855],[142.616958618,-27.394529342228527],[142.61694335900006,-27.394365310228544],[142.61691284200003,-27.39420318522858],[142.61688232400002,-27.394039153228597],[142.61686706500006,-27.393877028228566],[142.61683654800004,-27.393712996228587],[142.61680603000002,-27.3935508722286],[142.61679077100007,-27.39338684022856],[142.61676025400004,-27.393224715228595],[142.6167449950001,-27.393062591228606],[142.61671447800006,-27.392898559228563],[142.61668396000005,-27.392736434228603],[142.6166687010001,-27.392572402228616],[142.61663818400007,-27.392410277228585],[142.61662292500012,-27.392246245228595],[142.6165924070001,-27.39208412122862],[142.61656189000007,-27.391920089228577],[142.61654663100012,-27.391757964228614],[142.6165161130001,-27.39159393222863],[142.61648559600008,-27.391431807228603],[142.616470337,-27.391267775228624],[142.6164398190001,-27.39110565122863],[142.61640930200008,-27.390947341228618],[142.616394043,-27.390785216228643],[142.6163635250001,-27.39062118422861],[142.61634826700003,-27.390464782228655],[142.61631774900002,-27.39030075022866],[142.61628723100011,-27.390138625228634],[142.61627197300004,-27.389976500228666],[142.61624145500002,-27.389814376228625],[142.61622619600007,-27.389650344228645],[142.61616516100003,-27.389329909228664],[142.6161346440001,-27.38909149122868],[142.6161346440001,-27.389070510228652],[142.61611938500005,-27.389055251228644],[142.61611938500005,-27.38903427022867],[142.6161041260001,-27.389017104228643],[142.61601257300003,-27.388872146228675],[142.61585998500004,-27.388607024228648],[142.61584472700008,-27.388589858228688],[142.61578369100005,-27.388484954228677],[142.61576843300008,-27.388465880228658],[142.61560058600003,-27.38820075922868],[142.61558532700008,-27.388185500228673],[142.61558532700008,-27.388172149228662],[142.61558532700008,-27.388158797228666],[142.615570068,-27.388143538228654],[142.61549377400002,-27.38771247822869],[142.6154632570001,-27.387557982228696],[142.61543273900008,-27.38739585822871],[142.61540222200006,-27.387233733228687],[142.61537170400004,-27.3870677942287],[142.615341187,-27.386911391228697],[142.6153106690001,-27.386753081228676],[142.61529541000004,-27.386684417228707],[142.61529541000004,-27.386663436228726],[142.61529541000004,-27.386634826228704],[142.61529541000004,-27.386611937228675],[142.6153106690001,-27.386598586228725],[142.61537170400004,-27.38645172022871],[142.61543273900008,-27.386306762228703],[142.61550903300008,-27.386157989228717],[142.615570068,-27.386009215228697],[142.61563110400004,-27.385860442228722],[142.61570739700005,-27.385711669228748],[142.61576843300008,-27.38556480322873],[142.61584472700008,-27.38541793722872],[142.615905762,-27.385271071228747],[142.61596679700006,-27.385122298228715],[142.61604309100005,-27.384969710228717],[142.6161041260001,-27.384817122228736],[142.6161804200001,-27.38467025722876],[142.61624145500002,-27.38451957622872],[142.61630249000007,-27.384372710228764],[142.6163635250001,-27.384262084228734],[142.61650085400004,-27.38396644522873],[142.61656189000007,-27.38381385722874],[142.61662292500012,-27.383663176228772],[142.6166992190001,-27.383514403228784],[142.61676025400004,-27.38336372322875],[142.61683654800004,-27.383213042228764],[142.61689758300008,-27.383062362228788],[142.61697387700008,-27.382911681228755],[142.617034912,-27.382762908228774],[142.61711120600012,-27.38261032022878],[142.61717224100005,-27.382465362228757],[142.6172332760001,-27.382312774228772],[142.6173095700001,-27.38216400022881],[142.61737060500002,-27.382017135228786],[142.61743164100005,-27.38187217622877],[142.61750793500005,-27.38172149622878],[142.6175689700001,-27.381570815228805],[142.6176452640001,-27.381425857228795],[142.61770629900002,-27.381280898228784],[142.61776733400006,-27.381134032228832],[142.61784362800006,-27.380989074228808],[142.6179046630001,-27.380840301228826],[142.61796569800003,-27.38069343522881],[142.61804199200003,-27.380542754228824],[142.61810302700007,-27.380390166228846],[142.61817932100007,-27.380239486228852],[142.61824035600011,-27.38009071322882],[142.61830139200003,-27.379941939228857],[142.61837768600003,-27.37979125922881],[142.61843872100008,-27.37964630022886],[142.61851501500007,-27.379497527228832],[142.61857605000012,-27.379348754228857],[142.61863708500005,-27.379198073228824],[142.61871337900004,-27.379049300228846],[142.6187744140001,-27.378902434228824],[142.61885070800008,-27.378751754228837],[142.618911743,-27.37860488822887],[142.61897277800006,-27.378456115228843],[142.61904907200005,-27.37830734222887],[142.6191101070001,-27.378154754228884],[142.6191864010001,-27.37800598022886],[142.619247437,-27.377855300228873],[142.61930847200006,-27.377708434228865],[142.61938476600005,-27.377561568228884],[142.6194458010001,-27.377414702228876],[142.61950683600003,-27.377262114228877],[142.61958313000002,-27.37710952722888],[142.61965942400002,-27.376956939228897],[142.61972045900006,-27.3768043512289],[142.61979675300006,-27.376655578228856],[142.6198577880001,-27.37650489722889],[142.61991882300003,-27.3763542172289],[142.61999511700003,-27.376203536228928],[142.62005615200007,-27.3760528552289],[142.62013244600007,-27.375902175228912],[142.62019348100011,-27.375749587228928],[142.62025451700003,-27.375602721228894],[142.62033081100003,-27.375452041228904],[142.62039184600008,-27.37530326722895],[142.62046814000007,-27.375154494228912],[142.62052917500012,-27.375007628228953],[142.6206054690001,-27.374855041228948],[142.62066650400004,-27.37470626722893],[142.62074279800004,-27.374553679228942],[142.62080383300008,-27.374402999228966],[142.620864868,-27.374256133228947],[142.620941162,-27.374107360228955],[142.62100219700005,-27.373960494228943],[142.62107849100005,-27.373809813228952],[142.6211395260001,-27.37366104022893],[142.6212158200001,-27.373510360228938],[142.62127685500002,-27.37336158722897],[142.62133789100005,-27.37321472122894],[142.62141418500005,-27.373067855228978],[142.62145996100003,-27.37294387722896],[142.62152099600007,-27.372798919228995],[142.62153625500002,-27.372777938228957],[142.6215515140001,-27.372758864228988],[142.62156677200005,-27.372745513228992],[142.62164306600005,-27.37267684822897],[142.62178039600008,-27.372564315228995],[142.62214660600011,-27.37222289922897],[142.62228393600003,-27.37210845822898],[142.62240600600012,-27.371994018228975],[142.6225280760001,-27.371881484228993],[142.62265014600007,-27.371768950229015],[142.6227874760001,-27.37165450922896],[142.62290954600007,-27.37153816122902],[142.6230468750001,-27.37142372022897],[142.6231689450001,-27.371309279228985],[142.62329101600005,-27.371192931228975],[142.6234283450001,-27.37107849022898],[142.62355041500007,-27.37096214222898],[142.62367248500004,-27.37084770122899],[142.62380981400008,-27.370735167229004],[142.62393188500005,-27.370620727229],[142.62405395500002,-27.37050628622901],[142.62419128400006,-27.370391845229026],[142.62431335400004,-27.370279311229037],[142.62443542500012,-27.370168685229],[142.6245574950001,-27.370054244229006],[142.62467956500006,-27.369943618229037],[142.6248168950001,-27.369825362229033],[142.62493896500007,-27.369710921229043],[142.62506103500004,-27.369598388229047],[142.62519836400008,-27.36948394722906],[142.62532043500005,-27.369367598229015],[142.6254577640001,-27.369253158229064],[142.62557983400006,-27.369142531229045],[142.62570190400004,-27.369026183229035],[142.62583923300008,-27.368907927229028],[142.62596130400004,-27.368793487229027],[142.62609863300008,-27.36867904622904],[142.62622070300006,-27.368564605229047],[142.62634277300003,-27.36845016422905],[142.62648010300006,-27.368333816229047],[142.62660217300004,-27.368217467229062],[142.62673950200008,-27.368099212229037],[142.62686157200005,-27.367982863229045],[142.6269989010001,-27.367866515229043],[142.62712097200006,-27.36775016722904],[142.6272583010001,-27.367637633229066],[142.62738037100007,-27.36752128522905],[142.627624512,-27.3672981252291],[142.6276702880001,-27.367261886229098],[142.62768554700006,-27.36725234922907],[142.62770080600012,-27.367242812229083],[142.62771606400008,-27.367237090229057],[142.62773132300003,-27.367231368229074],[142.6277465820001,-27.36722183122905],[142.62777710000012,-27.367214202229064],[142.62796020500002,-27.367164611229068],[142.62812805200008,-27.367113112229084],[142.62829589800003,-27.36706352122908],[142.62847900400004,-27.367012023229083],[142.6286468510001,-27.3669624322291],[142.62882995600012,-27.366909026229088],[142.62899780300006,-27.36685752822908],[142.62916564900002,-27.36680602922909],[142.62933349600007,-27.366756438229096],[142.62951660200008,-27.36670494022909],[142.62968444800003,-27.366653441229108],[142.6298522950001,-27.366603850229108],[142.6300354000001,-27.366554259229066],[142.63020324700005,-27.36650466822907],[142.6303710940001,-27.366453170229065],[142.63053894000006,-27.36640357922907],[142.6308288570001,-27.366315841229092],[142.63099670400004,-27.366266250229096],[142.6310119630001,-27.366262435229075],[142.63102722200006,-27.366258620229072],[142.63104248000002,-27.366258620229072],[142.63107299800004,-27.366254806229094],[142.63117981000005,-27.366250991229087],[142.63134765600012,-27.366250991229087],[142.631530762,-27.366249083229082],[142.63189697300004,-27.3662414542291],[142.63208007800006,-27.366237639229087],[142.63226318400007,-27.366233825229063],[142.6324462890001,-27.3662281032291],[142.6326293950001,-27.366224288229084],[142.63279724100005,-27.36621856622911],[142.63331604000007,-27.366207122229113],[142.63349914600008,-27.366201400229087],[142.6336822510001,-27.366197585229084],[142.63386535600011,-27.366191863229105],[142.63406372100008,-27.366188048229088],[142.63407897900004,-27.366188048229102],[142.6340942380001,-27.366188048229102],[142.63410949700005,-27.36618423422908],[142.63423156700003,-27.366151809229102],[142.6343994140001,-27.366109847229094],[142.6345825200001,-27.366067885229086],[142.63475036600005,-27.366025924229113],[142.63493347200006,-27.3659839622291],[142.635101318,-27.36594390822909],[142.63528442400002,-27.365901946229084],[142.63545227100008,-27.365859984229072],[142.63562011700003,-27.365816115229116],[142.63580322300004,-27.36577415422909],[142.6359710690001,-27.365728377229118],[142.63615417500012,-27.365682601229086],[142.63636779800004,-27.365629195229072],[142.63647460900006,-27.36560440022907],[142.63655090300006,-27.36558532622912],[142.636566162,-27.36558151122911],[142.63658142100007,-27.36557769722913],[142.6366119380001,-27.36556816022909],[142.63664245600012,-27.36556243822912],[142.63677978500004,-27.36552810622908],[142.63681030300006,-27.365520476229115],[142.63716125500002,-27.365436553229078],[142.63732910200008,-27.365392684229114],[142.6375122070001,-27.365352630229115],[142.63768005400004,-27.365310668229096],[142.63786315900006,-27.365266799229122],[142.63803100600012,-27.365224837229125],[142.63819885300006,-27.365179061229135],[142.63838195800008,-27.36513709922912],[142.63854980500003,-27.36509132322909],[142.63862609900002,-27.365072249229133],[142.6386718750001,-27.36506271322913],[142.63868713400007,-27.365058898229123],[142.6387176510001,-27.365051269229134],[142.6387176510001,-27.36504936122914],[142.6389007570001,-27.365003585229097],[142.63906860400004,-27.364961623229092],[142.6392364500001,-27.36491775422914],[142.63940429700006,-27.364875792229117],[142.63958740200007,-27.364831923229104],[142.63975524900002,-27.364788054229127],[142.63992309600008,-27.364744185229103],[142.6402587890001,-27.364662169229145],[142.64033508300008,-27.36464118922909],[142.64038085900006,-27.364631652229114],[142.640396118,-27.36462402222914],[142.64042663600003,-27.364618300229118],[142.64045715300006,-27.364610671229137],[142.640472412,-27.36460494922911],[142.64050293000003,-27.36459732022914],[142.64054870600012,-27.364587783229148],[142.6405944820001,-27.36457443122916],[142.64064025900007,-27.364562987229107],[142.64068603500004,-27.364551543229112],[142.64094543500005,-27.364486693229107],[142.64111328100012,-27.364444732229142],[142.64128112800006,-27.36440086322912],[142.64146423300008,-27.364356994229162],[142.6416473390001,-27.364311217229126],[142.64181518600003,-27.364267348229106],[142.64199829100005,-27.36422347922914],[142.6421661380001,-27.364181518229127],[142.642349243,-27.364137649229157],[142.64251709000007,-27.364095687229145],[142.642684937,-27.364049910229117],[142.64286804200003,-27.36400413422914],[142.64305114700005,-27.36396026522912],[142.6432189940001,-27.363918303229166],[142.64338684100005,-27.363872527229127],[142.64356994600007,-27.363830565229115],[142.643737793,-27.363786696229155],[142.64392089800003,-27.363740920229116],[142.6440887450001,-27.363698958229158],[142.64425659200003,-27.363655089229137],[142.64443969700005,-27.363609313229173],[142.64462280300006,-27.36356735122915],[142.64479064900002,-27.363527297229144],[142.64497375500002,-27.36348724322914],[142.64514160200008,-27.363447188229124],[142.6453247070001,-27.36340713422912],[142.64549255400004,-27.363367080229168],[142.64567565900006,-27.36332511822916],[142.64585876500007,-27.36328124922913],[142.64602661100002,-27.363239287229128],[142.64620971700003,-27.36319541822916],[142.6463775630001,-27.36314964222912],[142.6465606690001,-27.363105773229165],[142.64674377400002,-27.363063811229154],[142.64691162100007,-27.363021850229128],[142.64709472700008,-27.362977981229164],[142.64726257300003,-27.36293601922916],[142.64744567900004,-27.362894057229152],[142.6476135250001,-27.362852096229183],[142.64778137200005,-27.36281204122918],[142.64796447800006,-27.362768172229146],[142.64813232400002,-27.36272811822914],[142.64831543000003,-27.362686156229127],[142.6484832760001,-27.362644195229173],[142.6486663820001,-27.362602233229158],[142.64883422900004,-27.362562179229148],[142.64901733400006,-27.362520217229143],[142.64918518100012,-27.362478255229192],[142.64935302700007,-27.362438201229182],[142.64953613300008,-27.36239623922917],[142.64970397900004,-27.362354278229144],[142.6500244140001,-27.362277984229145],[142.6502075200001,-27.36223792922916],[142.65025329600007,-27.362224578229142],[142.6502838130001,-27.362218856229177],[142.65029907200005,-27.36221313422915],[142.65037536600005,-27.362186431229148],[142.6505432130001,-27.362119674229195],[142.65071106000005,-27.362051009229177],[142.65086364700005,-27.361988067229184],[142.6510314940001,-27.36192321722919],[142.65119934100005,-27.36185836722918],[142.65136718700012,-27.361795424229197],[142.65153503400006,-27.361730575229174],[142.65170288100012,-27.361667632229185],[142.6518554690001,-27.361602782229195],[142.65202331500006,-27.36153984022919],[142.652191162,-27.361473082229196],[142.65235900900007,-27.361408233229188],[142.65252685500002,-27.361341475229192],[142.65269470200008,-27.361276626229163],[142.65286254900002,-27.361209868229174],[142.65303039600008,-27.361145019229216],[142.65319824200003,-27.361080169229222],[142.6533660890001,-27.361013411229212],[142.65353393600003,-27.360948562229197],[142.65371704100005,-27.360881804229198],[142.6538848880001,-27.360816955229197],[142.6539611820001,-27.360784530229225],[142.65402221700003,-27.360761641229182],[142.65405273400006,-27.3607521052292],[142.65422058100012,-27.36068534822918],[142.65431213400007,-27.360645293229183],[142.65438842800006,-27.360618590229183],[142.65454101600005,-27.360548018229213],[142.65470886200012,-27.360479354229184],[142.65487670900006,-27.36041259722923],[142.65504455600012,-27.36034202522921],[142.65521240200007,-27.36027336022919],[142.65538024900002,-27.360204696229225],[142.655532837,-27.36013412422921],[142.65570068400007,-27.360063552229224],[142.65586853000002,-27.359992980229205],[142.65603637700008,-27.35992431522919],[142.65620422400002,-27.359855651229225],[142.6563720700001,-27.3597850792292],[142.65653991700003,-27.359714507229235],[142.6567077640001,-27.3596439352292],[142.65676879900002,-27.35961914022921],[142.6568145750001,-27.359596251229224],[142.65682983400006,-27.3595905292292],[142.65686035200008,-27.3595790852292],[142.65687561000004,-27.35957336322923],[142.6570434570001,-27.359504699229205],[142.65721130400004,-27.359434127229246],[142.65725708000002,-27.35941505322922],[142.6572723390001,-27.359409331229198],[142.6572723390001,-27.35940551722923],[142.65728759800004,-27.359395980229237],[142.65730285600011,-27.359390258229215],[142.65730285600011,-27.35938644322921],[142.65731811500007,-27.359380721229236],[142.65731811500007,-27.359373092229205],[142.65733337400002,-27.35936737022923],[142.65742492700008,-27.359270095229203],[142.65754699700005,-27.359144210229214],[142.65766906700003,-27.359020232229245],[142.6577911380001,-27.358894347229263],[142.65791320800008,-27.358770369229227],[142.65812683100012,-27.35854530222925],[142.6582489010001,-27.35841941722927],[142.65837097200006,-27.35829544022924],[142.65849304200003,-27.358173369229263],[142.65859985400004,-27.358053206229254],[142.65872192400002,-27.357931136229265],[142.6588439940001,-27.35781097322926],[142.65896606400008,-27.35768699522928],[142.65908813500005,-27.357563018229243],[142.65921020500002,-27.35744285522928],[142.6592254640001,-27.35741615222928],[142.65924072300004,-27.357410430229248],[142.65924072300004,-27.357400893229265],[142.6593322750001,-27.357330321229245],[142.65946960400004,-27.35722160222928],[142.65972900400004,-27.357015609229272],[142.65986633300008,-27.356904983229295],[142.660003662,-27.356800078229295],[142.66014099100005,-27.356689452229265],[142.6602783200001,-27.356582641229295],[142.66041564900002,-27.356475829229296],[142.66055297900004,-27.356365203229245],[142.66069030800008,-27.356254577229276],[142.660827637,-27.356143950229306],[142.66096496600005,-27.356035232229274],[142.6611022950001,-27.355926513229296],[142.66123962400002,-27.355815886229284],[142.66137695300006,-27.355709075229306],[142.6615142820001,-27.355602263229304],[142.66154480000012,-27.35556793122927],[142.66156005900007,-27.355560302229282],[142.66157531700003,-27.355546950229286],[142.6616210940001,-27.355480193229276],[142.66172790500002,-27.355346679229314],[142.6618499760001,-27.355215072229303],[142.661956787,-27.35508346522929],[142.66206359900002,-27.354949950229337],[142.66217041000004,-27.354820250229324],[142.66227722200006,-27.35468864322932],[142.66238403300008,-27.3545551292293],[142.6624908450001,-27.354427337229303],[142.66259765600012,-27.354295730229342],[142.66271972700008,-27.35416412322933],[142.6628265380001,-27.354030608229312],[142.66293335000012,-27.353899001229305],[142.66304016100003,-27.353765487229335],[142.66314697300004,-27.353631972229323],[142.66325378400006,-27.353500365229326],[142.66336059600008,-27.35336685122934],[142.6634674070001,-27.353239058229352],[142.6635742190001,-27.353105544229336],[142.66368103000002,-27.352977752229332],[142.66378784200003,-27.352848052229344],[142.66389465300006,-27.35271453822938],[142.66400146500007,-27.352584838229372],[142.6641082760001,-27.35245513822937],[142.6642150880001,-27.352325438229375],[142.66432189900002,-27.352193831229357],[142.66442871100003,-27.352064132229355],[142.6646270750001,-27.35182762022939],[142.664733887,-27.351699828229396],[142.66474914600008,-27.35169029122935],[142.66474914600008,-27.35167503322939],[142.66482543900008,-27.351564406229365],[142.6649322510001,-27.35142707722938],[142.66502380400004,-27.3512878412294],[142.66511535600011,-27.35115051222936],[142.66520690900006,-27.351013183229384],[142.66531372100008,-27.350877761229405],[142.66539001500007,-27.350749968229373],[142.66548156700003,-27.350616454229392],[142.66558837900004,-27.3504772182294],[142.6656799320001,-27.35034179622938],[142.66577148400006,-27.3502025592294],[142.66577148400006,-27.3502044672294],[142.665863037,-27.35006904522937],[142.66595459000007,-27.349929809229383],[142.6660614010001,-27.349792479229418],[142.66615295400004,-27.34965515022943],[142.6662445070001,-27.349517821229387],[142.66633606000005,-27.349378585229406],[142.66644287100007,-27.349237441229405],[142.66653442400002,-27.349096297229412],[142.66662597700008,-27.34895896822942],[142.6667327880001,-27.348817824229442],[142.66682434100005,-27.34867858822945],[142.6669158940001,-27.34853935122941],[142.66702270500002,-27.348398208229458],[142.66711425800008,-27.34825897122943],[142.66720581100003,-27.34811782722942],[142.66731262200005,-27.34798049822945],[142.6673736570001,-27.347896575229466],[142.66740417500012,-27.34784126222946],[142.66751098600002,-27.34770393322948],[142.66761779800004,-27.34756660422944],[142.6677093510001,-27.347429275229455],[142.667816162,-27.34729194522942],[142.66792297400002,-27.347156524229444],[142.6680145260001,-27.34701919522946],[142.6681213380001,-27.346881865229435],[142.66822814900002,-27.34674453622946],[142.66831970200008,-27.346607207229475],[142.6684265140001,-27.34646987822951],[142.6685333250001,-27.346334456229464],[142.66862487800006,-27.346197127229495],[142.66873168900008,-27.346059798229458],[142.6688385010001,-27.34592246922947],[142.66894531200012,-27.345787047229503],[142.66903686500007,-27.34565162622948],[142.66914367700008,-27.345512389229487],[142.6692504880001,-27.345375060229518],[142.66934204100005,-27.345239638229476],[142.66944885300006,-27.345102309229503],[142.6695556640001,-27.344964980229523],[142.66964721700003,-27.34482765122949],[142.66975402800006,-27.3446903222295],[142.66986084000007,-27.344554900229532],[142.66995239300002,-27.344417571229492],[142.67005920400004,-27.34428024222951],[142.67016601600005,-27.344142913229526],[142.67027282700008,-27.3440074912295],[142.67036438000002,-27.34387016222952],[142.67047119100005,-27.343738555229514],[142.6705627440001,-27.343603133229546],[142.67066955600012,-27.34347343322954],[142.67076110800008,-27.343336104229508],[142.6708679200001,-27.343200683229533],[142.67097473100011,-27.343063353229564],[142.671081543,-27.342926024229524],[142.67117309600008,-27.34279060322955],[142.6712799070001,-27.342655181229517],[142.67137146000005,-27.342517852229534],[142.67147827100007,-27.342382430229566],[142.67158508300008,-27.34224700822953],[142.67167663600003,-27.342113494229572],[142.67178344700005,-27.34197997922956],[142.6718750000001,-27.341844558229592],[142.671981812,-27.341711043229566],[142.67208862300004,-27.341575622229588],[142.6721801760001,-27.341440200229567],[142.67228698700012,-27.341306685229547],[142.67237854000007,-27.341171264229565],[142.67248535200008,-27.341035842229548],[142.67257690400004,-27.34090232722959],[142.67268371600005,-27.340768813229563],[142.6727752690001,-27.34063720622955],[142.67297363300008,-27.340381621229565],[142.6730804440001,-27.34024620022958],[142.67317199700005,-27.34010887022961],[142.67327880900007,-27.339971541229584],[142.6733856200001,-27.339834212229604],[142.67347717300004,-27.33969688322962],[142.67358398400006,-27.339561461229597],[142.67369079600007,-27.339424132229617],[142.67378234900002,-27.33928680322963],[142.67388916000004,-27.339149474229593],[142.67399597200006,-27.339012145229614],[142.67408752400002,-27.33887481622963],[142.67419433600003,-27.338739394229602],[142.67430114700005,-27.338602065229626],[142.67440795900006,-27.33846473622965],[142.674499512,-27.338327407229613],[142.67460632300003,-27.338190078229637],[142.67471313500005,-27.338054656229595],[142.67480468700012,-27.33791732722963],[142.67491149900002,-27.337779998229642],[142.67501831100003,-27.337644576229618],[142.6751098630001,-27.337507247229627],[142.67521667500012,-27.337369918229655],[142.67532348600002,-27.337234496229623],[142.6754150390001,-27.337097167229647],[142.6755218510001,-27.336959838229678],[142.675628662,-27.336822509229627],[142.67573547400002,-27.33668518022965],[142.6758270260001,-27.33654785122967],[142.6759338380001,-27.336412429229647],[142.67604064900002,-27.33627700722967],[142.67613220200008,-27.336147307229673],[142.6762390140001,-27.336009978229693],[142.67633056600005,-27.335874556229662],[142.67643737800006,-27.335737227229686],[142.67654418900008,-27.335599898229653],[142.67663574200003,-27.335464477229678],[142.67674255400004,-27.3353271472297],[142.67684936500007,-27.335189818229665],[142.676940918,-27.335052489229685],[142.67704772900004,-27.334917067229714],[142.67715454100005,-27.334779738229674],[142.6772460940001,-27.334642409229694],[142.67735290500002,-27.334510802229687],[142.67745971700003,-27.334375380229723],[142.6775512700001,-27.334238051229686],[142.67765808100012,-27.334106444229718],[142.67774963400007,-27.333969115229685],[142.6778564450001,-27.333833693229717],[142.6779632570001,-27.333696364229734],[142.67805481000005,-27.333564757229723],[142.67816162100007,-27.333431243229697],[142.67825317400002,-27.333293914229735],[142.67835998500004,-27.333158492229693],[142.67846679700006,-27.333023070229714],[142.67855835000012,-27.33289146322971],[142.67866516100003,-27.332754134229734],[142.6787567140001,-27.332616805229755],[142.6788635250001,-27.332481383229727],[142.678970337,-27.332347869229764],[142.67906189000007,-27.332214354229748],[142.6791687010001,-27.33207702522976],[142.6792755130001,-27.331941604229737],[142.67936706500006,-27.331809997229776],[142.679458618,-27.331676482229756],[142.67956543000003,-27.33153915322978],[142.67967224100005,-27.331403731229756],[142.6797637940001,-27.331266402229772],[142.68016052200005,-27.33074569622975],[142.68026733400006,-27.33060646022975],[142.68031311000004,-27.330537795229755],[142.6803283690001,-27.330505370229773],[142.68034362800006,-27.330486297229804],[142.680358887,-27.330469130229787],[142.68037414600008,-27.33045005722975],[142.6804046630001,-27.330413817229772],[142.68046569800003,-27.330333709229762],[142.68057251000005,-27.33019828722978],[142.68066406200012,-27.330060958229797],[142.68077087400002,-27.329923629229768],[142.68087768600003,-27.3297882072298],[142.6809692380001,-27.32965278522978],[142.68107605000012,-27.329517364229787],[142.68118286100002,-27.329380034229768],[142.6812744140001,-27.329244613229804],[142.6813812260001,-27.329113006229775],[142.68147277800006,-27.328977584229808],[142.68157959000007,-27.328842162229787],[142.6816864010001,-27.328704833229796],[142.68177795400004,-27.32856750422982],[142.68188476600005,-27.328432082229792],[142.68199157700008,-27.328296660229828],[142.68208313000002,-27.328159331229802],[142.68218994100005,-27.328023910229806],[142.68229675300006,-27.327886580229844],[142.68238830600012,-27.32775497322984],[142.68249511700003,-27.327617644229843],[142.68260192900004,-27.327480315229806],[142.68269348100011,-27.32734489322985],[142.682800293,-27.327207564229866],[142.68290710400004,-27.32707023522983],[142.6829986570001,-27.32693290622985],[142.6831054690001,-27.32679748422981],[142.68321228000002,-27.32666015522983],[142.68330383300008,-27.326522826229855],[142.6834106450001,-27.326389312229818],[142.68351745600012,-27.32625198322985],[142.68360900900007,-27.32611465422987],[142.6837158200001,-27.32597732422984],[142.6838226320001,-27.325839995229877],[142.68391418500005,-27.32570266622987],[142.68402099600007,-27.32556915222986],[142.68412780800008,-27.32543182322987],[142.68421936000004,-27.325296401229853],[142.68432617200006,-27.32516097922989],[142.68441772500012,-27.325029372229867],[142.68452453600003,-27.3248958582299],[142.6846160890001,-27.324760436229873],[142.6847229000001,-27.324623107229904],[142.684829712,-27.32448768522987],[142.68492126500007,-27.3243522632299],[142.6850280760001,-27.324220656229887],[142.68511962900004,-27.324085235229912],[142.68522644000006,-27.323947905229883],[142.68533325200008,-27.32381057622991],[142.68542480500003,-27.32367515522993],[142.68553161600005,-27.323541640229916],[142.68563842800006,-27.32340431122994],[142.68572998000002,-27.323266982229892],[142.68583679200003,-27.32313156022993],[142.68594360400004,-27.32299423122988],[142.68603515600012,-27.322860717229926],[142.68614196800002,-27.322723388229942],[142.68623352100008,-27.322593688229933],[142.6863403320001,-27.322458266229912],[142.6864471440001,-27.32232093722993],[142.68653869600007,-27.322187423229916],[142.68664550800008,-27.32205200122994],[142.68673706100003,-27.32191657922991],[142.68684387200005,-27.321779250229923],[142.68695068400007,-27.32164382822996],[142.68704223600002,-27.321508407229928],[142.68714904800004,-27.321374892229972],[142.68725585900006,-27.321239470229948],[142.687347412,-27.32110214122997],[142.68745422400002,-27.320966720229936],[142.68756103500004,-27.32083129822997],[142.6876525880001,-27.32069587622993],[142.68775939900002,-27.320558547229947],[142.68785095200008,-27.32042121822997],[142.6879577640001,-27.32028388922994],[142.6880645750001,-27.320148467229973],[142.688171387,-27.320011138229987],[142.68826293900008,-27.319873809229954],[142.6883697510001,-27.319738387229982],[142.68847656200012,-27.319601058230006],[142.68856811500007,-27.319463729229977],[142.68867492700008,-27.319326400229993],[142.6887817380001,-27.31918907123001],[142.6889648440001,-27.31893539322997],[142.68907165500002,-27.318798064229984],[142.68916320800008,-27.318662642230024],[142.6892700200001,-27.31852531322999],[142.68937683100012,-27.31838798423],[142.68946838400007,-27.31825065523002],[142.6895751950001,-27.318113326229984],[142.6896820070001,-27.31797599723],[142.689788818,-27.317840575230036],[142.68988037100007,-27.31770324623],[142.68998718300008,-27.317565917230016],[142.6900939940001,-27.31743049522999],[142.69018554700006,-27.317293166230023],[142.69029235800008,-27.31715583723004],[142.6903991700001,-27.31701850823006],[142.69049072300004,-27.31688308623003],[142.69059753400006,-27.316745757230052],[142.69070434600008,-27.31660842823001],[142.69079589800003,-27.316471099230036],[142.69090271000005,-27.31634139923003],[142.69100952100007,-27.316204070230043],[142.69110107400002,-27.31606674123007],[142.69120788600003,-27.31592941223003],[142.69131469700005,-27.315793990230066],[142.6914062500001,-27.315656661230083],[142.691513062,-27.315519332230046],[142.69161987300004,-27.315385817230087],[142.6917114260001,-27.31525039623005],[142.69181823700012,-27.315116881230104],[142.69190979000007,-27.31498336723007],[142.69201660200008,-27.314847945230046],[142.6921234130001,-27.31471061623007],[142.69221496600005,-27.31457328723008],[142.69232177700007,-27.314435958230103],[142.6924285890001,-27.314300536230075],[142.69252014200003,-27.314163207230095],[142.69262695300006,-27.314025878230066],[142.69273376500007,-27.313890456230087],[142.69282531700003,-27.31375503423007],[142.6930236820001,-27.31350135723009],[142.69311523400006,-27.313364028230104],[142.69322204600007,-27.31322860623008],[142.69331359900002,-27.313095092230107],[142.69342041000004,-27.31296157723009],[142.69352722200006,-27.31282424823011],[142.69361877400002,-27.31268691923012],[142.69372558600003,-27.3125495902301],[142.69383239700005,-27.31241416823014],[142.6939239500001,-27.31227493223014],[142.694030762,-27.312139510230097],[142.69413757300003,-27.31200408823014],[142.6942291260001,-27.311872481230125],[142.69433593700012,-27.311735152230153],[142.69444274900002,-27.311599730230117],[142.69453430200008,-27.311466216230155],[142.69462585400004,-27.311336516230153],[142.69473266600005,-27.311201095230114],[142.6948242190001,-27.311069488230164],[142.69493103000002,-27.31093406623015],[142.69503784200003,-27.31080055123012],[142.6951293950001,-27.31066894423017],[142.69523620600012,-27.31053352323014],[142.69532775900007,-27.31040191623018],[142.6954345700001,-27.310268401230157],[142.69552612300004,-27.310132979230143],[142.69563293500005,-27.309999465230174],[142.69573974600007,-27.30986213623019],[142.69583129900002,-27.30973052923018],[142.69592285200008,-27.309595107230145],[142.6960296630001,-27.309463500230194],[142.69612121600005,-27.309331893230176],[142.69622802700007,-27.30919647123016],[142.6963348390001,-27.309059142230183],[142.69642639200003,-27.308925628230163],[142.69653320300006,-27.308788299230176],[142.69662475600012,-27.308656692230166],[142.69673156700003,-27.308525084230162],[142.6968231200001,-27.308393477230204],[142.6969299320001,-27.30825996323018],[142.69702148400006,-27.30812263423021],[142.69712829600007,-27.307985305230222],[142.6972351070001,-27.307847976230185],[142.6973419190001,-27.307712554230225],[142.69743347200006,-27.307575225230238],[142.69754028300008,-27.307437896230212],[142.6976470950001,-27.307300567230218],[142.69773864700005,-27.30716323823023],[142.69784545900006,-27.307027816230217],[142.69795227100008,-27.30689239423025],[142.69804382300003,-27.306753158230254],[142.69815063500005,-27.306617736230233],[142.69825744600007,-27.30648040723024],[142.69834899900002,-27.306343078230203],[142.69845581100003,-27.306205749230223],[142.69856262200005,-27.30606841923024],[142.69865417500012,-27.305931090230228],[142.69876098600002,-27.305801391230275],[142.6988525390001,-27.30566596923024],[142.6989593510001,-27.30553054723027],[142.699066162,-27.30539321823022],[142.69915771500007,-27.305259704230266],[142.6992645260001,-27.305122374230237],[142.6993713380001,-27.304986953230255],[142.6994476320001,-27.304880141230246],[142.69953918500005,-27.304746627230276],[142.699554443,-27.304740905230254],[142.699554443,-27.30473327523029],[142.699554443,-27.304727553230258],[142.69956970200008,-27.304716109230267],[142.69958496100003,-27.30470848023029],[142.69966125500002,-27.30462455623026],[142.6997833250001,-27.304502486230295],[142.69990539600008,-27.304380416230256],[142.70002746600005,-27.304260253230247],[142.70002746600005,-27.304250716230264],[142.70004272500012,-27.30424117923027],[142.70004272500012,-27.304235457230252],[142.70005798300008,-27.30423164323029],[142.70005798300008,-27.30422401323026],[142.70005798300008,-27.30421447723027],[142.70007324200003,-27.304197310230258],[142.7001190190001,-27.304124831230283],[142.70033264200003,-27.30371093723027],[142.70039367700008,-27.3036155692303],[142.70039367700008,-27.30360031023031],[142.70040893600003,-27.303585051230286],[142.7004241940001,-27.303571700230282],[142.70051574700005,-27.303436278230315],[142.70062255900007,-27.303300857230276],[142.70071411100002,-27.30316924923028],[142.70082092300004,-27.30303382823029],[142.70092773400006,-27.302898406230266],[142.701019287,-27.302761077230294],[142.70112609900002,-27.302627562230292],[142.7012176510001,-27.3024921412303],[142.7013244630001,-27.302358626230287],[142.70143127400002,-27.302223205230312],[142.70152282700008,-27.302093505230317],[142.7016296390001,-27.30195617623033],[142.70172119100005,-27.30181884723034],[142.70182800300006,-27.301683425230326],[142.70193481400008,-27.30154800323036],[142.70202636700003,-27.301414489230336],[142.7021179200001,-27.301282882230318],[142.70222473100011,-27.30114746023034],[142.702331543,-27.30101203823032],[142.70262146000005,-27.300611495230317],[142.70272827100007,-27.300476073230353],[142.70281982400002,-27.30034255923033],[142.70292663600003,-27.300209044230364],[142.70303344700005,-27.300073623230336],[142.7031250000001,-27.299940108230373],[142.70321655300006,-27.299810409230375],[142.70332336400008,-27.299673079230335],[142.7034301760001,-27.299539565230376],[142.70352172900004,-27.299404143230355],[142.70362854000007,-27.29927062923038],[142.70372009300002,-27.299135207230346],[142.70382690400004,-27.298999785230382],[142.7039184570001,-27.298868178230375],[142.7040252690001,-27.2987346642304],[142.70411682100007,-27.298601150230375],[142.70422363300008,-27.298467635230356],[142.7043304440001,-27.298332213230402],[142.70442199700005,-27.29819869923038],[142.70452880900007,-27.29806327723041],[142.70462036100002,-27.29792976323038],[142.70480346700003,-27.29767990023042],[142.70486450200008,-27.29760742123038],[142.70487976100003,-27.29759406923038],[142.7048950200001,-27.297578811230427],[142.70491027800006,-27.297550200230425],[142.70503234900002,-27.29742240823042],[142.70513916000004,-27.29729652323038],[142.70524597200006,-27.297170638230384],[142.70535278300008,-27.29704475323041],[142.70547485400004,-27.296918868230417],[142.70558166500007,-27.296791076230424],[142.7056427000001,-27.296718596230388],[142.70565795900006,-27.296697616230407],[142.70567321800002,-27.296682357230402],[142.70568847700008,-27.29666137623042],[142.70578002900004,-27.296522140230433],[142.70585632300003,-27.29638099623044],[142.7059478760001,-27.296243667230392],[142.70603942900004,-27.29610252323041],[142.70619201700003,-27.295846938230422],[142.7062835690001,-27.29570579423042],[142.7062835690001,-27.295696258230436],[142.70629882800006,-27.295688628230465],[142.70637512200005,-27.29557037323044],[142.70648193400007,-27.29543495123042],[142.7065887450001,-27.29530143623046],[142.70668029800004,-27.29516792223044],[142.70678710900006,-27.29503250023047],[142.706878662,-27.294897078230445],[142.70698547400002,-27.294763564230486],[142.7070770260001,-27.294628142230447],[142.7071838380001,-27.294498443230445],[142.70727539100005,-27.294370650230466],[142.70738220200008,-27.294235228230498],[142.70747375500002,-27.294101714230457],[142.70758056600005,-27.293968200230438],[142.7076721190001,-27.293834685230486],[142.70777893100012,-27.293701171230456],[142.70787048300008,-27.293565749230492],[142.7079772950001,-27.29343032723046],[142.70808410600011,-27.29329490623048],[142.70817565900006,-27.293165206230487],[142.70828247100008,-27.293027877230507],[142.70837402300003,-27.292892455230476],[142.70848083500005,-27.292755126230507],[142.7085723880001,-27.292621612230466],[142.70867919900002,-27.292484282230497],[142.70878601100003,-27.29234886123052],[142.7088775630001,-27.29221343923051],[142.7089843750001,-27.292076110230514],[142.709091187,-27.291942595230513],[142.70918273900008,-27.291805266230526],[142.7092895510001,-27.291667937230482],[142.70938110400004,-27.291534423230527],[142.70948791500007,-27.2913990012305],[142.70959472700008,-27.2912693012305],[142.70968627900004,-27.291137694230528],[142.70979309100005,-27.2910003652305],[142.7098846440001,-27.290861129230507],[142.70999145500002,-27.29072952223055],[142.71009826700003,-27.29059410023053],[142.7101898190001,-27.29045677123055],[142.71029663100012,-27.290321349230524],[142.71038818400007,-27.290185927230556],[142.7104949950001,-27.29004859823052],[142.7106018070001,-27.289911269230537],[142.710708618,-27.289773940230553],[142.71080017100007,-27.28964042623053],[142.7109069820001,-27.289505004230563],[142.71099853500004,-27.289371489230554],[142.71110534700006,-27.28923416023057],[142.71121215800008,-27.289094924230586],[142.71130371100003,-27.28896331723056],[142.71141052200005,-27.288829802230552],[142.7115020750001,-27.288700103230543],[142.711608887,-27.288566588230577],[142.71170043900008,-27.28843116723056],[142.7118072510001,-27.28829956023059],[142.71189880400004,-27.288162230230576],[142.71200561500007,-27.288024901230585],[142.712097168,-27.287889480230607],[142.71220397900004,-27.28775405823058],[142.71231079100005,-27.287620543230574],[142.7124023440001,-27.287488936230613],[142.71250915500002,-27.2873554222306],[142.71260070800008,-27.287225722230584],[142.7127075200001,-27.287092208230618],[142.71279907200005,-27.286956786230604],[142.71290588400007,-27.286819457230617],[142.712997437,-27.2866878502306],[142.71310424800004,-27.28655815023061],[142.7131958010001,-27.286422728230637],[142.71330261200012,-27.286291121230622],[142.71339416500007,-27.286157607230606],[142.71350097700008,-27.286026000230642],[142.71359252900004,-27.285894393230638],[142.7136840820001,-27.28576469323063],[142.7137908940001,-27.285627364230645],[142.71389770500002,-27.285490035230616],[142.71398925800008,-27.28535652123066],[142.7140960690001,-27.285221099230633],[142.71420288100012,-27.285085677230658],[142.71429443400007,-27.28494834823062],[142.7144012450001,-27.284811019230638],[142.7145080570001,-27.284675597230663],[142.714691162,-27.28441619823066],[142.71479797400002,-27.284282683230646],[142.7148895260001,-27.284143447230647],[142.71490478500004,-27.28412818823064],[142.7149200440001,-27.284114837230632],[142.7149200440001,-27.28410339323065],[142.714950562,-27.284078597230653],[142.7149963380001,-27.284009932230635],[142.71510314900002,-27.283870696230643],[142.71520996100003,-27.28373527423068],[142.7153015140001,-27.283597945230632],[142.7154083250001,-27.283466338230696],[142.71549987800006,-27.283329009230634],[142.71560668900008,-27.28319930923065],[142.71569824200003,-27.283067702230692],[142.7157135010001,-27.283042907230694],[142.7157440190001,-27.283018111230696],[142.71575927700007,-27.282995223230657],[142.71580505400004,-27.28293609523068],[142.71591186500007,-27.28280258123066],[142.716003418,-27.28266525223067],[142.71609497100008,-27.282535552230666],[142.7162017820001,-27.28239822323069],[142.7163085940001,-27.282260894230713],[142.71640014600007,-27.282125472230685],[142.71650695800008,-27.281988143230706],[142.7166137700001,-27.281850814230676],[142.71670532200005,-27.28171348523069],[142.71681213400007,-27.281576156230717],[142.7169189450001,-27.281440734230685],[142.71701049800004,-27.281307219230722],[142.7171020510001,-27.281175612230722],[142.71720886200012,-27.281042098230685],[142.71730041500007,-27.28091049123074],[142.71740722700008,-27.280775069230707],[142.7175140380001,-27.280647277230702],[142.71760559100005,-27.280515670230702],[142.71771240200007,-27.28038024823074],[142.71780395500002,-27.280248641230717],[142.71789550800008,-27.280115127230754],[142.7180023190001,-27.27998161223073],[142.71809387200005,-27.27984428323076],[142.71820068400007,-27.279712676230748],[142.71829223600002,-27.279577254230727],[142.71839904800004,-27.27944564723076],[142.7184906010001,-27.279314040230748],[142.718597412,-27.279176711230782],[142.71870422400002,-27.279041289230744],[142.7187500000001,-27.278964995230755],[142.71878051800002,-27.278942107230776],[142.7187957760001,-27.278905868230765],[142.7189025880001,-27.278768538230743],[142.71900939900002,-27.27863311723076],[142.71910095200008,-27.27849769523074],[142.7192077640001,-27.278362273230776],[142.7193145750001,-27.27822494423078],[142.71940612800006,-27.278093337230786],[142.71951293900008,-27.277956008230788],[142.71960449200003,-27.27782058623077],[142.71971130400004,-27.277683257230787],[142.71981811500007,-27.277545928230754],[142.719909668,-27.27740859923077],[142.72001647900004,-27.2772712702308],[142.72012329100005,-27.277137755230775],[142.72030639600007,-27.276884078230797],[142.72041320800008,-27.27674865623076],[142.72050476100003,-27.276611327230796],[142.72061157200005,-27.276473998230813],[142.72071838400007,-27.276338576230774],[142.720809937,-27.2762012472308],[142.72091674800004,-27.276063918230815],[142.72102356000005,-27.2759284962308],[142.72111511200012,-27.27579116723081],[142.72122192400002,-27.275661468230805],[142.72131347700008,-27.27552413823083],[142.7214202880001,-27.275388717230804],[142.72152710000012,-27.275251388230817],[142.72161865200007,-27.275115966230846],[142.7217254640001,-27.27498245123084],[142.72181701700003,-27.27484703023086],[142.72192382800006,-27.27471351523084],[142.72203064000007,-27.27457809323082],[142.72212219200003,-27.274442672230837],[142.72222900400004,-27.274307250230873],[142.72233581500006,-27.274171828230855],[142.722427368,-27.274036406230874],[142.72253418000003,-27.27390098523084],[142.7226257320001,-27.273769378230828],[142.7227325440001,-27.273633956230857],[142.72282409700006,-27.273500442230837],[142.72293090800008,-27.27336883423083],[142.72302246100003,-27.273235320230864],[142.72312927200005,-27.273099898230836],[142.7232208250001,-27.27296829123089],[142.723327637,-27.272834777230866],[142.72343444800003,-27.272697448230886],[142.7235260010001,-27.27256202623086],[142.72363281200012,-27.27242851223089],[142.7236785890001,-27.272352218230886],[142.72372436500007,-27.272296905230878],[142.723815918,-27.272165297230874],[142.72392272900004,-27.272033690230863],[142.7240142820001,-27.271900176230893],[142.7241210940001,-27.27176856923089],[142.72421264600007,-27.271636962230875],[142.72431945800008,-27.271501540230915],[142.72441101100003,-27.271368026230885],[142.72451782200005,-27.27123451123093],[142.7246093750001,-27.271100997230906],[142.724716187,-27.270967483230933],[142.72480773900008,-27.27083396823092],[142.7249145510001,-27.27069854623089],[142.72502136200012,-27.27056312523091],[142.72511291500007,-27.27042579623093],[142.72531127900004,-27.27017402523091],[142.72537231400008,-27.27007293623092],[142.72538757300003,-27.270067214230956],[142.7254028320001,-27.270048140230926],[142.7254028320001,-27.270038604230937],[142.72549438500005,-27.269897460230943],[142.72558593700012,-27.269756316230943],[142.72567749000007,-27.269615172230964],[142.725769043,-27.26947784323092],[142.725845337,-27.26933860723093],[142.72593689000007,-27.269199370230947],[142.72602844200003,-27.269062041230963],[142.7261199950001,-27.268922805230968],[142.72621154800004,-27.26878738323095],[142.72628784200003,-27.268646239230947],[142.7263793950001,-27.268508910230967],[142.72647094700005,-27.268365859230972],[142.7265625000001,-27.268228530230978],[142.72665405300006,-27.268087386230988],[142.72674560500002,-27.267950057230944],[142.72682189900002,-27.267812728230975],[142.72691345200008,-27.26767539923099],[142.72700500500002,-27.267534255230984],[142.72709655800008,-27.267395019231],[142.72718811000004,-27.267251967230997],[142.72726440400004,-27.267116546230962],[142.7273559570001,-27.26697921723099],[142.72744751000005,-27.26683998023101],[142.72753906200012,-27.266698836231008],[142.72763061500007,-27.26655769223102],[142.727722168,-27.266416549231018],[142.72781372100008,-27.266273498231],[142.72789001500007,-27.26614761323102],[142.72798156700003,-27.266006469231023],[142.7280731200001,-27.265863418231017],[142.72816467300004,-27.26572036623102],[142.7282562260001,-27.26558113023102],[142.72834777800006,-27.265443801230994],[142.72842407200005,-27.26530456423101],[142.7285156250001,-27.265161513230996],[142.72860717800006,-27.265018462231],[142.72869873000002,-27.264884948231032],[142.72879028300008,-27.26474380423104],[142.72888183600003,-27.264604567231046],[142.7289733890001,-27.26446342423105],[142.72906494100005,-27.26432418723101],[142.72914123500004,-27.264184951231027],[142.7292327880001,-27.26404380723102],[142.72932434100005,-27.263906478231043],[142.7294158940001,-27.26376533423105],[142.72950744600007,-27.26362228323103],[142.72959899900002,-27.263479232231035],[142.72969055200008,-27.263339995231053],[142.72976684600008,-27.263204574231068],[142.72985839800003,-27.263061522231077],[142.7299499510001,-27.262920379231076],[142.73004150400004,-27.262781142231102],[142.7301330570001,-27.26263809123108],[142.73022460900006,-27.26249504023108],[142.730316162,-27.262355803231095],[142.73040771500007,-27.26221466023109],[142.73049926800002,-27.2620735162311],[142.7305908200001,-27.26193237223111],[142.73068237300004,-27.26178932123109],[142.7307739260001,-27.261650084231057],[142.7308502200001,-27.2615070332311],[142.73095703100012,-27.26136589023111],[142.7310333250001,-27.26122856023107],[142.73112487800006,-27.261085509231062],[142.73121643100012,-27.260942458231124],[142.73138427700007,-27.260683059231106],[142.73143005400004,-27.26060485723112],[142.73144531200012,-27.260583877231127],[142.73146057100007,-27.26056480323111],[142.73147583000002,-27.26054382223113],[142.73156738300008,-27.26040267823113],[142.73165893600003,-27.26025962723112],[142.7317504880001,-27.260120391231133],[142.73184204100005,-27.25997924723114],[142.7319335940001,-27.25983619623113],[142.7320098880001,-27.25969886723109],[142.73210144000006,-27.259555816231135],[142.732192993,-27.259412765231144],[142.73228454600007,-27.25927162123115],[142.73237609900002,-27.259130477231153],[142.7324676510001,-27.258989333231156],[142.73255920400004,-27.258848189231166],[142.73281860400004,-27.25843048023114],[142.73291015600012,-27.258291244231145],[142.73300170900006,-27.258150100231155],[142.733093262,-27.258010863231167],[142.73318481400008,-27.25786781223115],[142.73327636700003,-27.257726668231168],[142.7333679200001,-27.25758552523117],[142.7334442140001,-27.257450103231143],[142.73353576700003,-27.25730705223119],[142.7336273190001,-27.257165908231197],[142.73371887200005,-27.257026671231152],[142.73381042500012,-27.25688362023115],[142.73390197800006,-27.256744384231155],[142.73399353000002,-27.256605147231173],[142.73408508300008,-27.256462096231164],[142.73417663600003,-27.25632476723119],[142.73425293000003,-27.25618553123119],[142.7343444820001,-27.256042479231205],[142.73443603500004,-27.2559013362312],[142.7345275880001,-27.2557601922312],[142.73461914100005,-27.25561904823121],[142.734710693,-27.25547599723121],[142.73480224600007,-27.255334853231208],[142.73489379900002,-27.255193709231204],[142.73498535200008,-27.25505256623121],[142.73507690400004,-27.254911422231217],[142.73515319800003,-27.254772185231236],[142.7352447510001,-27.254631041231228],[142.73533630400004,-27.254495620231197],[142.73542785600011,-27.254356383231208],[142.73551940900006,-27.25421714723122],[142.735610962,-27.254074096231218],[142.73570251500007,-27.253932952231214],[142.73579406700003,-27.253793715231232],[142.73587036100002,-27.253660201231217],[142.7359619140001,-27.253524779231252],[142.73605346700003,-27.253385543231246],[142.7361450200001,-27.25324249223126],[142.73623657200005,-27.25310325523126],[142.73631286600005,-27.252960204231258],[142.7364044190001,-27.252819060231257],[142.73649597200006,-27.252677916231274],[142.73658752400002,-27.25253677323127],[142.73667907700008,-27.25239372223126],[142.73677063000002,-27.252252578231268],[142.73686218300008,-27.252109527231262],[142.73695373500004,-27.25197029023128],[142.7370452880001,-27.25182723923127],[142.73713684100005,-27.251689910231295],[142.73721313500005,-27.251550673231257],[142.73730468700012,-27.251411437231262],[142.73739624000007,-27.251272201231274],[142.737487793,-27.251129149231268],[142.73757934600008,-27.25098800623126],[142.73767089800003,-27.250846862231267],[142.7377624510001,-27.25070953323129],[142.73785400400004,-27.250566482231278],[142.7379455570001,-27.250423430231287],[142.7380218510001,-27.25028228723129],[142.73811340300006,-27.25014114323129],[142.73820495600012,-27.249998092231284],[142.73829650900007,-27.24985694823129],[142.738388062,-27.249717711231302],[142.73847961400008,-27.249578475231324],[142.73857116700003,-27.249439239231315],[142.73883056600005,-27.249031066231346],[142.7388458250001,-27.249002456231338],[142.73887634300002,-27.248964309231337],[142.73889160200008,-27.248939513231342],[142.73890686000004,-27.24891281023134],[142.7389221190001,-27.248888015231334],[142.73893737800006,-27.24885940523131],[142.73896789600008,-27.24881935023133],[142.73898315400004,-27.24878883323135],[142.73901367200006,-27.24874687123135],[142.73902893100012,-27.24870300223132],[142.73904418900008,-27.248691558231325],[142.73905944800003,-27.248672484231303],[142.73908996600005,-27.24863815223132],[142.73910522500012,-27.248609542231303],[142.73921203600003,-27.24847412023134],[142.73927307100007,-27.248394011231326],[142.73928833000002,-27.248371123231337],[142.7393035890001,-27.248355864231335],[142.73931884800004,-27.24834060623131],[142.73939514200003,-27.24823188723135],[142.7394104000001,-27.248205184231352],[142.739517212,-27.248069762231328],[142.73962402300003,-27.247936248231355],[142.7397155760001,-27.24780273323134],[142.7398223880001,-27.247669219231376],[142.73992919900002,-27.24753570523134],[142.74002075200008,-27.247400283231375],[142.7401275630001,-27.24726295423134],[142.7402343750001,-27.24712943923139],[142.74032592800006,-27.246992110231346],[142.74043273900008,-27.24685859623138],[142.7405395510001,-27.246725081231368],[142.74063110400004,-27.24659538223135],[142.74073791500007,-27.246459960231395],[142.74082946800002,-27.24632835323137],[142.7410278320001,-27.246078490231373],[142.74111938500005,-27.245943068231394],[142.74122619600007,-27.245811461231384],[142.74128723100011,-27.24572563123138],[142.74130249000007,-27.245708465231377],[142.74131774900002,-27.24569892823138],[142.74133300800008,-27.245683669231376],[142.74145507800006,-27.24556350623137],[142.74157714800003,-27.245447158231418],[142.7416992190001,-27.245330810231422],[142.74183654800004,-27.24521255423141],[142.741958618,-27.245094298231404],[142.7420806880001,-27.24497413523139],[142.74220275900007,-27.244853972231425],[142.7423400880001,-27.244735717231407],[142.74246215800008,-27.244619369231405],[142.74258422900004,-27.24450302023141],[142.74270629900002,-27.244388579231426],[142.7428283690001,-27.24427223123142],[142.74295043900008,-27.2441520682314],[142.74307251000005,-27.244037627231414],[142.74319458000002,-27.243921279231404],[142.7433166500001,-27.243804931231413],[142.74343872100008,-27.24369049023141],[142.74357605000012,-27.2435722342314],[142.7436981200001,-27.24345207123144],[142.74382019000006,-27.243337630231455],[142.74394226100003,-27.24322318923146],[142.74406433100012,-27.243106841231462],[142.7441864010001,-27.242990493231453],[142.74430847200006,-27.24287223723146],[142.74443054200003,-27.24275588923144],[142.74455261200012,-27.24264717023142],[142.74476623500004,-27.24243545423145],[142.7447814940001,-27.242424010231474],[142.74479675300006,-27.242404937231427],[142.74487304700006,-27.24230003323149],[142.74496460000012,-27.24216461123146],[142.74505615200007,-27.242023467231455],[142.74514770500002,-27.241882323231476],[142.74523925800008,-27.24174117923148],[142.74533081100003,-27.24160003623147],[142.7454223630001,-27.24145698423147],[142.74551391600005,-27.241315841231465],[142.7456054690001,-27.241176604231484],[142.74569702100007,-27.24103927523151],[142.74578857400002,-27.240896224231506],[142.74588012700008,-27.24075317323149],[142.74597168000003,-27.24061393623151],[142.7460632320001,-27.24047851523148],[142.74615478500004,-27.240335463231478],[142.7462463380001,-27.2401981342315],[142.74633789100005,-27.240056991231484],[142.746429443,-27.239917754231513],[142.74652099600007,-27.239778518231528],[142.74661254900002,-27.239637374231528],[142.74670410200008,-27.23949813723148],[142.74679565400004,-27.239360808231513],[142.7468872070001,-27.239225387231528],[142.74697876000005,-27.23908424323153],[142.74707031200012,-27.23894309923153],[142.74716186500007,-27.238800048231525],[142.747253418,-27.238656997231526],[142.74734497100008,-27.238517760231534],[142.7474517820001,-27.238376616231555],[142.74754333500005,-27.23823547323153],[142.7476348880001,-27.238094329231544],[142.74772644000006,-27.23795509223157],[142.747817993,-27.23781394923156],[142.74790954600007,-27.23767280523156],[142.7480163570001,-27.23749160723156],[142.74803161600005,-27.23748588523154],[142.74803161600005,-27.237476348231553],[142.74806213400007,-27.23741149823156],[142.748153687,-27.23726463223153],[142.74822998000002,-27.237115859231555],[142.74830627400002,-27.236967086231584],[142.748382568,-27.236818313231552],[142.74844360400004,-27.236675261231557],[142.74851989700005,-27.236528396231577],[142.74859619100005,-27.236383437231574],[142.7486877440001,-27.236234664231592],[142.7487640380001,-27.23608589123157],[142.7488403320001,-27.235937118231586],[142.74890136700003,-27.2357959742316],[142.74897766100003,-27.23565292323159],[142.74905395500002,-27.235513686231602],[142.74913024900002,-27.235370635231607],[142.74919128400006,-27.235256194231614],[142.74919128400006,-27.235244750231615],[142.749206543,-27.235233306231567],[142.749206543,-27.2352275842316],[142.74926757800006,-27.235076903231615],[142.7493286130001,-27.234928130231587],[142.74938964800003,-27.234777450231597],[142.74945068400007,-27.23462486223162],[142.7495117190001,-27.234474181231576],[142.74957275400004,-27.234323501231586],[142.7496337890001,-27.2341709132316],[142.74969482400002,-27.23402023223163],[142.74975585900006,-27.23386955223164],[142.7498168950001,-27.233716964231586],[142.7498931880001,-27.233564376231605],[142.74995422400002,-27.233413695231622],[142.75001525900007,-27.23326301523164],[142.7500762940001,-27.23311042723165],[142.75013732900004,-27.232961654231612],[142.75019836400008,-27.232807158231616],[142.75025939900002,-27.23265266323162],[142.75032043500005,-27.232498168231626],[142.75039672900004,-27.23234367323163],[142.7504577640001,-27.232194900231647],[142.75051879900002,-27.232040404231658],[142.75057983400006,-27.23188781623167],[142.7506408690001,-27.23173713623168],[142.75070190400004,-27.231584548231638],[142.75076293900008,-27.231428145231632],[142.75082397500012,-27.231275557231644],[142.7509002690001,-27.23112106223164],[142.75096130400004,-27.23096656723164],[142.7510223390001,-27.23081207223169],[142.75108337400002,-27.230659484231655],[142.75114440900006,-27.230504989231658],[142.7512054440001,-27.23035812323169],[142.75126647900004,-27.230203628231692],[142.75132751500007,-27.230051040231693],[142.75144958500005,-27.22978019623171],[142.75149536100002,-27.229656218231682],[142.7515106200001,-27.229640960231716],[142.7515106200001,-27.229625701231708],[142.7515106200001,-27.22961807223173],[142.7515106200001,-27.22960853523168],[142.7515106200001,-27.229593276231675],[142.75152587900004,-27.229492187231674],[142.75152587900004,-27.229463576231673],[142.75152587900004,-27.22945404023168],[142.75152587900004,-27.229433059231713],[142.7515411380001,-27.229410171231716],[142.7515411380001,-27.229400634231677],[142.7515411380001,-27.22936820923171],[142.75155639600007,-27.229177474231726],[142.7515869140001,-27.22901344223169],[142.7515869140001,-27.22897148023173],[142.7515869140001,-27.228937148231694],[142.7515869140001,-27.22892761123171],[142.7515869140001,-27.228919982231723],[142.7515869140001,-27.228899001231692],[142.75160217300004,-27.228874206231687],[142.75160217300004,-27.228864669231708],[142.75160217300004,-27.228851317231715],[142.75160217300004,-27.228809356231682],[142.75160217300004,-27.228790282231728],[142.75160217300004,-27.228776931231717],[142.75164794900002,-27.228525161231744],[142.75166320800008,-27.228361129231708],[142.75167846700003,-27.22819900423173],[142.75170898400006,-27.228036879231706],[142.751724243,-27.227872848231705],[142.75173950200008,-27.22771263023175],[142.7517700200001,-27.227550506231715],[142.75178527800006,-27.22738647423174],[142.751800537,-27.227224349231754],[142.75183105500003,-27.22706031723172],[142.7518463130001,-27.22689819223175],[142.75186157200005,-27.226736068231773],[142.75187683100012,-27.22657203623179],[142.75189209000007,-27.226409911231755],[142.7519226070001,-27.226245879231776],[142.75193786600005,-27.226081847231782],[142.7519531250001,-27.22591972323176],[142.75198364300002,-27.225757598231777],[142.7519989010001,-27.22559547323175],[142.75201416000004,-27.22543144123177],[142.75204467800006,-27.225269317231792],[142.752059937,-27.225105285231795],[142.7520751950001,-27.22494316023177],[142.7521057130001,-27.224781035231803],[142.75212097200006,-27.22465324323181],[142.75212097200006,-27.22463226223178],[142.75212097200006,-27.22461891123181],[142.75212097200006,-27.224599837231807],[142.75216674800004,-27.22446441623183],[142.75221252400002,-27.22430610623181],[142.75224304200003,-27.224149703231806],[142.752288818,-27.223993300231797],[142.7523345950001,-27.22383499023179],[142.75238037100007,-27.22367858823182],[142.75242614700005,-27.223522185231833],[142.75247192400002,-27.22336387523181],[142.75250244100005,-27.223209380231815],[142.75254821800002,-27.2230529782318],[142.7525939940001,-27.222898482231805],[142.75263977100008,-27.2227439872318],[142.7526702880001,-27.222589492231805],[142.75271606400008,-27.222434997231865],[142.75276184100005,-27.222276687231847],[142.75280761700003,-27.222120284231842],[142.7528533940001,-27.221963881231844],[142.7528991700001,-27.221805572231876],[142.75294494600007,-27.22164916923186],[142.7529754640001,-27.221492766231865],[142.75302124000007,-27.221336364231863],[142.75306701700003,-27.22118377623187],[142.753112793,-27.22103118823188],[142.7531585690001,-27.220878600231902],[142.753189087,-27.220726012231843],[142.7532348630001,-27.2205677022319],[142.75328064000007,-27.2204132072319],[142.75332641600005,-27.220260619231887],[142.75337219200003,-27.220106124231897],[142.75340271000005,-27.219953536231905],[142.75344848600002,-27.21980094823186],[142.7534942630001,-27.2196426382319],[142.7535400390001,-27.21948623623189],[142.75358581500006,-27.219326018231868],[142.75361633300008,-27.219169616231913],[142.75366210900006,-27.219017028231868],[142.75370788600003,-27.218862533231935],[142.753753662,-27.218708037231885],[142.7537994380001,-27.2185554492319],[142.75382995600012,-27.218397140231932],[142.7538757320001,-27.218244552231933],[142.75392150900007,-27.218091964231895],[142.75396728500004,-27.2179374682319],[142.75399780300006,-27.2177848812319],[142.75404357900004,-27.217630385231903],[142.75408935500002,-27.21747589023191],[142.7541351320001,-27.217323302231915],[142.75418090800008,-27.217166900231913],[142.7542114260001,-27.217012404231923],[142.75425720200008,-27.21685409423196],[142.75430297900004,-27.21669769223194],[142.75434875500002,-27.21654128923195],[142.75439453100012,-27.216382979231927],[142.75444030800008,-27.21622466923197],[142.75448608400006,-27.21606635923196],[142.75451660200008,-27.215913772231954],[142.75456237800006,-27.21575736923195],[142.75460815400004,-27.215597152231993],[142.75465393100012,-27.21544074923198],[142.7546997070001,-27.215282439231967],[142.75474548300008,-27.215124129231953],[142.75476074200003,-27.21507453823197],[142.75476074200003,-27.21504783523196],[142.7547760010001,-27.215011596231957],[142.75479126000005,-27.214969634231952],[142.75483703600003,-27.21481704623197],[142.75486755400004,-27.214654921231993],[142.75491333000002,-27.214500426231993],[142.75500488300008,-27.21420288023199],[142.75500488300008,-27.21417045523201],[142.75502014200003,-27.21413421523196],[142.75502014200003,-27.214113234232002],[142.75502014200003,-27.214092254232003],[142.7550354000001,-27.214048385231983],[142.75505065900006,-27.213994979231973],[142.755065918,-27.213973998232003],[142.755065918,-27.213953017232022],[142.755065918,-27.21393203623198],[142.75508117700008,-27.21389198223199],[142.75512695300006,-27.21373367223202],[142.75517272900004,-27.213573455231998],[142.75521850600012,-27.213417052231993],[142.7552642820001,-27.213256835232023],[142.75531005900007,-27.213098525232006],[142.7553405760001,-27.212938308232047],[142.75538635300006,-27.21277999823203],[142.75543212900004,-27.21262359523202],[142.75547790500002,-27.212467193232012],[142.7555236820001,-27.21231079023201],[142.75556945800008,-27.212150573232037],[142.7555999760001,-27.211992263232023],[142.75561523400006,-27.211957931232032],[142.75564575200008,-27.211833953232006],[142.75569152800006,-27.211679458232066],[142.75573730500003,-27.211521148232052],[142.75578308100012,-27.211360930232043],[142.7558288570001,-27.211202620232022],[142.75587463400007,-27.21104240323206],[142.75592041000004,-27.210886001232044],[142.75595092800006,-27.210725783232075],[142.75599670400004,-27.210565566232056],[142.75604248000002,-27.210411071232052],[142.7560882570001,-27.210254668232047],[142.75613403300008,-27.2100963582321],[142.75617981000005,-27.209936141232056],[142.75622558600003,-27.209777831232056],[142.75625610400004,-27.209617614232076],[142.75630188000002,-27.20945739623206],[142.75634765600012,-27.209299087232104],[142.75639343300008,-27.209138869232074],[142.75643920900006,-27.208978652232105],[142.75648498500004,-27.2088203422321],[142.756530762,-27.20866012523212],[142.75660705600012,-27.20836448623213],[142.7566528320001,-27.208211898232086],[142.75666809100005,-27.20816421423211],[142.75666809100005,-27.20815658523212],[142.75666809100005,-27.208145141232134],[142.75671386700003,-27.208057403232086],[142.75679016100003,-27.207906722232106],[142.75685119600007,-27.207754134232125],[142.75692749000007,-27.207603454232128],[142.75700378400006,-27.207454680232104],[142.7570648190001,-27.207304000232128],[142.7571411130001,-27.207155227232157],[142.7572174070001,-27.207006453232133],[142.75727844200003,-27.20685768023214],[142.75735473600002,-27.206708907232112],[142.75741577100007,-27.206560134232152],[142.75749206500006,-27.206411361232163],[142.7575531010001,-27.206264495232144],[142.75761413600003,-27.20613479523215],[142.75769043000003,-27.20598602223216],[142.75773620600012,-27.20588684023213],[142.75773620600012,-27.20587730323216],[142.75775146500007,-27.205867766232174],[142.75776672400002,-27.20583915623215],[142.7578582760001,-27.205699920232163],[142.7579345700001,-27.205562591232177],[142.75802612300004,-27.205423354232135],[142.7581176760001,-27.205280303232144],[142.75820922900004,-27.20514106723214],[142.75828552200005,-27.20500564523218],[142.7583770750001,-27.204860686232163],[142.75846862800006,-27.204719542232173],[142.75856018100012,-27.204578399232165],[142.75865173300008,-27.204437255232172],[142.75872802700007,-27.204299926232192],[142.75881958000002,-27.204160689232204],[142.75891113300008,-27.204017638232195],[142.75900268600003,-27.203874587232193],[142.7590942380001,-27.2037334432322],[142.7591705320001,-27.203594207232207],[142.75926208500005,-27.20345306323221],[142.7593536380001,-27.203311919232217],[142.75944519000006,-27.20316886823222],[142.759536743,-27.203031539232235],[142.759613037,-27.202892302232193],[142.75970459000007,-27.20275115923218],[142.75979614300002,-27.202610015232185],[142.7598876950001,-27.20247459323223],[142.75996398900008,-27.202337264232238],[142.76005554200003,-27.202196120232195],[142.7601470950001,-27.2020549762322],[142.7602233890001,-27.20191764723222],[142.76031494100005,-27.20177841123222],[142.7604064940001,-27.201635360232217],[142.76049804700006,-27.201498031232244],[142.76058960000012,-27.20135497923224],[142.7606658940001,-27.201215743232247],[142.76094055200008,-27.20080184823226],[142.76101684600008,-27.200658797232236],[142.76110839800003,-27.200517653232247],[142.7611999510001,-27.200376510232243],[142.76129150400004,-27.20023918123226],[142.7613830570001,-27.20009612923227],[142.7614593510001,-27.19995880023229],[142.76155090300006,-27.19981765623229],[142.76164245600012,-27.199676513232298],[142.76173400900007,-27.199537276232252],[142.76181030300006,-27.199398040232257],[142.76190185500002,-27.199262618232293],[142.76199340800008,-27.199121474232292],[142.76208496100003,-27.198978423232283],[142.76216125500002,-27.1988391872323],[142.76225280800008,-27.19870185823231],[142.76234436000004,-27.198558806232317],[142.7624359130001,-27.198421477232277],[142.7625122070001,-27.198284148232297],[142.76260376000005,-27.198143004232307],[142.76269531200012,-27.198003768232322],[142.76277160600011,-27.197866439232282],[142.76286315900006,-27.197727202232294],[142.762954712,-27.1975860592323],[142.76304626500007,-27.197446822232312],[142.76313781700003,-27.197307586232313],[142.76321411100002,-27.197170257232333],[142.7633056640001,-27.19702911323234],[142.76339721700003,-27.19688796923235],[142.7634887700001,-27.196743010232343],[142.76358032200005,-27.196607589232304],[142.76365661600005,-27.196464538232345],[142.76368713400007,-27.196432113232323],[142.76368713400007,-27.196414947232352],[142.76370239300002,-27.196399688232354],[142.7637481690001,-27.19632339423235],[142.76383972200006,-27.196184157232317],[142.76399231000005,-27.195928573232315],[142.76408386200012,-27.195791244232343],[142.76417541500007,-27.195648192232337],[142.76426696800002,-27.195510863232368],[142.764343262,-27.195375442232326],[142.76443481400008,-27.195238112232353],[142.76452636700003,-27.195098876232368],[142.76460266100003,-27.194961547232385],[142.7646942140001,-27.194820403232395],[142.76478576700003,-27.194683074232355],[142.76486206100003,-27.194543838232356],[142.76504516600005,-27.194261550232373],[142.7651367190001,-27.194120406232376],[142.76522827100007,-27.193979262232386],[142.76531982400002,-27.193836211232377],[142.76541137700008,-27.193693160232375],[142.76548767100007,-27.193550109232362],[142.76557922400002,-27.193407058232424],[142.7656707760001,-27.193262099232413],[142.76576232900004,-27.193119048232393],[142.7658538820001,-27.192975997232395],[142.76594543500005,-27.192834853232412],[142.76603698700012,-27.192691802232396],[142.76612854000007,-27.192546843232396],[142.76622009300002,-27.19240570023238],[142.766296387,-27.192258834232412],[142.76638793900008,-27.192117690232415],[142.76647949200003,-27.191970824232403],[142.7665710450001,-27.19182968023241],[142.76666259800004,-27.191686629232404],[142.7667541500001,-27.19154357823246],[142.76684570300006,-27.191400527232446],[142.76693725600012,-27.191257476232437],[142.76702880900007,-27.191114425232435],[142.76712036100002,-27.19096946623242],[142.7672119140001,-27.19082641523241],[142.76730346700003,-27.190683364232473],[142.76737976100003,-27.190542220232423],[142.7674713130001,-27.19040107623242],[142.76756286600005,-27.190261840232434],[142.7676544190001,-27.190120696232437],[142.7677307130001,-27.18998336723245],[142.76782226600005,-27.189844130232476],[142.767913818,-27.189704894232488],[142.76800537100007,-27.189563750232484],[142.76808166500007,-27.18942451423244],[142.76817321800002,-27.189285277232454],[142.76826477100008,-27.18914413423245],[142.76835632300003,-27.189004897232476],[142.7686004640001,-27.18860435423246],[142.76869201700003,-27.188463210232463],[142.7687835690001,-27.188323974232475],[142.7688598630001,-27.18818283023249],[142.76895141600005,-27.188043593232496],[142.7690429690001,-27.18790245023249],[142.76913452100007,-27.187765120232477],[142.76922607400002,-27.187623977232523],[142.769302368,-27.18748474023248],[142.76939392100007,-27.187345504232496],[142.76948547400002,-27.18720626723251],[142.7695770260001,-27.187065124232507],[142.7696533200001,-27.1869239802325],[142.76974487300004,-27.186782836232506],[142.7698364260001,-27.186643599232532],[142.76992797900004,-27.186508178232486],[142.77000427200005,-27.186365127232545],[142.7700958250001,-27.18622207523256],[142.77018737800006,-27.18608093223254],[142.77027893100012,-27.185937880232544],[142.77037048300008,-27.185796737232543],[142.77046203600003,-27.185657500232562],[142.77053833000002,-27.185518264232503],[142.77062988300008,-27.18537902723254],[142.77072143600003,-27.18524169823255],[142.77079772900004,-27.185104369232572],[142.7708892820001,-27.18496704023253],[142.77098083500005,-27.184827804232533],[142.7710723880001,-27.184686660232547],[142.7711486820001,-27.18454551623256],[142.77124023400006,-27.184402465232537],[142.771331787,-27.184261321232544],[142.77142334000007,-27.18412017723255],[142.77151489300002,-27.183980941232562],[142.771591187,-27.183839797232565],[142.77168273900008,-27.183700561232577],[142.77177429200003,-27.183563231232608],[142.7718658450001,-27.18342208823261],[142.7719421390001,-27.18328094423261],[142.77203369100005,-27.18313980023262],[142.7721252440001,-27.18300056423256],[142.77221679700006,-27.18285751223257],[142.77230835000012,-27.182718276232578],[142.7723846440001,-27.18257522523263],[142.77247619600007,-27.182434081232568],[142.77256774900002,-27.18229675223259],[142.77265930200008,-27.182157515232614],[142.77275085400004,-27.182016372232603],[142.77282714800003,-27.181875228232606],[142.7729187010001,-27.181734084232613],[142.77301025400004,-27.181594848232628],[142.7731018070001,-27.181449889232617],[142.77319335900006,-27.181310653232632],[142.773284912,-27.181169509232625],[142.7733306880001,-27.181081771232638],[142.77336120600012,-27.18102836523264],[142.7737426760001,-27.180515288232645],[142.77386474600007,-27.18040084723266],[142.7740020750001,-27.18028831423261],[142.77412414600008,-27.18017387323263],[142.77426147500012,-27.180057525232613],[142.7743835450001,-27.179944991232627],[142.77450561500007,-27.17983055023265],[142.77453613300008,-27.179805755232643],[142.77455139200003,-27.179780959232662],[142.77458190900006,-27.179687499232642],[142.7746429440001,-27.17953300423264],[142.77470397900004,-27.179378509232638],[142.7747955320001,-27.179101943232688],[142.77485656700003,-27.17894554023268],[142.77485656700003,-27.178922652232675],[142.7748718260001,-27.17890167123265],[142.77496337900004,-27.17881393323266],[142.77507019000006,-27.17868614123265],[142.77519226100003,-27.17856216323269],[142.77529907200005,-27.17844009323267],[142.77542114300002,-27.178318023232695],[142.77552795400004,-27.17819595223267],[142.77565002400002,-27.17806816023267],[142.77571106000005,-27.177997588232692],[142.77575683600003,-27.177946090232684],[142.77581787100007,-27.177885055232714],[142.77587890600012,-27.17781829723271],[142.77592468300008,-27.177768706232666],[142.77598571800002,-27.17769622723267],[142.77604675300006,-27.177633285232677],[142.77609252900004,-27.177574157232705],[142.77621460000012,-27.177448272232716],[142.77642822300004,-27.177215575232726],[142.77647399900002,-27.177158355232688],[142.77653503400006,-27.17709159823269],[142.77664184600008,-27.17698669323269],[142.77664184600008,-27.17696952723272],[142.77665710400004,-27.1769523612327],[142.77671814000007,-27.17682075423269],[142.77679443400007,-27.176675796232722],[142.7768554690001,-27.176530837232722],[142.7769317630001,-27.1763858792327],[142.7770080570001,-27.176240920232694],[142.77706909200003,-27.176095962232736],[142.77714538600003,-27.175951003232726],[142.77720642100007,-27.175806045232708],[142.77728271500007,-27.17565917923274],[142.77735900900007,-27.175516128232736],[142.7774200440001,-27.17536926223271],[142.7774963380001,-27.175224303232774],[142.7775726320001,-27.17507553023273],[142.77763366700003,-27.17493057223277],[142.77777099600007,-27.174661635232738],[142.77783203100012,-27.174512862232753],[142.77784729000007,-27.174489974232767],[142.77787780800008,-27.174356460232744],[142.77789306600005,-27.17429733223277],[142.7779083250001,-27.17419815023274],[142.77792358400006,-27.174118041232767],[142.77793884300002,-27.174037932232775],[142.77796936000004,-27.173877715232745],[142.77799987800006,-27.17372131223274],[142.778015137,-27.173692702232785],[142.77803039600008,-27.173665999232785],[142.77807617200006,-27.173572539232758],[142.77816772500012,-27.173429488232763],[142.77825927700007,-27.17328453023279],[142.77835083000002,-27.1731414782328],[142.77842712400002,-27.173002242232755],[142.77851867700008,-27.172859191232806],[142.77861022900004,-27.172718047232816],[142.7787017820001,-27.172574996232807],[142.7787780760001,-27.17243766723277],[142.77886962900004,-27.17229843023278],[142.7789611820001,-27.172155379232777],[142.7790374760001,-27.172014235232783],[142.77912902800006,-27.171873092232776],[142.77922058100012,-27.171731948232786],[142.7792968750001,-27.171588897232834],[142.77938842800006,-27.171445846232835],[142.77947998000002,-27.171306609232786],[142.77957153300008,-27.171165465232793],[142.77964782700008,-27.171024322232853],[142.77973938000002,-27.170881270232794],[142.77983093300008,-27.17074012723285],[142.77990722700008,-27.170600890232798],[142.77999877900004,-27.170457839232853],[142.78007507300003,-27.170320510232823],[142.7801666260001,-27.170181273232842],[142.78025817900004,-27.170036315232817],[142.78034973100011,-27.16989517123283],[142.7804260250001,-27.169750213232867],[142.78051757800006,-27.169607161232864],[142.78060913100012,-27.169464110232855],[142.78070068400007,-27.169322967232862],[142.78077697800006,-27.169181823232865],[142.78086853000002,-27.169040679232864],[142.78112793000003,-27.168619155232886],[142.7812194820001,-27.168474196232882],[142.7812957760001,-27.168331145232877],[142.78138732900004,-27.168190001232876],[142.7814788820001,-27.168046950232874],[142.7815551760001,-27.167903899232865],[142.78164672900004,-27.167764663232866],[142.78173828100012,-27.16762351923288],[142.7818145750001,-27.167488097232916],[142.78190612800006,-27.167346953232922],[142.78199768100012,-27.16720390223291],[142.78207397500012,-27.1670608512329],[142.78216552700007,-27.166919707232896],[142.78233337400002,-27.166652678232918],[142.78239440900006,-27.166532515232916],[142.782409668,-27.166522979232926],[142.782409668,-27.166511535232925],[142.78242492700008,-27.166498183232928],[142.78242492700008,-27.166481017232908],[142.78244018600003,-27.166353225232907],[142.7824554440001,-27.16619300723289],[142.782485962,-27.1660289752329],[142.78250122100008,-27.16586685123293],[142.7825317380001,-27.16570854123291],[142.78254699700005,-27.165548324232944],[142.78257751500007,-27.16538810623293],[142.78259277300003,-27.165225982232954],[142.78262329100005,-27.165063857232916],[142.78263855000012,-27.16490364023295],[142.78266906700003,-27.164747237232945],[142.7826843260001,-27.164587020232915],[142.7827148440001,-27.164426803232953],[142.78273010300006,-27.16426658523293],[142.78274536100002,-27.164106368232968],[142.78277587900004,-27.16394615123293],[142.7827911380001,-27.163787841232978],[142.78282165500002,-27.163631438232972],[142.7828369140001,-27.163475036232956],[142.78285217300004,-27.163318633232958],[142.78288269000006,-27.163158416232985],[142.78289794900002,-27.162998198232973],[142.78292846700003,-27.162839889232952],[142.7829437260001,-27.162679671232986],[142.782974243,-27.162523269232988],[142.78298950200008,-27.162363051232973],[142.78300476100003,-27.16220092723297],[142.78303527800006,-27.162042617232967],[142.783050537,-27.161882400232994],[142.78308105500003,-27.161725997232992],[142.7830963130001,-27.16156196523301],[142.78312683100012,-27.161405562233004],[142.78314209000007,-27.161247252233],[142.78315734900002,-27.161085128232997],[142.78318786600005,-27.16092681823299],[142.7832031250001,-27.160768508233044],[142.78323364300002,-27.16060829123301],[142.7832489010001,-27.160448073232985],[142.7832794190001,-27.160284041233016],[142.78329467800006,-27.160120009233026],[142.7833251950001,-27.15995788523306],[142.78334045400004,-27.15979576023301],[142.78337097200006,-27.159635543233048],[142.78338623000002,-27.159481048233054],[142.78340148900008,-27.15931701623306],[142.7834320070001,-27.159154891233044],[142.78344726600005,-27.158996581233026],[142.78347778300008,-27.158843993233038],[142.78349304200003,-27.15868186923305],[142.78352356000005,-27.15851783723307],[142.783538818,-27.158355712233046],[142.78356933600003,-27.158195495233073],[142.7835845950001,-27.158033370233042],[142.78359985400004,-27.157871245233075],[142.78363037100007,-27.15771675023307],[142.78364563000002,-27.1575546252331],[142.78367614700005,-27.157396316233076],[142.78369140600012,-27.157234191233094],[142.78372192400002,-27.157070159233058],[142.78373718300008,-27.156915664233054],[142.78375244100005,-27.156751632233085],[142.78378295900006,-27.156589507233104],[142.78379821800002,-27.156427382233083],[142.78382873500004,-27.156263350233097],[142.7838439940001,-27.15610504123313],[142.783874512,-27.155942916233098],[142.78388977100008,-27.155780791233127],[142.7839202880001,-27.155624389233108],[142.78393554700006,-27.15546798623312],[142.78395080600012,-27.155307769233136],[142.7839965820001,-27.15498542723315],[142.78402710000012,-27.154825210233117],[142.78404235800008,-27.154664992233158],[142.7840728760001,-27.15450477523313],[142.78408813500005,-27.154342650233165],[142.78413391100003,-27.154045104233152],[142.7841491700001,-27.153884887233126],[142.78416442900004,-27.153848647233136],[142.78416442900004,-27.153823852233142],[142.78417968700012,-27.153806685233132],[142.78419494600007,-27.153787612233153],[142.78424072300004,-27.15374946523317],[142.784362793,-27.153633117233152],[142.7844848630001,-27.153514861233152],[142.78460693400007,-27.15339660523316],[142.78485107400002,-27.153160094233183],[142.7849731450001,-27.153041839233165],[142.78509521500007,-27.15292549023317],[142.78521728500004,-27.152805327233157],[142.78535461400008,-27.1526870722332],[142.78547668500005,-27.152568816233188],[142.78559875500002,-27.152452468233186],[142.7857208250001,-27.152334212233185],[142.78584289600008,-27.152215957233164],[142.78596496600005,-27.152099608233172],[142.78608703600003,-27.15198135323316],[142.78620910600011,-27.151863097233218],[142.78633117700008,-27.151744842233196],[142.78645324700005,-27.15162658623319],[142.78657531700003,-27.151506423233172],[142.7866973880001,-27.151391982233182],[142.78689575200008,-27.15121269123318],[142.78697204600007,-27.151132583233228],[142.78698730500003,-27.15111160223319],[142.7870025630001,-27.151098250233197],[142.7870025630001,-27.151084899233187],[142.7870025630001,-27.151073455233206],[142.7870025630001,-27.151060103233192],[142.7870025630001,-27.151042937233182],[142.7870025630001,-27.150924682233235],[142.7870025630001,-27.15076255723319],[142.78698730500003,-27.150602340233224],[142.78698730500003,-27.150440215233196],[142.78697204600007,-27.15027999823322],[142.78697204600007,-27.15011596623324],[142.786956787,-27.149951934233197],[142.786956787,-27.149787902233225],[142.786956787,-27.149627685233245],[142.78694152800006,-27.149465560233214],[142.78694152800006,-27.149303435233257],[142.78694152800006,-27.149141311233272],[142.7869262700001,-27.148981093233246],[142.7869262700001,-27.148820876233223],[142.78691101100003,-27.14866065923326],[142.78691101100003,-27.148605346233243],[142.78691101100003,-27.148500442233225],[142.78689575200008,-27.14834594623324],[142.78689575200008,-27.14818382223326],[142.78689575200008,-27.14802169723329],[142.786880493,-27.147859572233248],[142.786880493,-27.14769935523329],[142.78686523400006,-27.147535323233242],[142.78686523400006,-27.147459029233254],[142.78686523400006,-27.147378921233287],[142.78686523400006,-27.147216796233263],[142.7868499760001,-27.147060393233264],[142.7868499760001,-27.146905898233257],[142.7868499760001,-27.146745681233284],[142.78683471700003,-27.14658546323328],[142.78683471700003,-27.146423339233294],[142.78681945800008,-27.14626121423332],[142.78681945800008,-27.146102904233306],[142.78680419900002,-27.145940780233314],[142.78680419900002,-27.145778655233293],[142.78680419900002,-27.145614623233318],[142.78678894000006,-27.145452498233283],[142.78678894000006,-27.14529037423329],[142.7867736820001,-27.145126342233315],[142.7867736820001,-27.144966124233303],[142.7867736820001,-27.144804000233325],[142.78675842300004,-27.14463996823334],[142.78675842300004,-27.14447975123331],[142.7867431640001,-27.14431571923333],[142.7867431640001,-27.144155501233314],[142.78672790500002,-27.143993377233333],[142.78672790500002,-27.143836974233324],[142.78671264600007,-27.143520354233356],[142.78671264600007,-27.143421172233364],[142.78671264600007,-27.143398284233317],[142.78671264600007,-27.143383025233373],[142.78672790500002,-27.143360137233334],[142.78675842300004,-27.14320754923334],[142.78680419900002,-27.14304923923338],[142.7868499760001,-27.142889022233355],[142.786880493,-27.14272880523339],[142.7869262700001,-27.142572402233387],[142.78697204600007,-27.142412185233358],[142.78701782200005,-27.142255782233338],[142.78704834000007,-27.142097472233395],[142.78709411600005,-27.141939162233378],[142.78713989300002,-27.141782760233376],[142.78717041000004,-27.14162254223342],[142.787216187,-27.141466140233398],[142.7872619630001,-27.14130783023338],[142.78729248000002,-27.141151427233375],[142.7873382570001,-27.14099311723342],[142.78738403300008,-27.14084052923338],[142.7874145510001,-27.140686034233383],[142.78746032700008,-27.14053153923343],[142.78750610400004,-27.14037704423343],[142.78753662100007,-27.140220641233427],[142.78758239700005,-27.140062331233413],[142.78761291500007,-27.139961242233422],[142.78761291500007,-27.13990783623341],[142.78765869100005,-27.1397876732334],[142.78765869100005,-27.139755248233417],[142.78770446800002,-27.13959884523343],[142.7877502440001,-27.139440535233405],[142.78779602100008,-27.139287948233413],[142.78784179700006,-27.1391315452334],[142.78788757300003,-27.138975142233463],[142.78793335000012,-27.138820647233462],[142.78794860800008,-27.138742446233458],[142.7879791260001,-27.138662337233445],[142.78802490200007,-27.13850974923345],[142.78804016100003,-27.138439177233433],[142.78807067900004,-27.138351439233446],[142.78811645500002,-27.13819312923342],[142.78816223100011,-27.138038634233425],[142.78820800800008,-27.137880324233464],[142.788269043,-27.137723922233462],[142.7883148190001,-27.137569426233462],[142.78836059600008,-27.137416839233456],[142.78840637200005,-27.13726425123349],[142.78845214800003,-27.137107848233477],[142.78849792500012,-27.136947631233454],[142.7885437010001,-27.136789321233483],[142.78860473600002,-27.136629104233467],[142.7886505130001,-27.136472701233465],[142.7886962890001,-27.13631248423349],[142.78878784200003,-27.136026381233496],[142.788833618,-27.135866164233516],[142.78884887700008,-27.13580894423349],[142.78886413600003,-27.135705947233493],[142.788909912,-27.135545730233527],[142.78894043000003,-27.135385512233505],[142.78898620600012,-27.135223388233523],[142.78912353500004,-27.134748458233542],[142.789169312,-27.13459205523354],[142.7892150880001,-27.13443946723355],[142.78926086400008,-27.134281157233534],[142.78932189900002,-27.134122848233503],[142.7893676760001,-27.133964538233563],[142.78942871100003,-27.133806228233542],[142.78947448700012,-27.133657454233518],[142.7895202640001,-27.133508681233536],[142.78956604000007,-27.133352279233534],[142.78961181600005,-27.133197783233538],[142.78971862800006,-27.132881164233545],[142.78976440400004,-27.132728576233575],[142.78981018100012,-27.132572173233566],[142.78991699200003,-27.132280349233586],[142.7899627690001,-27.132129668233542],[142.78997802700007,-27.132101058233594],[142.78997802700007,-27.132091521233555],[142.78997802700007,-27.132081984233558],[142.78999328600003,-27.132070540233574],[142.78999328600003,-27.132062911233596],[142.7900085450001,-27.132057189233564],[142.79002380400004,-27.13204574523357],[142.79006958000002,-27.13200950523359],[142.790222168,-27.131914138233554],[142.79046630900007,-27.131734847233567],[142.7906494140001,-27.131614684233543],[142.790786743,-27.131515502233555],[142.79087829600007,-27.13144302323358],[142.79089355500003,-27.131433486233597],[142.7909088130001,-27.131422042233556],[142.79092407200005,-27.13141059823356],[142.79103088400007,-27.13128471323357],[142.79115295400004,-27.13116264223362],[142.79118347200006,-27.13113021823356],[142.79119873000002,-27.131114959233564],[142.79121398900008,-27.131105422233578],[142.79121398900008,-27.13109207123357],[142.79127502400002,-27.131038665233568],[142.79150390600012,-27.130790709233562],[142.79162597700008,-27.130668639233583],[142.7917327880001,-27.13054656923362],[142.79185485800008,-27.13042068423357],[142.79197692900004,-27.13029479923359],[142.79209899900002,-27.130172728233628],[142.79231262200005,-27.129940032233623],[142.79243469200003,-27.12981796223359],[142.79249572800006,-27.129762649233626],[142.79251098600002,-27.12974929723363],[142.7925262450001,-27.1297416682336],[142.7925262450001,-27.12973785323359],[142.7925567630001,-27.129730224233597],[142.79257202100007,-27.129724502233636],[142.792739868,-27.129667281233612],[142.7928619380001,-27.1296253192336],[142.79289245600012,-27.12961959723363],[142.79290771500007,-27.12961006123365],[142.793075562,-27.129550933233617],[142.79324340800008,-27.129491805233634],[142.7934265140001,-27.12943267723361],[142.79359436000004,-27.129373549233637],[142.7937622070001,-27.12931442223365],[142.79393005400004,-27.129255294233612],[142.7940979000001,-27.129196166233633],[142.79426574700005,-27.129138946233613],[142.7944335940001,-27.129079818233635],[142.794769287,-27.128961562233634],[142.79495239300002,-27.1289024342336],[142.79512023900008,-27.128841399233615],[142.79528808600003,-27.12878227123364],[142.79545593300008,-27.128721236233662],[142.79562377900004,-27.128662108233627],[142.7957153320001,-27.12863349823362],[142.79573059100005,-27.12862777623364],[142.79574585000012,-27.128620147233658],[142.79580688500005,-27.12860298123363],[142.79597473100011,-27.128541945233597],[142.79614257800006,-27.128482818233625],[142.79631042500012,-27.128423690233646],[142.79647827100007,-27.12836456223361],[142.79666137700008,-27.12830543423364],[142.79682922400002,-27.128244399233647],[142.7969970700001,-27.128185271233615],[142.79716491700003,-27.128126143233647],[142.7973327640001,-27.128067016233665],[142.79750061000004,-27.128007888233633],[142.79768371600005,-27.127946853233656],[142.7977447510001,-27.12792777923364],[142.7977447510001,-27.12792396423367],[142.79785156200012,-27.12788963223363],[142.79788208000002,-27.127876281233625],[142.79801940900006,-27.127830504233664],[142.79818725600012,-27.12776946923366],[142.79835510300006,-27.12771034123364],[142.79853820800008,-27.127649306233657],[142.79869079600007,-27.127593993233635],[142.79885864300002,-27.127534865233653],[142.79902648900008,-27.127475738233677],[142.79919433600003,-27.12741851723366],[142.79936218300008,-27.127359389233682],[142.7995452880001,-27.127298354233634],[142.79966735800008,-27.127254485233674],[142.79968261700003,-27.127246856233633],[142.7996978760001,-27.127243041233676],[142.79971313500005,-27.127239226233666],[142.79988098100011,-27.127180098233634],[142.799987793,-27.127141952233686],[142.80000305200008,-27.12713622923367],[142.80001831100003,-27.127130507233638],[142.80004882800006,-27.12713813723368],[142.80021667500012,-27.127061843233676],[142.80038452100007,-27.12700271523365],[142.800552368,-27.126945495233667],[142.80072021500007,-27.126886367233645],[142.800888062,-27.126827239233673],[142.80105590800008,-27.126768111233694],[142.80122375500002,-27.126710891233664],[142.80139160200008,-27.126649856233684],[142.80155944800003,-27.126594542233658],[142.8017272950001,-27.126533507233674],[142.80189514200003,-27.126476287233654],[142.8020629880001,-27.12641715923368],[142.80223083500005,-27.12635803123365],[142.8023986820001,-27.12630081123368],[142.80256652800006,-27.126241683233708],[142.8027343750001,-27.126182555233665],[142.80290222200006,-27.126123427233686],[142.803070068,-27.126064300233654],[142.80323791500007,-27.126003264233674],[142.803405762,-27.125946044233707],[142.80357360800008,-27.12588691623368],[142.8037567140001,-27.125827788233693],[142.80406189000007,-27.12571906923367],[142.80422973600002,-27.125661849233705],[142.80439758300008,-27.125602721233676],[142.80456543000003,-27.125545501233702],[142.8047332760001,-27.12548637323367],[142.80490112300004,-27.125425338233697],[142.8050689700001,-27.125366210233707],[142.80523681600005,-27.12530708223368],[142.8054046630001,-27.125247954233703],[142.80557251000005,-27.12518882723371],[142.80574035600011,-27.125131606233698],[142.80590820300006,-27.125072478233722],[142.80607605000012,-27.12501335023369],[142.80624389600007,-27.12495422323371],[142.806411743,-27.124897002233705],[142.80657959000007,-27.1248359672337],[142.80659484900002,-27.124832152233694],[142.8066101070001,-27.12482833823372],[142.80662536600005,-27.124822616233704],[142.806747437,-27.124761580233727],[142.80683898900008,-27.12470817523371],[142.80690002400002,-27.12468337923372],[142.80691528300008,-27.124671935233724],[142.80699157700008,-27.12463760323369],[142.80705261200012,-27.124605178233708],[142.8072052000001,-27.124526977233703],[142.80737304700006,-27.124446868233694],[142.80752563500005,-27.124370574233705],[142.80767822300004,-27.124294280233713],[142.80783081100003,-27.1242160792337],[142.80798339800003,-27.124135970233695],[142.80813598600002,-27.124059676233696],[142.80830383300008,-27.12397956723375],[142.80845642100007,-27.123901366233742],[142.80860900900007,-27.123823165233734],[142.80877685500002,-27.123743056233728],[142.808929443,-27.12366676223374],[142.80908203100012,-27.12358665423372],[142.80924987800006,-27.123506545233706],[142.80940246600005,-27.123426436233753],[142.80955505400004,-27.12334632823374],[142.80970764200003,-27.12326812623374],[142.8098754880001,-27.123188018233716],[142.8100280760001,-27.12310790923371],[142.81019592300004,-27.12302780123376],[142.81034851100003,-27.122949599233763],[142.81050109900002,-27.122873305233764],[142.810653687,-27.12279319723374],[142.81082153300008,-27.122711181233722],[142.8109283450001,-27.12265968223373],[142.81097412100007,-27.12263297923374],[142.81114196800002,-27.122554778233773],[142.81129455600012,-27.122472762233755],[142.81146240200007,-27.12239265323375],[142.81161499000007,-27.122312545233722],[142.81176757800006,-27.122234343233735],[142.81193542500012,-27.12215423523378],[142.8120880130001,-27.12207603423377],[142.81233215300006,-27.121948241233778],[142.81268310500002,-27.121772765233743],[142.81285095200008,-27.12169265623379],[142.81300354000007,-27.12161445523379],[142.81315612800006,-27.121534347233766],[142.81332397500012,-27.121454238233756],[142.81347656200012,-27.12137603723376],[142.8136291500001,-27.121297835233758],[142.8137817380001,-27.121219634233764],[142.81394958500005,-27.1211395252338],[142.81410217300004,-27.121057509233786],[142.8142700200001,-27.120979308233775],[142.8144226070001,-27.120899199233758],[142.81459045400004,-27.120817183233804],[142.81474304200003,-27.120735167233775],[142.8149108890001,-27.12065505923376],[142.8150177000001,-27.120597838233802],[142.81503295900006,-27.120592116233762],[142.81504821800002,-27.120584487233803],[142.81506347700008,-27.120573043233797],[142.81523132300003,-27.120494842233786],[142.81538391100003,-27.120414733233783],[142.81546020500002,-27.120374679233777],[142.8154754640001,-27.1203670492338],[142.81549072300004,-27.12035942023377],[142.81550598100011,-27.120355605233808],[142.81555175800008,-27.120334624233767],[142.81570434600008,-27.120252608233823],[142.81585693400007,-27.1201725002338],[142.81602478000002,-27.120092391233793],[142.816177368,-27.120012282233787],[142.81619262700008,-27.12000656023382],[142.81620788600003,-27.12000083823379],[142.8162231450001,-27.11999702423381],[142.81636047400002,-27.11995696923382],[142.8165283200001,-27.119907378233837],[142.81669616700003,-27.119853972233816],[142.81687927200005,-27.11980247423382],[142.8170471190001,-27.119749068233812],[142.81723022500012,-27.119695662233806],[142.81739807100007,-27.119644164233804],[142.817565918,-27.119592666233807],[142.81774902300003,-27.119539260233793],[142.8179168700001,-27.119485854233787],[142.8180999760001,-27.119434356233782],[142.81826782200005,-27.119380950233843],[142.8184356690001,-27.119329452233842],[142.81861877400002,-27.119276046233818],[142.81878662100007,-27.119224547233827],[142.81896972700008,-27.11917114223381],[142.81913757300003,-27.119117736233814],[142.8193054200001,-27.119066237233827],[142.8194885250001,-27.119014739233815],[142.81965637200005,-27.118961333233806],[142.8198242190001,-27.118907927233796],[142.82000732400002,-27.1188564292338],[142.82017517100007,-27.118803023233788],[142.82049560500002,-27.11870956323384],[142.82066345200008,-27.11865615723384],[142.82075500500002,-27.11863326923385],[142.82083129900002,-27.11859130823382],[142.82099914600008,-27.11851119923382],[142.82115173300008,-27.118429183233857],[142.82131958000002,-27.118345260233816],[142.821472168,-27.11826324423386],[142.82162475600012,-27.118183135233846],[142.82179260300006,-27.11809921223382],[142.82194519000006,-27.11801719623386],[142.822113037,-27.11793518023384],[142.8222656250001,-27.117855071233823],[142.8224182130001,-27.11777305523387],[142.82258606000005,-27.117691039233847],[142.82273864700005,-27.117610930233834],[142.8229064940001,-27.117527007233864],[142.8230590820001,-27.117444991233835],[142.82322692900004,-27.11736488223382],[142.82337951700003,-27.117282866233868],[142.82353210400004,-27.11720466523386],[142.82368469200003,-27.11712837123387],[142.8239593510001,-27.11699104223383],[142.82415771500007,-27.116888045233825],[142.82431030300006,-27.116806029233878],[142.82446289100005,-27.116725921233858],[142.82463073700012,-27.116643905233897],[142.8247833250001,-27.11656188923386],[142.82495117200006,-27.11648178023386],[142.82510376000005,-27.116399764233886],[142.82527160600011,-27.116317748233868],[142.8254241940001,-27.116237639233866],[142.82559204100005,-27.116155623233848],[142.82574462900004,-27.116075515233884],[142.82589721700003,-27.115993499233866],[142.8260650630001,-27.1159114832339],[142.8262176510001,-27.1158313742339],[142.8263244630001,-27.115779876233884],[142.82638549800004,-27.115751265233886],[142.82644653300008,-27.11572265523388],[142.82653808600003,-27.11567306423388],[142.82670593300008,-27.11559486323387],[142.82685852100008,-27.11551666223388],[142.82702636700003,-27.115438460233868],[142.82717895500002,-27.11535835223392],[142.82734680200008,-27.115282058233916],[142.82749939000007,-27.115201949233906],[142.82766723600002,-27.115127562233866],[142.82781982400002,-27.115047454233896],[142.82798767100007,-27.1149692532339],[142.82814025900007,-27.11489295923391],[142.82830810500002,-27.114816665233903],[142.828460693,-27.114736556233908],[142.82862854000007,-27.114658355233892],[142.82878112800006,-27.11457824623389],[142.82894897500012,-27.11450004523388],[142.82910156200012,-27.114419936233926],[142.82926940900006,-27.114341735233925],[142.82942199700005,-27.114263534233917],[142.8295898440001,-27.11418533223392],[142.8297424320001,-27.114107131233922],[142.82991027800006,-27.11402702223391],[142.83006286600005,-27.1139488212339],[142.8302307130001,-27.113870620233882],[142.8303833010001,-27.1137924182339],[142.83055114700005,-27.113714217233884],[142.8308715820001,-27.11355400023392],[142.83088684100005,-27.11354255623392],[142.831314087,-27.11333656223393],[142.83145141600005,-27.1132678982339],[142.83148193400007,-27.113256453233923],[142.83163452100007,-27.113168715233932],[142.83178710900006,-27.113079070233937],[142.83193969700005,-27.112989425233938],[142.83209228500004,-27.112901687233943],[142.83224487300004,-27.11281013423394],[142.83239746100003,-27.112724303233964],[142.83255004900002,-27.11263656523392],[142.832702637,-27.112545012233912],[142.83285522500012,-27.112457274233922],[142.83302307100007,-27.11236953623393],[142.83317565900006,-27.112281798233948],[142.83332824700005,-27.112192153233945],[142.83348083500005,-27.112102508233956],[142.83363342300004,-27.112016677233967],[142.83378601100003,-27.11192703123398],[142.83393859900002,-27.11183929323394],[142.834091187,-27.111751555233955],[142.83424377400002,-27.111663817233953],[142.83439636200012,-27.11157607923397],[142.8345489500001,-27.111490249233974],[142.83468627900004,-27.111406325233958],[142.83483886700003,-27.111320495233983],[142.83499145500002,-27.111232757233992],[142.835144043,-27.111145019233994],[142.83529663100012,-27.111057280233954],[142.8354492190001,-27.11096763523396],[142.8356018070001,-27.110877990233963],[142.8357543950001,-27.11079025223397],[142.8359069820001,-27.11070251423397],[142.8360595700001,-27.11061286823399],[142.83621215800008,-27.110525130234],[142.83636474600007,-27.11043739223401],[142.83651733400006,-27.110349654233957],[142.83666992200006,-27.11026191623397],[142.83682251000005,-27.11017417823398],[142.83697509800004,-27.110086440233992],[142.83712768600003,-27.10999679523399],[142.83728027300003,-27.109907149234],[142.83743286100002,-27.109821319234026],[142.83758544900002,-27.109733581233975],[142.837738037,-27.109643935233986],[142.83790588400007,-27.109556197233992],[142.8380432130001,-27.10946845923401],[142.83821106000005,-27.10938072123401],[142.83836364700005,-27.10928916823401],[142.83851623500004,-27.10920143023402],[142.83866882300003,-27.10911369223404],[142.83882141100003,-27.10902404723403],[142.83897399900002,-27.10893630923399],[142.839126587,-27.108850478234018],[142.83927917500012,-27.108762740234027],[142.8394317630001,-27.10867309523402],[142.8395843510001,-27.108583449234036],[142.8397369380001,-27.108497619234036],[142.8398895260001,-27.108407973233994],[142.84004211400008,-27.108322143234005],[142.84019470200008,-27.10823249723401],[142.84034729000007,-27.108146666234052],[142.84049987800006,-27.108058928234055],[142.84065246600005,-27.10797119023401],[142.84080505400004,-27.107883452234013],[142.84095764200003,-27.107795714234026],[142.84111022900004,-27.10770606923403],[142.84141540500002,-27.107530593234053],[142.841567993,-27.107440947234064],[142.84172058100012,-27.10735130223407],[142.8418731690001,-27.107261657234066],[142.8420257570001,-27.10717391923406],[142.8421783450001,-27.107089995234055],[142.84233093300008,-27.10700035023405],[142.84248352100008,-27.106912612234062],[142.84263610800008,-27.106822967234056],[142.84278869600007,-27.106735228234083],[142.84294128400006,-27.106645583234084],[142.843032837,-27.106597899234036],[142.84336853000002,-27.106401442234084],[142.843521118,-27.106313704234044],[142.8435668950001,-27.10628700223409],[142.84358215300006,-27.10627746523405],[142.843597412,-27.10626602123405],[142.84365844700005,-27.106199264234046],[142.84376525900007,-27.106069564234044],[142.8438720700001,-27.10594177123406],[142.84393310500002,-27.105878829234058],[142.84394836400008,-27.10586547823404],[142.84880065900006,-27.10022926223418],[142.84890747100008,-27.100099563234178],[142.8490142820001,-27.099967956234167],[142.84913635300006,-27.099840163234166],[142.8492431640001,-27.09971046323417],[142.8493499760001,-27.099584578234193],[142.84947204600007,-27.099454879234173],[142.8495788570001,-27.099327086234187],[142.8496856690001,-27.0992012012342],[142.84979248000002,-27.0990715022342],[142.84989929200003,-27.098945617234207],[142.85000610400004,-27.098814010234193],[142.85012817400002,-27.098686217234206],[142.85023498500004,-27.09855651823419],[142.85034179700006,-27.09842491023418],[142.85046386700003,-27.09829521123424],[142.85057067900004,-27.09816551123425],[142.85067749000007,-27.098035811234244],[142.85079956100003,-27.097906112234234],[142.85090637200005,-27.09777641223423],[142.85102844200003,-27.097646712234223],[142.85113525400004,-27.09751701323422],[142.85124206500006,-27.097387313234215],[142.85136413600003,-27.09725570623421],[142.85139465300006,-27.09722137423423],[142.851669312,-27.096883773234225],[142.85177612300004,-27.096750258234266],[142.851898193,-27.096622466234262],[142.85200500500002,-27.096490859234258],[142.85211181600005,-27.096359252234258],[142.85221862800006,-27.096229552234245],[142.85232543900008,-27.096103667234257],[142.8524322510001,-27.09597206023425],[142.85255432100007,-27.095842360234258],[142.85264587400002,-27.09571647523426],[142.8527679440001,-27.095586776234246],[142.85285949700005,-27.095462798234262],[142.85298156700003,-27.095331191234266],[142.85308837900004,-27.095203399234265],[142.85319519000006,-27.095073699234266],[142.85330200200008,-27.094943999234253],[142.8534088130001,-27.094816207234267],[142.8535156250001,-27.094688415234273],[142.853622437,-27.094558715234268],[142.85372924800004,-27.09442710823432],[142.85383606000005,-27.094295501234303],[142.85394287100007,-27.09416770823432],[142.85406494100005,-27.0940361012343],[142.85417175300006,-27.093906402234285],[142.85427856400008,-27.093776702234305],[142.8543853760001,-27.093645095234276],[142.85449218700012,-27.09351730223429],[142.85459899900002,-27.09338760323427],[142.85470581100003,-27.093261718234295],[142.85481262200005,-27.093132018234297],[142.85493469200003,-27.093000411234332],[142.85504150400004,-27.092872619234345],[142.85514831500006,-27.09274291923434],[142.85525512700008,-27.092611312234336],[142.8553619380001,-27.092481612234337],[142.8554687500001,-27.092350005234326],[142.855575562,-27.092218398234316],[142.8556976320001,-27.092090606234308],[142.855804443,-27.091958999234357],[142.85591125500002,-27.091831206234307],[142.85601806600005,-27.091701507234355],[142.85612487800006,-27.09157371423437],[142.85623168900008,-27.091444015234355],[142.8563385010001,-27.09131431523436],[142.85644531200012,-27.091182708234356],[142.85656738300008,-27.091053008234343],[142.8566741940001,-27.09092330823435],[142.85678100600012,-27.090793609234332],[142.85688781700003,-27.09066200223439],[142.85699462900004,-27.09053230223439],[142.85710144000006,-27.090404509234332],[142.85720825200008,-27.090274810234387],[142.8573150630001,-27.090143203234376],[142.85743713400007,-27.09001350323437],[142.8575439450001,-27.08988380323438],[142.8576507570001,-27.089754104234366],[142.857757568,-27.08962440423436],[142.85786438000002,-27.08949851923438],[142.85797119100005,-27.089366912234375],[142.85807800300006,-27.08923721223437],[142.85818481400008,-27.08911704923441],[142.8582916260001,-27.088985442234392],[142.85841369600007,-27.088853835234392],[142.85852050800008,-27.08872222823437],[142.8586273190001,-27.088590621234406],[142.85873413100012,-27.08845901423441],[142.85884094200003,-27.08832931423441],[142.8589630130001,-27.088203429234415],[142.85906982400002,-27.088071822234415],[142.85917663600003,-27.087944030234418],[142.85928344700005,-27.087812423234396],[142.85939025900007,-27.087680816234446],[142.8594970700001,-27.08754920923443],[142.85961914100005,-27.087417602234424],[142.85972595200008,-27.087285994234428],[142.8598327640001,-27.087156295234404],[142.85995483400006,-27.087024688234454],[142.86006164600008,-27.08689308123444],[142.8601684570001,-27.08676338123444],[142.8602752690001,-27.08663558923444],[142.86038208000002,-27.086505889234438],[142.86048889200003,-27.086374282234438],[142.860610962,-27.08624648923444],[142.86071777300003,-27.08611297523446],[142.86082458500005,-27.085983275234476],[142.86102294900002,-27.08575820823445],[142.86102294900002,-27.085744857234445],[142.86103820800008,-27.085735320234456],[142.86105346700003,-27.08572578323448],[142.861175537,-27.08566856323445],[142.8613281250001,-27.085588454234443],[142.8614807130001,-27.085508346234473],[142.8616333010001,-27.085430144234483],[142.86180114700005,-27.085348128234468],[142.86195373500004,-27.085268020234448],[142.8621215820001,-27.08518791123449],[142.8622741700001,-27.085105895234474],[142.86242675800008,-27.085027694234466],[142.86259460400004,-27.084947585234456],[142.86274719200003,-27.084867476234447],[142.8629150390001,-27.084785460234485],[142.86306762700008,-27.084703444234467],[142.86323547400002,-27.084623336234504],[142.863388062,-27.084543227234494],[142.86355590800008,-27.084461211234483],[142.86370849600007,-27.084381103234467],[142.86387634300002,-27.0842990872345],[142.86402893100012,-27.084218978234492],[142.86419677700007,-27.08413886923448],[142.8643035890001,-27.084081649234502],[142.86431884800004,-27.084072112234473],[142.86433410600011,-27.084068297234516],[142.86434936500007,-27.084058761234516],[142.86450195300006,-27.083978652234503],[142.86466980000012,-27.083896636234492],[142.8648223880001,-27.083816527234475],[142.86499023400006,-27.08373451123452],[142.86514282200005,-27.083654403234505],[142.8653106690001,-27.08357429423449],[142.8654632570001,-27.08349418523448],[142.86563110400004,-27.08341216923452],[142.86578369100005,-27.0833301532345],[142.8659515380001,-27.08325004523448],[142.8661041260001,-27.083169936234526],[142.86627197300004,-27.083087920234515],[142.86642456100003,-27.083007812234488],[142.86657714800003,-27.082927703234475],[142.8670806880001,-27.08267593323451],[142.86709594700005,-27.082670211234547],[142.86711120600012,-27.082662581234512],[142.86720275900007,-27.08260345423453],[142.8674926760001,-27.082418441234513],[142.86763000500002,-27.082324981234503],[142.86778259300002,-27.082233428234506],[142.86793518100012,-27.082139968234543],[142.86807251000005,-27.082048415234535],[142.86822509800004,-27.081956862234534],[142.86837768600003,-27.08186340223451],[142.86851501500007,-27.081768035234546],[142.86866760300006,-27.081678390234543],[142.86882019000006,-27.08158302223453],[142.8689575200001,-27.081491469234535],[142.8691101070001,-27.08139800923452],[142.8692626950001,-27.081304549234552],[142.86940002400002,-27.081211089234543],[142.86955261200012,-27.08111762923453],[142.8697052000001,-27.081022262234566],[142.86984252900004,-27.080930709234565],[142.86999511700003,-27.080837249234545],[142.87014770500002,-27.080743789234525],[142.870300293,-27.080648421234567],[142.87043762200005,-27.08055496123455],[142.87059021000005,-27.08046150123453],[142.87074279800004,-27.080368041234582],[142.87088012700008,-27.08027648823459],[142.87095642100007,-27.080234527234566],[142.87130737300004,-27.080011367234544],[142.87144470200008,-27.079917907234577],[142.87158203100012,-27.079835891234563],[142.87159729000007,-27.079822539234577],[142.87161254900002,-27.07981109523457],[142.87170410200008,-27.079696654234585],[142.8718109130001,-27.079570769234596],[142.87191772500012,-27.079439162234575],[142.87202453600003,-27.079313277234597],[142.87214660600011,-27.079183577234602],[142.872253418,-27.079057692234613],[142.87236022900004,-27.078929900234602],[142.87246704100005,-27.078804015234564],[142.87257385300006,-27.07867622323457],[142.8726806640001,-27.07854652323457],[142.8729400630001,-27.07823753323463],[142.87295532200005,-27.078182219234623],[142.87303161600005,-27.07803153923464],[142.8730926510001,-27.077882766234605],[142.8731689450001,-27.077732085234626],[142.87322998000002,-27.07758140523464],[142.87329101600005,-27.077430724234606],[142.8733520510001,-27.077285766234645],[142.8734283450001,-27.07713127023459],[142.87348938000002,-27.076978682234607],[142.87355041500007,-27.07682609523462],[142.87362670900006,-27.07667350723462],[142.8736877440001,-27.076519011234627],[142.8737640380001,-27.076366424234624],[142.87382507300003,-27.076217650234657],[142.87388610800008,-27.076063155234674],[142.87396240200007,-27.07591056723468],[142.87402343700012,-27.075757979234623],[142.87409973100011,-27.075605391234646],[142.87416076700003,-27.075450896234642],[142.87422180200008,-27.075298308234657],[142.87429809600008,-27.07514572023467],[142.87435913100012,-27.07499122523467],[142.87443542500012,-27.074838637234674],[142.87449646000005,-27.07468604923469],[142.8745574950001,-27.074533462234687],[142.8746337890001,-27.07437896623469],[142.87469482400002,-27.07422828623471],[142.874771118,-27.074075698234655],[142.87483215300006,-27.073923110234677],[142.8748931880001,-27.073770522234692],[142.8749694820001,-27.073616027234678],[142.87503051800002,-27.073463439234697],[142.875106812,-27.073310851234698],[142.87516784700006,-27.073156356234705],[142.8752288820001,-27.07300567523472],[142.8753051760001,-27.072851180234732],[142.87536621100003,-27.072698592234673],[142.87542724600007,-27.0725479122347],[142.87550354000007,-27.0723953242347],[142.8755645750001,-27.072240828234705],[142.8756408690001,-27.07208824123471],[142.87570190400004,-27.07193374523472],[142.87576293900008,-27.071781157234742],[142.87583923300008,-27.071628570234743],[142.8759002690001,-27.071474074234743],[142.87596130400004,-27.071325301234705],[142.87603759800004,-27.071172713234727],[142.87609863300008,-27.071018218234716],[142.876159668,-27.07087135223476],[142.876235962,-27.07072067223477],[142.87629699700005,-27.070566176234724],[142.8763580320001,-27.07042121823476],[142.87641906700003,-27.070270537234737],[142.87649536100002,-27.070116042234723],[142.87655639600007,-27.06996345423474],[142.8766174320001,-27.069812774234755],[142.8766937260001,-27.069662093234776],[142.87687683100012,-27.06921768123475],[142.8769531250001,-27.069065093234762],[142.87701416000004,-27.068910598234755],[142.8770751950001,-27.06875610323476],[142.87713623000002,-27.06860351523477],[142.87721252400002,-27.0684528342348],[142.87727356000005,-27.068302154234807],[142.8773345950001,-27.068149566234833],[142.8774108890001,-27.067995070234776],[142.87747192400002,-27.06784629723479],[142.87753295900006,-27.06769943123483],[142.8775939940001,-27.067544936234825],[142.8776702880001,-27.067392348234787],[142.87773132300003,-27.06723976023479],[142.87779235800008,-27.067085265234795],[142.87786865200007,-27.066934585234808],[142.87792968700012,-27.066780089234832],[142.87799072300004,-27.066627501234823],[142.87805175800008,-27.066476821234836],[142.87812805200008,-27.066326140234807],[142.878189087,-27.066175460234824],[142.87825012200005,-27.06602287223483],[142.8783111570001,-27.065870284234844],[142.8783874510001,-27.06572151123488],[142.87844848600002,-27.065565108234868],[142.87850952100007,-27.06541633523483],[142.8785705570001,-27.065271377234872],[142.8786468510001,-27.065120696234835],[142.87870788600003,-27.064968108234858],[142.87876892100007,-27.064815520234863],[142.87884521500007,-27.06466293223488],[142.8788757320001,-27.06456184323487],[142.87889099100005,-27.064552306234837],[142.87889099100005,-27.064538955234884],[142.8789062500001,-27.064516067234834],[142.87892150900007,-27.064487456234836],[142.87892150900007,-27.06447982723485],[142.87893676800002,-27.06443214323488],[142.87893676800002,-27.06442260623489],[142.8789520260001,-27.06440162623485],[142.87896728500004,-27.064369201234886],[142.8790283200001,-27.06422042723485],[142.87910461400008,-27.06406974723488],[142.87916564900002,-27.063919066234888],[142.87922668500005,-27.06376838623491],[142.8792877200001,-27.063617705234872],[142.87934875500002,-27.06346702523488],[142.87942504900002,-27.063316344234902],[142.87948608400006,-27.063167571234885],[142.8795471190001,-27.06302070523491],[142.87960815400004,-27.062871932234877],[142.87966918900008,-27.06272125123491],[142.87974548300008,-27.062568664234906],[142.8798065190001,-27.062414168234913],[142.87986755400004,-27.062261580234928],[142.8799285890001,-27.06211471523489],[142.88000488300008,-27.06196403423492],[142.880065918,-27.061813353234946],[142.88012695300006,-27.06166458023492],[142.8801879880001,-27.061515807234937],[142.88024902300003,-27.061368941234917],[142.88032531700003,-27.06121635323493],[142.88038635300006,-27.06106567323495],[142.8804473880001,-27.060911178234935],[142.8805236820001,-27.060758590234958],[142.88058471700003,-27.060611724234928],[142.88064575200008,-27.060461043234945],[142.880706787,-27.06030845523497],[142.88076782200005,-27.06015777523498],[142.88084411600005,-27.060010909234954],[142.8809051510001,-27.059860228234978],[142.880966187,-27.059709548234927],[142.88102722200006,-27.05956268223497],[142.88110351600005,-27.05941009423498],[142.8811645510001,-27.059255599234987],[142.88122558600003,-27.059103011234992],[142.88128662100007,-27.058954238234968],[142.88136291500007,-27.058807372235005],[142.8814239500001,-27.058656692234955],[142.88148498500004,-27.058506011234975],[142.88151550300006,-27.058431624235],[142.88151550300006,-27.058422088235005],[142.881530762,-27.058410644235003],[142.881530762,-27.058403014234976],[142.88154602100008,-27.058359145234956],[142.88160705600012,-27.058212279235],[142.88166809100005,-27.058063506234955],[142.88174438500005,-27.05791091823498],[142.88186645500002,-27.057634353235],[142.88192749000007,-27.05748557923498],[142.8819885250001,-27.057336806235],[142.88204956100003,-27.057189940234984],[142.88211059600008,-27.057039260235],[142.88218689000007,-27.05688857923502],[142.88224792500012,-27.056735991235044],[142.88230896000005,-27.056585311235047],[142.8823699950001,-27.05643463023501],[142.8824462890001,-27.056287765235037],[142.88250732400002,-27.056135177235056],[142.88256835900006,-27.055982589235008],[142.8826293950001,-27.055830001235016],[142.8827056880001,-27.055679320235043],[142.88276672400002,-27.055528640235057],[142.88282775900007,-27.05537605223506],[142.8828887940001,-27.055225371235025],[142.8829650880001,-27.05507278323504],[142.88302612300004,-27.054922103235057],[142.88308715800008,-27.054773330235072],[142.883148193,-27.05462455623505],[142.88320922900004,-27.054477691235075],[142.88328552200005,-27.054327010235053],[142.88334655800008,-27.054178237235075],[142.88340759300002,-27.054027556235102],[142.88346862800006,-27.053876876235055],[142.88354492200006,-27.053728103235073],[142.8836059570001,-27.053581237235058],[142.88366699200003,-27.053434371235088],[142.88372802700007,-27.053283690235055],[142.88378906200012,-27.053129195235055],[142.88386535600011,-27.05297660723507],[142.88392639200003,-27.052825927235087],[142.88398742700008,-27.05267333923509],[142.88406372100008,-27.052522658235116],[142.88412475600012,-27.052368163235112],[142.88418579100005,-27.052221297235096],[142.8842468260001,-27.052074431235138],[142.8847656250001,-27.05086517223515],[142.8848419190001,-27.050710677235152],[142.88490295400004,-27.05055808923518],[142.88496398900008,-27.050411223235137],[142.88502502400002,-27.050258635235146],[142.88508606000005,-27.05010986223511],[142.88516235400004,-27.049957274235133],[142.8852233890001,-27.04980468723512],[142.88528442400002,-27.04965400623515],[142.88536071800002,-27.049501418235156],[142.88542175300006,-27.049350738235173],[142.885437012,-27.049318313235148],[142.885437012,-27.04930114623514],[142.88545227100008,-27.049293517235164],[142.88545227100008,-27.04928016623515],[142.8854827880001,-27.049200057235158],[142.88554382300003,-27.04905319123519],[142.88560485800008,-27.048906325235162],[142.88568115200007,-27.04875373723517],[142.88574218700012,-27.0486049642352],[142.88580322300004,-27.048454284235156],[142.88586425800008,-27.04830169623516],[142.88594055200008,-27.048149108235172],[142.88598632800006,-27.04801750123516],[142.88606262200005,-27.047863006235165],[142.88606262200005,-27.047836303235176],[142.88607788100012,-27.047819137235194],[142.88607788100012,-27.047811507235174],[142.88609314000007,-27.047805785235212],[142.88609314000007,-27.047796248235166],[142.88615417500012,-27.047733306235163],[142.88629150400004,-27.047611236235188],[142.88641357400002,-27.04749298023519],[142.8865356450001,-27.047372817235164],[142.88665771500007,-27.04725265423521],[142.8867645260001,-27.047159194235203],[142.88688659700006,-27.047040938235195],[142.88699340800008,-27.046932219235217],[142.88700866700003,-27.04692268323523],[142.88713073700012,-27.046800611235227],[142.88740539600008,-27.04653739823518],[142.88740539600008,-27.046529769235207],[142.88742065400004,-27.04652404723524],[142.88742065400004,-27.046518325235212],[142.8874359130001,-27.046514510235195],[142.88745117200006,-27.046510695235185],[142.88745117200006,-27.04650878823523],[142.88746643100012,-27.04650688123522],[142.88754272500012,-27.04649543723523],[142.8880767820001,-27.046419143235237],[142.8882598880001,-27.046394347235243],[142.88842773400006,-27.046369552235237],[142.88861084000007,-27.046342849235238],[142.888778687,-27.046318053235243],[142.88896179200003,-27.04629325823524],[142.88914489700005,-27.046268462235194],[142.8893127440001,-27.046243667235196],[142.88948059100005,-27.046218871235197],[142.88966369600007,-27.046194076235203],[142.889831543,-27.046169280235215],[142.89001464800003,-27.046144484235228],[142.8901824950001,-27.046119689235223],[142.8903656010001,-27.046092986235216],[142.89054870600012,-27.046068191235214],[142.89071655300006,-27.04604339523523],[142.89089965800008,-27.04601859923524],[142.89106750500002,-27.045991897235236],[142.89125061000004,-27.04596710123523],[142.8913421630001,-27.045955657235243],[142.89135742200006,-27.045953750235224],[142.89137268100012,-27.045949935235207],[142.89137268100012,-27.045948028235205],[142.8914184570001,-27.045942306235236],[142.89160156200012,-27.04591751023524],[142.89176940900006,-27.04589271423524],[142.89195251500007,-27.04586791923525],[142.89212036100002,-27.0458431232352],[142.89248657200005,-27.045791625235257],[142.89266967800006,-27.045764922235254],[142.89283752400002,-27.045740127235256],[142.89302063000002,-27.045715331235204],[142.89320373500004,-27.045688628235272],[142.8933715820001,-27.045665740235215],[142.89355468700012,-27.045639037235215],[142.893737793,-27.045612334235205],[142.89387512200005,-27.04559516823524],[142.89392089800003,-27.04558944623521],[142.8940887450001,-27.04557037323524],[142.8942718510001,-27.04555129923522],[142.89445495600012,-27.04553222623524],[142.894638062,-27.045515059235232],[142.89482116700003,-27.04549598623527],[142.89500427200005,-27.045478820235246],[142.8951721190001,-27.045461654235222],[142.89535522500012,-27.04544258023526],[142.89553833000002,-27.045423507235224],[142.89570617700008,-27.045406341235264],[142.8958892820001,-27.045387267235245],[142.8960723880001,-27.045368194235262],[142.896255493,-27.045349120235237],[142.89642334000007,-27.045331954235223],[142.8966064450001,-27.045314788235252],[142.8967895510001,-27.04529571423523],[142.89697265600012,-27.045276641235258],[142.897155762,-27.045257567235225],[142.89732360800008,-27.04523849423526],[142.8975067140001,-27.04522132823524],[142.8976898190001,-27.045202254235218],[142.89787292500012,-27.045183181235238],[142.89805603000002,-27.04516410723522],[142.89823913600003,-27.04514503423524],[142.8984069820001,-27.04512977523525],[142.8985900880001,-27.04511070223527],[142.898773193,-27.045091628235234],[142.89895629900002,-27.045072555235272],[142.89913940400004,-27.04505538823526],[142.8993072510001,-27.04503631523523],[142.89949035600011,-27.045019149235255],[142.899673462,-27.044998168235225],[142.9003906250001,-27.044925689235246],[142.90071106000005,-27.044891356235276],[142.90089416500007,-27.04487419023526],[142.90107727100008,-27.04485511723522],[142.9012603760001,-27.044836043235254],[142.90138244600007,-27.044824599235266],[142.90139770500002,-27.044824599235266],[142.9014129640001,-27.044820785235242],[142.9014129640001,-27.044822692235247],[142.90142822300004,-27.044818877235244],[142.90161132800006,-27.04479980423526],[142.90179443400007,-27.044780730235235],[142.9019775390001,-27.044763564235275],[142.90214538600003,-27.044746398235255],[142.90232849100005,-27.044727324235236],[142.90251159700006,-27.04470825123526],[142.90269470200008,-27.04468917723524],[142.90278625500002,-27.044681548235257],[142.90286254900002,-27.044670104235262],[142.9029846190001,-27.044658660235257],[142.90299987800006,-27.044658660235257],[142.903015137,-27.04465675323526],[142.90304565400004,-27.044652938235252],[142.90316772500012,-27.04463958623525],[142.90318298300008,-27.04463958623525],[142.90319824200003,-27.044637679235233],[142.90322876000005,-27.044633864235276],[142.90332031200012,-27.044626235235235],[142.9033660890001,-27.044620513235266],[142.90341186500007,-27.04461669823525],[142.9034729000001,-27.044609069235282],[142.90348815900006,-27.044607161235266],[142.903503418,-27.044605254235258],[142.903579712,-27.044599532235225],[142.90364074700005,-27.044591903235258],[142.90365600600012,-27.044591903235258],[142.90367126500007,-27.044589995235253],[142.90374755900007,-27.04458045923526],[142.9039306640001,-27.044563292235253],[142.90405273400006,-27.044549941235243],[142.904067993,-27.044548034235223],[142.90408325200008,-27.044548034235223],[142.9041137700001,-27.04454421923527],[142.90428161600005,-27.044525145235255],[142.90446472200006,-27.044507979235235],[142.904632568,-27.044488906235255],[142.90481567400002,-27.044471740235238],[142.90499877900004,-27.044454574235267],[142.9051666260001,-27.04443550023525],[142.90534973100011,-27.04441833423524],[142.905532837,-27.04439926023526],[142.90570068400007,-27.04438209423523],[142.9058837890001,-27.044363021235277],[142.9059143070001,-27.044359206235253],[142.90592956500006,-27.044359206235253],[142.90594482400002,-27.04435729923524],[142.90596008300008,-27.044355391235246],[142.9060668950001,-27.04434394723524],[142.90623474100005,-27.044326781235227],[142.9064025880001,-27.044309615235264],[142.906585693,-27.04429054223523],[142.90676879900002,-27.044273375235274],[142.90695190400004,-27.04425430223525],[142.9071197510001,-27.04423713623528],[142.90730285600011,-27.04421806223526],[142.90747070300006,-27.044200896235246],[142.90765380900007,-27.04418373023527],[142.90782165500002,-27.044164657235243],[142.90800476100003,-27.04414558323528],[142.90818786600005,-27.044128417235264],[142.90837097200006,-27.044109343235235],[142.90855407700008,-27.044090270235266],[142.90873718300008,-27.044071197235294],[142.9089202880001,-27.04405212323527],[142.9091033940001,-27.04403305023524],[142.90928649900002,-27.044013976235263],[142.90965271000005,-27.04397582923528],[142.9096374510001,-27.043977736235284],[142.90965271000005,-27.043977736235284],[142.9096679690001,-27.043973922235264],[142.90980529800004,-27.04396057023526],[142.90998840300006,-27.043941497235295],[142.9101562500001,-27.043924331235267],[142.91033935500002,-27.04390525723525],[142.91052246100003,-27.04388618423527],[142.91070556600005,-27.043867110235244],[142.91088867200006,-27.043849944235284],[142.91107177700007,-27.043832778235267],[142.91108703600003,-27.043828963235256],[142.9111022950001,-27.043828963235256],[142.91111755400004,-27.04382705623525],[142.91125488300008,-27.043813704235248],[142.91142272900004,-27.04379463123527],[142.91160583500005,-27.04377555723525],[142.91178894000006,-27.04375648423528],[142.91197204600007,-27.043737410235256],[142.91213989300002,-27.043720244235285],[142.91232299800004,-27.043703078235275],[142.9124908450001,-27.043684005235285],[142.9126739500001,-27.04366683923527],[142.91284179700006,-27.043649672235265],[142.91302490200007,-27.043634414235235],[142.91320800800008,-27.04361724823528],[142.9133911130001,-27.043601989235263],[142.9135742190001,-27.043586730235262],[142.91374206500006,-27.04356956423525],[142.91392517100007,-27.043552398235263],[142.9141082760001,-27.043537139235273],[142.9142913820001,-27.043521880235268],[142.91445922900004,-27.04350662123526],[142.91464233400006,-27.04349136323529],[142.91482543900008,-27.043474196235277],[142.91499328600003,-27.04345893823527],[142.91517639200003,-27.04344177123525],[142.91535949700005,-27.04342460523529],[142.91554260300006,-27.04340743923526],[142.91572570800008,-27.043392180235262],[142.9159088130001,-27.043376922235304],[142.91607666000004,-27.043359755235294],[142.91625976600005,-27.043344497235278],[142.91644287100007,-27.043329238235266],[142.91662597700008,-27.043313979235254],[142.91679382300003,-27.043298720235253],[142.91697692900004,-27.04328155423529],[142.91716003400006,-27.043266295235288],[142.91734314000007,-27.043249129235257],[142.9175262450001,-27.04323387023525],[142.91769409200003,-27.043218612235282],[142.91787719700005,-27.043203353235278],[142.91806030300006,-27.043186187235257],[142.91822814900002,-27.04317092823524],[142.91841125500002,-27.043155669235293],[142.91859436000004,-27.043140410235296],[142.91877746600005,-27.043123244235275],[142.91894531200012,-27.043107985235263],[142.919128418,-27.04309272723529],[142.91929626500007,-27.043075561235284],[142.92019653300008,-27.042995452235267],[142.9203796390001,-27.042980193235266],[142.92054748500004,-27.04296493423527],[142.92073059100005,-27.042949676235295],[142.92091369600007,-27.042932509235282],[142.921081543,-27.042917251235274],[142.9212799070001,-27.04290008423526],[142.92144775400004,-27.042884826235284],[142.92163085900006,-27.04286956723529],[142.92179870600012,-27.042854308235274],[142.921981812,-27.042839049235273],[142.92216491700003,-27.042823791235303],[142.9223327640001,-27.04280853223529],[142.9225158690001,-27.042791366235274],[142.92269897500012,-27.04277610723527],[142.92321777300003,-27.042726516235273],[142.92340087900004,-27.042711257235275],[142.9235687260001,-27.04269409123531],[142.92375183100012,-27.042678832235303],[142.923934937,-27.042663573235295],[142.92411804200003,-27.042646407235274],[142.9242858890001,-27.04263114823526],[142.9244689940001,-27.0426139822353],[142.92465210000012,-27.04259872323528],[142.92483520500002,-27.04258155723528],[142.92501831100003,-27.042568206235263],[142.9251861570001,-27.042552947235315],[142.9253692630001,-27.042537688235303],[142.92553710900006,-27.04252052223529],[142.92572021500007,-27.042505263235277],[142.925888062,-27.04249000423527],[142.92607116700003,-27.042474746235307],[142.92625427200005,-27.042457580235286],[142.92643737800006,-27.04244041323528],[142.92660522500012,-27.042425155235318],[142.92678833000002,-27.042411803235307],[142.92697143600003,-27.04239463723529],[142.92715454100005,-27.042379378235296],[142.92733764600007,-27.042362212235272],[142.92752075200008,-27.042346953235327],[142.9277038570001,-27.04232978723531],[142.9278869630001,-27.04231452823529],[142.92805481000005,-27.042299270235276],[142.92823791500007,-27.042284011235328],[142.928405762,-27.04226875223531],[142.92858886700003,-27.0422534932353],[142.92877197300004,-27.042236327235283],[142.9289398190001,-27.042221068235275],[142.92912292500012,-27.042205810235316],[142.92930603000002,-27.0421905512353],[142.92948913600003,-27.042173385235287],[142.92967224100005,-27.042156218235274],[142.9298400880001,-27.042139052235306],[142.930023193,-27.042123794235298],[142.93020629900002,-27.042108535235275],[142.93038940400004,-27.042091369235322],[142.9305572510001,-27.042076110235307],[142.93074035600011,-27.0420589442353],[142.930923462,-27.042045592235297],[142.93110656700003,-27.042030333235296],[142.9312744140001,-27.042013167235318],[142.9314575200001,-27.041996001235308],[142.9316406250001,-27.041980742235296],[142.93182373000002,-27.041963576235275],[142.93200683600003,-27.041946410235315],[142.93218994100005,-27.041933059235316],[142.9323577880001,-27.041919707235316],[142.9325408940001,-27.04190635623532],[142.93272399900002,-27.04189300423531],[142.93290710400004,-27.041879653235302],[142.93309021000005,-27.04186630123531],[142.9332580570001,-27.0418529502353],[142.933441162,-27.041839599235292],[142.93362426800002,-27.041828155235304],[142.93380737300004,-27.041812896235296],[142.93399047900004,-27.041799544235296],[142.93402099600007,-27.041799544235296],[142.9340515140001,-27.041795730235314],[142.93417358400006,-27.04178619323529],[142.93435668900008,-27.041772841235296],[142.93443298300008,-27.041767119235324],[142.93444824200003,-27.041765212235315],[142.93447876000005,-27.0417633052353],[142.93450927700007,-27.041761397235295],[142.9345397950001,-27.041757583235338],[142.93457031200012,-27.041755675235322],[142.93460083000002,-27.041755675235322],[142.9347229000001,-27.04174423123528],[142.93490600600012,-27.041732787235283],[142.93507385300006,-27.04171752823534],[142.93525695800008,-27.041704177235324],[142.9354400630001,-27.041688918235316],[142.9356231690001,-27.041675567235306],[142.93580627400002,-27.041660308235308],[142.93598938000002,-27.04164695623531],[142.93617248500004,-27.041635512235313],[142.93635559100005,-27.04162216123531],[142.93653869600007,-27.041608809235303],[142.93672180200008,-27.041595458235314],[142.9369049070001,-27.041580199235305],[142.9370880130001,-27.0415687552353],[142.937271118,-27.041557311235305],[142.93745422400002,-27.041542052235304],[142.9376220700001,-27.041530608235295],[142.9378051760001,-27.0415172572353],[142.93798828100012,-27.0415058132353],[142.938171387,-27.041494369235306],[142.93833923300008,-27.041481017235306],[142.9385223390001,-27.041467666235306],[142.9387054440001,-27.0414562222353],[142.93887329100005,-27.041442870235326],[142.93905639600007,-27.041431426235327],[142.939224243,-27.041418075235313],[142.93931579600007,-27.041410445235297],[142.93974304200003,-27.041379928235312],[142.93992614700005,-27.041366576235315],[142.9400939940001,-27.041355132235324],[142.94027710000012,-27.041343688235333],[142.94046020500002,-27.041328429235318],[142.94064331100003,-27.041315078235318],[142.9408111570001,-27.04130363423531],[142.9409942630001,-27.04129028223532],[142.94116210900006,-27.04127693123532],[142.94134521500007,-27.041263579235327],[142.9415283200001,-27.041250228235317],[142.94169616700003,-27.04123878423531],[142.94213867200006,-27.04120826623531],[142.94224548300008,-27.041200637235317],[142.9424285890001,-27.041187285235324],[142.9426116940001,-27.041173934235324],[142.94279480000012,-27.041160582235324],[142.94296264600007,-27.041147231235314],[142.94314575200008,-27.04113388023531],[142.9433288570001,-27.041122436235312],[142.9435119630001,-27.041109084235316],[142.943695068,-27.041095733235323],[142.94386291500007,-27.041084289235318],[142.94404602100008,-27.041070937235318],[142.9442291260001,-27.041059493235334],[142.94439697300004,-27.041048049235332],[142.94458007800006,-27.041034697235332],[142.94476318400007,-27.041023253235338],[142.9449462890001,-27.041009902235334],[142.9451293950001,-27.040996551235338],[142.9453125000001,-27.04098510623536],[142.94549560500002,-27.040971755235347],[142.94566345200008,-27.04095840423533],[142.94584655800008,-27.04094505223535],[142.94601440400004,-27.04093170123533],[142.94619751000005,-27.04091834923534],[142.94638061500007,-27.04090499823533],[142.94656372100008,-27.040891646235345],[142.9467468260001,-27.04087829523533],[142.94691467300004,-27.040864943235327],[142.94709777800006,-27.040853499235332],[142.94728088400007,-27.040842055235345],[142.9476470950001,-27.04081535223534],[142.94781494100005,-27.040803908235336],[142.9479827880001,-27.040792464235345],[142.9481658940001,-27.04077911323534],[142.94834899900002,-27.040765761235345],[142.94853210400004,-27.04075431723536],[142.94871521000005,-27.040740966235337],[142.94889831500006,-27.040727614235355],[142.94908142100007,-27.04071235623533],[142.9492645260001,-27.040700911235348],[142.9494476320001,-27.040687560235337],[142.94963073700012,-27.040674209235327],[142.94981384300002,-27.04066085723533],[142.94999694800003,-27.040647506235324],[142.9501647950001,-27.040634154235338],[142.9503479000001,-27.040622710235347],[142.95053100600012,-27.04060745123533],[142.95071411100002,-27.04059410023532],[142.95089721700003,-27.040582656235344],[142.95108032200005,-27.040569304235333],[142.95126342800006,-27.040555953235334],[142.95143127400002,-27.040544509235335],[142.95161438000002,-27.040531157235332],[142.95179748500004,-27.04051971323534],[142.95198059100005,-27.040506362235334],[142.95214843700012,-27.040491103235322],[142.952331543,-27.04047965923533],[142.95251464800003,-27.040466308235334],[142.95269775400004,-27.040452956235335],[142.95288085900006,-27.040439605235324],[142.95306396500007,-27.04042625323533],[142.9532470700001,-27.04041290223532],[142.9534301760001,-27.04040145823532],[142.95359802200005,-27.04038810623534],[142.95378112800006,-27.04037666223533],[142.95396423300008,-27.04036331123532],[142.95429992700008,-27.040338515235344],[142.9544830320001,-27.04032516423533],[142.9546661380001,-27.040309905235322],[142.95468139600007,-27.040309905235322],[142.954849243,-27.040271758235328],[142.95501709000007,-27.040229796235312],[142.9552001950001,-27.04018402023533],[142.95536804200003,-27.04014205823533],[142.95552063000002,-27.040107726235348],[142.95555114700005,-27.040100097235367],[142.95561218300008,-27.04008483823535],[142.95573425300006,-27.040058135235352],[142.95590210000012,-27.040016173235337],[142.9562835690001,-27.039922713235327],[142.95646667500012,-27.039880752235366],[142.95664978000002,-27.039834975235337],[142.95681762700008,-27.03979110623532],[142.95683288600003,-27.03978919923536],[142.95698547400002,-27.03974914523534],[142.9570312500001,-27.039739608235372],[142.95716857900004,-27.03970527523534],[142.9573364260001,-27.039663314235316],[142.95779418900008,-27.039550780235338],[142.957702637,-27.03957176123538],[142.9578247070001,-27.039539336235336],[142.95791626000005,-27.03952026323537],[142.95800781200012,-27.03949737423533],[142.95812988300008,-27.039468764235373],[142.95817565900006,-27.039455413235373],[142.9582366940001,-27.03944396923537],[142.95832824700005,-27.039419173235327],[142.95835876500007,-27.03941345123536],[142.95851135300006,-27.039377212235355],[142.95852661100002,-27.039371489235343],[142.95855712900004,-27.039365767235378],[142.95869445800008,-27.039329528235324],[142.95878601100003,-27.039310454235363],[142.9588775630001,-27.03928947323533],[142.95904541000004,-27.039247512235352],[142.95922851600005,-27.03920555023535],[142.95939636200012,-27.03916549623535],[142.95956420900006,-27.039123534235337],[142.95974731400008,-27.03908157223537],[142.95991516100003,-27.039041518235358],[142.96002197300004,-27.039014815235358],[142.9601898190001,-27.038970946235345],[142.96025085400004,-27.038959502235347],[142.9603424070001,-27.038936614235357],[142.96037292500012,-27.038930892235335],[142.96038818400007,-27.03892517023537],[142.96046447800006,-27.038906096235337],[142.96054077100007,-27.03888702323536],[142.96064758300008,-27.03886222723538],[142.96072387700008,-27.038845061235353],[142.96089172400002,-27.038801192235393],[142.9609069820001,-27.038795470235364],[142.9610595700001,-27.038742064235354],[142.96122741700003,-27.03868102923537],[142.9613952640001,-27.038619994235386],[142.96154785200008,-27.03855705223539],[142.96171569800003,-27.038496016235356],[142.9618835450001,-27.038433074235357],[142.96205139200003,-27.038370131235368],[142.9620666500001,-27.03836440923534],[142.96208190900006,-27.038362502235397],[142.962097168,-27.03836059523538],[142.96211242700008,-27.038358687235373],[142.9622192380001,-27.038347243235386],[142.9624023440001,-27.03833007723536],[142.96258544900002,-27.038312911235394],[142.96276855500003,-27.03829765223539],[142.96308898900008,-27.038263320235355],[142.96310424800004,-27.038261413235393],[142.96325683600003,-27.038219451235385],[142.96343994100005,-27.0381717672354],[142.9636077880001,-27.038124083235363],[142.96377563500005,-27.03807830723539],[142.96395874000007,-27.03803062323535],[142.96395874000007,-27.038028716235402],[142.964126587,-27.037981032235354],[142.96423339800003,-27.03795432923536],[142.96429443400007,-27.037935256235382],[142.96438598600002,-27.037914275235412],[142.96446228000002,-27.0378894802354],[142.96463012700008,-27.03784370323537],[142.96479797400002,-27.0377979272354],[142.96498107900004,-27.03775215023538],[142.9650726320001,-27.037727355235376],[142.9651489260001,-27.03770446723539],[142.96531677200005,-27.03765678323541],[142.96549987800006,-27.037609099235368],[142.96566772500012,-27.03756141623538],[142.96583557100007,-27.037515639235412],[142.966003418,-27.037467956235357],[142.96618652300003,-27.03742027223538],[142.9663543700001,-27.037374495235365],[142.96652221700003,-27.03732681223537],[142.9666900630001,-27.037281035235402],[142.96685791000004,-27.037233352235415],[142.9670257570001,-27.03718566823537],[142.96707153300008,-27.037174224235383],[142.9671020510001,-27.037166594235416],[142.96711731000005,-27.03715896523538],[142.96720886200012,-27.0371379842354],[142.96737670900006,-27.037090301235413],[142.96742248500004,-27.037075042235404],[142.96754455600012,-27.037044524235377],[142.96771240200007,-27.036998748235405],[142.9680786130001,-27.03689575123541],[142.96824646000005,-27.03684997523537],[142.9684143070001,-27.036804198235405],[142.96858215300006,-27.036758422235412],[142.96876525900007,-27.036710738235396],[142.96893310500002,-27.036661147235403],[142.96910095200008,-27.03661537123542],[142.96926879900002,-27.03656959423539],[142.96945190400004,-27.03652191123541],[142.9696197510001,-27.036474227235427],[142.96978759800004,-27.03642845123539],[142.969909668,-27.03639411823542],[142.97024536100002,-27.03630256623541],[142.97058105500003,-27.036209105235393],[142.9707489010001,-27.036161422235402],[142.9709320070001,-27.036115645235384],[142.97109985400004,-27.036067962235393],[142.9712677000001,-27.036020278235416],[142.97145080600012,-27.035972594235435],[142.97161865200007,-27.03592300323544],[142.97178649900002,-27.035875319235405],[142.97196960400004,-27.035825728235427],[142.9721374510001,-27.035778045235418],[142.9723205570001,-27.035732268235403],[142.97248840300006,-27.035684585235412],[142.9726562500001,-27.035634994235416],[142.97283935500002,-27.035589217235394],[142.97300720200008,-27.03554153323542],[142.97317504900002,-27.03549194223543],[142.97334289600008,-27.035446166235445],[142.9735260010001,-27.035398482235404],[142.97369384800004,-27.035352706235425],[142.9738616940001,-27.035303115235433],[142.97402954100005,-27.03525733823541],[142.97421264600007,-27.035209655235427],[142.974380493,-27.035163878235448],[142.97454834000007,-27.035116195235403],[142.974716187,-27.03507041823544],[142.97489929200003,-27.035022735235454],[142.9750671390001,-27.034973144235458],[142.9752502440001,-27.034923552235423],[142.97541809100005,-27.034877776235444],[142.97560119600007,-27.034830092235474],[142.975769043,-27.03478240923542],[142.97593689000007,-27.03473472523543],[142.9761199950001,-27.03468704123545],[142.97628784200003,-27.03464126523542],[142.9764556880001,-27.03459358123544],[142.9766387940001,-27.03454589723546],[142.97680664100005,-27.034498214235413],[142.97697448700012,-27.034450530235432],[142.97715759300002,-27.03440284623546],[142.97732543900008,-27.034355163235464],[142.97740173300008,-27.03433799623545],[142.9775085450001,-27.034305572235485],[142.97766113300008,-27.034254073235427],[142.97782897900004,-27.03420066723548],[142.97801208500005,-27.034145354235456],[142.9781799320001,-27.03409004123544],[142.97834777800006,-27.03403663523545],[142.9785156250001,-27.033983230235485],[142.97868347200006,-27.033931731235423],[142.978851318,-27.03387641823547],[142.97903442400002,-27.03382110523546],[142.97920227100008,-27.033769607235445],[142.97937011700003,-27.033714293235445],[142.9795379640001,-27.033658980235472],[142.97970581100003,-27.033605575235477],[142.9798736570001,-27.033552169235463],[142.9800567630001,-27.03349685623544],[142.98022460900006,-27.0334434502355],[142.98039245600012,-27.033388137235473],[142.980575562,-27.03333282423546],[142.98074340800008,-27.033277511235497],[142.98091125500002,-27.03322219723549],[142.98107910200008,-27.033166884235467],[142.9812622070001,-27.033113479235457],[142.98143005400004,-27.03305816623549],[142.98161315900006,-27.033004760235503],[142.98178100600012,-27.032949447235474],[142.98194885300006,-27.032894134235452],[142.98213195800008,-27.032838820235444],[142.98229980500003,-27.0327835072355],[142.9824676510001,-27.032730102235476],[142.98263549800004,-27.03267669623548],[142.98281860400004,-27.032621383235508],[142.9829864500001,-27.032564162235488],[142.98315429700006,-27.03251075623549],[142.98333740200007,-27.032455443235452],[142.98350524900002,-27.032398223235493],[142.98387146000005,-27.032281875235494],[142.98417663600003,-27.03218650723548],[142.9843444820001,-27.032133101235463],[142.98451232900004,-27.032079696235503],[142.98469543500005,-27.03202438323549],[142.98486328100012,-27.031969069235483],[142.985046387,-27.031913756235525],[142.98521423300008,-27.031858443235507],[142.98538208000002,-27.03180313023549],[142.98554992700008,-27.03174972423549],[142.9857330320001,-27.03169441123552],[142.98590087900004,-27.0316390982355],[142.9860687260001,-27.031585692235502],[142.98623657200005,-27.031532287235475],[142.9864044190001,-27.031476973235492],[142.98657226600005,-27.031423568235525],[142.98674011200012,-27.03137016223552],[142.98690795900006,-27.0313167562355],[142.98707580600012,-27.031263350235502],[142.98724365200007,-27.031208037235487],[142.98742675800008,-27.03115463223553],[142.98759460400004,-27.03109931823553],[142.9877624510001,-27.031044005235508],[142.98793029800004,-27.0309925072355],[142.9880981450001,-27.03093719423554],[142.98826599100005,-27.030883788235535],[142.9884338380001,-27.030828475235506],[142.98860168500005,-27.030775069235506],[142.98876953100012,-27.030721663235507],[142.98893737800006,-27.03066635023554],[142.98910522500012,-27.030611037235523],[142.98927307100007,-27.030559539235515],[142.989440918,-27.030504226235504],[142.98960876500007,-27.030450820235504],[142.9897918700001,-27.03039550723554],[142.98995971700003,-27.030342101235536],[142.9901275630001,-27.030288695235527],[142.99029541000004,-27.03023338223552],[142.99043273900008,-27.030189513235552],[142.99058532700008,-27.030139922235552],[142.99073791500007,-27.03009033123551],[142.99089050300006,-27.030040740235513],[142.99104309100005,-27.029991149235514],[142.99121093700012,-27.029941558235535],[142.9913635250001,-27.029891967235532],[142.9915161130001,-27.029842376235546],[142.9916687010001,-27.02979278523555],[142.9917755130001,-27.029752730235554],[142.9918212890001,-27.029739379235554],[142.991958618,-27.029695510235527],[142.99212646500007,-27.029644011235533],[142.99227905300006,-27.02959632823553],[142.99240112300004,-27.029556273235546],[142.99255371100003,-27.02950668223555],[142.99272155800008,-27.02945518423555],[142.99287414600008,-27.02940559323556],[142.99302673300008,-27.029354094235565],[142.99319458000002,-27.029304503235576],[142.993347168,-27.029251098235555],[142.99351501500007,-27.02920150723556],[142.99366760300006,-27.029148101235556],[142.99383544900002,-27.029098510235567],[142.993988037,-27.029047011235576],[142.99415588400007,-27.02899551323558],[142.99430847200006,-27.02894401523556],[142.99446106000005,-27.028894423235528],[142.99462890600012,-27.028842925235583],[142.9947814940001,-27.02879142723559],[142.99494934100005,-27.028739928235584],[142.99510192900004,-27.02869033723553],[142.99525451700003,-27.02863883923553],[142.99543762200005,-27.028585433235587],[142.9956054690001,-27.028530120235565],[142.99577331500006,-27.028476714235556],[142.995941162,-27.02842140123554],[142.99610900900007,-27.02836608823558],[142.99627685500002,-27.02831458923559],[142.99644470200008,-27.02825927623557],[142.99661254900002,-27.028205871235564],[142.99679565400004,-27.028152465235554],[142.9969635010001,-27.02809715223559],[142.99713134800004,-27.028043746235582],[142.9972991940001,-27.02798843323557],[142.99783325200008,-27.02781677123556],[142.99795532200005,-27.027778624235555],[142.9981231690001,-27.027723311235597],[142.99829101600005,-27.02766799823559],[142.99845886200012,-27.027614593235562],[142.99862670900006,-27.027559279235565],[142.99879455600012,-27.027503966235603],[142.99897766100003,-27.027450561235575],[142.99914550800008,-27.02739715523558],[142.99931335400004,-27.027343749235566],[142.9994812010001,-27.02728843623561],[142.99964904800004,-27.027233123235586],[142.9998168950001,-27.027179717235587],[142.99998474100005,-27.027124404235575],[143.0001525880001,-27.02706909123561],[143.00032043500005,-27.027015685235607],[143.00050354000007,-27.026960372235585],[143.000671387,-27.026905059235563],[143.00083923300008,-27.02685165323562],[143.00100708000002,-27.026796340235602],[143.00117492700008,-27.026741027235587],[143.0013580320001,-27.026687621235588],[143.00152587900004,-27.026630401235607],[143.0016937260001,-27.02657508823559],[143.00187683100012,-27.02652168223558],[143.00204467800006,-27.026466369235624],[143.00219726600005,-27.026412963235614],[143.00236511200012,-27.02635955723562],[143.00253295900006,-27.0263061512356],[143.00271606400008,-27.026250838235597],[143.00288391100003,-27.026195525235632],[143.00305175800008,-27.02614211923563],[143.00321960400004,-27.026088714235627],[143.0033874510001,-27.026035308235603],[143.00355529800004,-27.025979995235588],[143.0037231450001,-27.025926589235635],[143.00389099100005,-27.025871276235616],[143.0040588380001,-27.025817870235617],[143.00422668500005,-27.02576446423561],[143.00439453100012,-27.02570915123559],[143.00456237800006,-27.02565574523558],[143.00473022500012,-27.025602340235643],[143.00489807100007,-27.02554893423562],[143.005065918,-27.025493621235608],[143.00523376500007,-27.025440215235605],[143.00540161100002,-27.0253868092356],[143.00556945800008,-27.025333404235624],[143.00573730500003,-27.025278090235624],[143.0059051510001,-27.025224685235628],[143.00607299800004,-27.025169372235656],[143.0062408450001,-27.0251178732356],[143.00640869100005,-27.025062560235646],[143.00659179700006,-27.025009154235633],[143.0067596440001,-27.024953841235615],[143.00691223100011,-27.024900435235615],[143.007095337,-27.024847030235655],[143.00726318400007,-27.024793624235645],[143.00743103000002,-27.024738311235634],[143.00759887700008,-27.024684905235617],[143.00776672400002,-27.02462959223561],[143.0079345700001,-27.024576186235656],[143.00810241700003,-27.02452278023566],[143.0082702640001,-27.024469375235643],[143.00843811000004,-27.02441596923563],[143.0086059570001,-27.024360656235615],[143.00877380400004,-27.024307250235662],[143.0089416500001,-27.024251937235643],[143.00910949700005,-27.024198531235637],[143.0092773440001,-27.024143218235626],[143.00946044900002,-27.024087905235675],[143.00962829600007,-27.024034499235654],[143.00979614300002,-27.02397918623565],[143.00996398900008,-27.023931502235666],[143.00996398900008,-27.023923873235624],[143.01013183600003,-27.02386856023567],[143.01029968300008,-27.023815154235663],[143.0104827880001,-27.023761748235653],[143.01065063500005,-27.023706435235635],[143.01080322300004,-27.023651122235687],[143.01095581100003,-27.023597716235663],[143.0111236570001,-27.023544311235653],[143.01142883300008,-27.02344512823568],[143.01159668000003,-27.02339172323567],[143.0117645260001,-27.02333831723567],[143.01193237300004,-27.023284911235656],[143.0121002200001,-27.023229598235645],[143.0122833250001,-27.02317428523568],[143.01245117200006,-27.02311897223566],[143.0126190190001,-27.023065566235662],[143.01277160600011,-27.023012160235655],[143.01293945300006,-27.02296066223564],[143.01310730000012,-27.02290725623564],[143.01327514600007,-27.022855758235703],[143.013442993,-27.022802352235693],[143.01361084000007,-27.022747039235675],[143.013778687,-27.022691726235657],[143.01396179200003,-27.022638320235654],[143.0141296390001,-27.022583007235692],[143.01429748500004,-27.022529601235686],[143.0144653320001,-27.02247619523566],[143.01463317900004,-27.022420882235654],[143.0148010250001,-27.022367476235654],[143.01496887200005,-27.0223121632357],[143.0151367190001,-27.02225875823568],[143.01531982400002,-27.02220344423567],[143.01548767100007,-27.022148131235713],[143.01565551800002,-27.02209281823569],[143.01582336400008,-27.022037505235673],[143.01599121100003,-27.021982192235658],[143.01615905800008,-27.02193069423571],[143.0163421630001,-27.021875380235706],[143.0164947510001,-27.02182006723569],[143.01666259800004,-27.02176856923569],[143.01684570300006,-27.021713256235667],[143.01699829100005,-27.021661757235666],[143.0171661380001,-27.021608352235702],[143.01733398400006,-27.02155113123569],[143.01751709000007,-27.021493911235723],[143.017684937,-27.0214385982357],[143.01785278300008,-27.02138328523569],[143.01834106400008,-27.021226882235695],[143.01838684100005,-27.02121543823569],[143.01838684100005,-27.021213530235684],[143.01840210000012,-27.021213530235684],[143.01841735800008,-27.021213530235684],[143.01843261700003,-27.02121543823569],[143.01843261700003,-27.021217345235705],[143.01846313500005,-27.021221160235726],[143.0185241700001,-27.021240233235698],[143.01869201700003,-27.02128601023571],[143.01887512200005,-27.021333693235707],[143.0190429690001,-27.021379470235672],[143.01922607400002,-27.021423339235703],[143.01939392100007,-27.021469115235682],[143.01956176800002,-27.021516799235716],[143.01971435500002,-27.021554946235707],[143.01972961400008,-27.021562575235688],[143.0199127200001,-27.021610259235672],[143.01997375500002,-27.021629332235705],[143.02006530800008,-27.02165031323568],[143.02008056600005,-27.0216560352357],[143.0202484130001,-27.021701812235666],[143.0204315190001,-27.021749495235657],[143.02056884800004,-27.021789550235724],[143.02059936500007,-27.021795272235686],[143.020767212,-27.02184295623567],[143.02095031700003,-27.0218887322357],[143.02098083500005,-27.02189636123568],[143.0211181640001,-27.021932601235665],[143.02116394000006,-27.021944045235664],[143.02128601100003,-27.02197837723571],[143.0214538570001,-27.02202224623568],[143.0216369630001,-27.0220680232357],[143.02180481000005,-27.022113799235672],[143.0218658450001,-27.02212715023568],[143.02198791500007,-27.0221614832357],[143.02210998500004,-27.022193908235675],[143.022155762,-27.02220725923568],[143.02232360800008,-27.02225685023568],[143.0225067140001,-27.022302627235703],[143.02267456100003,-27.02234649623567],[143.02297973600002,-27.022428512235688],[143.02314758300008,-27.02247428823566],[143.02331543000003,-27.0225200642357],[143.02345275900007,-27.022556304235685],[143.0234832760001,-27.02256774823568],[143.0235595700001,-27.022586822235702],[143.02360534700006,-27.0225963582357],[143.0236663820001,-27.02261352423567],[143.0237426760001,-27.022636413235706],[143.02383422900004,-27.02266120823569],[143.02412414600008,-27.022743224235665],[143.02420043900008,-27.02275657623565],[143.02421569800003,-27.02276039023568],[143.0242309570001,-27.02276420523569],[143.02424621600005,-27.022768020235652],[143.02424621600005,-27.022769927235668],[143.02426147500012,-27.02277564923569],[143.02427673300008,-27.022779464235644],[143.02435302700007,-27.022798537235676],[143.02455139200003,-27.02284812823567],[143.02462768600003,-27.02287101623566],[143.02468872100008,-27.022886275235674],[143.02478027300003,-27.022912978235667],[143.02482605000012,-27.02292442223566],[143.02496337900004,-27.02296256923566],[143.02508544900002,-27.02299117923568],[143.02511596700003,-27.02300262423565],[143.0262603760001,-27.023305892235634],[143.02627563500005,-27.023309707235647],[143.0262908940001,-27.02331161423566],[143.02632141100003,-27.023305892235634],[143.02830505400004,-27.022577285235666],[143.02844238300008,-27.022529601235686],[143.0285491940001,-27.022489547235676],[143.028579712,-27.02247619523566],[143.02871704100005,-27.022426604235694],[143.0288543700001,-27.022375106235692],[143.02899169900002,-27.022327422235698],[143.02912902800006,-27.022275924235707],[143.0292663570001,-27.022224425235706],[143.029403687,-27.02217483423566],[143.02955627400002,-27.022123336235715],[143.02969360400004,-27.022073745235666],[143.02983093300008,-27.022022246235668],[143.029968262,-27.021970748235663],[143.03010559100005,-27.021921157235674],[143.0302429200001,-27.021869658235694],[143.03041076700003,-27.02181053123569],[143.03056335400004,-27.02175331023568],[143.03071594200003,-27.021696090235693],[143.03086853000002,-27.021640777235685],[143.03103637700008,-27.021581649235713],[143.03118896500007,-27.02152633623569],[143.03134155300006,-27.02146720823573],[143.03149414100005,-27.021409987235707],[143.03166198700012,-27.02135467423569],[143.0318145750001,-27.021295546235706],[143.03216552700007,-27.021169661235717],[143.03225708000002,-27.021133422235724],[143.03228759800004,-27.0211257922357],[143.03230285600011,-27.021120070235675],[143.03242492700008,-27.021095275235734],[143.03257751500007,-27.021059035235687],[143.03274536100002,-27.021020888235686],[143.03291320800008,-27.020984649235697],[143.03308105500003,-27.020946502235706],[143.03323364300002,-27.02091026223571],[143.03341674800004,-27.02087211523572],[143.03356933600003,-27.020833968235728],[143.03373718300008,-27.020799636235743],[143.03390502900004,-27.020763396235704],[143.03404235800008,-27.020727157235694],[143.03421020500002,-27.020692824235727],[143.034362793,-27.020658492235683],[143.03451538100012,-27.020622252235707],[143.03468322800006,-27.020586013235707],[143.03483581500006,-27.020547866235695],[143.035003662,-27.020513534235732],[143.03514099100005,-27.02047920123569],[143.03529357900004,-27.020446776235723],[143.0354614260001,-27.020410537235726],[143.03570556600005,-27.020351409235698],[143.03596496600005,-27.020280837235738],[143.03613281200012,-27.02023506123575],[143.036315918,-27.020189284235727],[143.03633117700008,-27.02018547023571],[143.03648376500007,-27.0201454152357],[143.0366668700001,-27.020097732235712],[143.03683471700003,-27.020053863235745],[143.03701782200005,-27.020008086235727],[143.0371856690001,-27.01996231023574],[143.03736877400002,-27.01991653323572],[143.03753662100007,-27.01987266423576],[143.03770446800002,-27.01982879523573],[143.03787231400008,-27.019783019235746],[143.03804016100003,-27.019739150235722],[143.03820800800008,-27.019695281235702],[143.03837585400004,-27.019651412235735],[143.03855896000005,-27.019607543235725],[143.0387268070001,-27.019561767235746],[143.038909912,-27.01951408323575],[143.03907775900007,-27.019468306235733],[143.03924560500002,-27.019424437235706],[143.03942871100003,-27.01938056823575],[143.03959655800008,-27.019336699235726],[143.03976440400004,-27.019290923235747],[143.0399322510001,-27.019245147235768],[143.04011535600011,-27.01920127823575],[143.04028320300006,-27.019157409235717],[143.04045105000012,-27.019113540235747],[143.04061889600007,-27.01906967123573],[143.04080200200008,-27.019023894235765],[143.04096984900002,-27.018978118235726],[143.0411376950001,-27.01893615623573],[143.04130554200003,-27.018892287235754],[143.04145813000002,-27.018852233235744],[143.04161071800002,-27.018812179235738],[143.04177856400008,-27.01877021723572],[143.04193115200007,-27.01873016323577],[143.04208374000007,-27.018688201235754],[143.042251587,-27.018648147235755],[143.04240417500012,-27.018606185235743],[143.0425567630001,-27.018566131235723],[143.04272460900006,-27.01852416923578],[143.04287719700005,-27.018484115235772],[143.04302978500004,-27.018444060235765],[143.04318237300004,-27.018404006235762],[143.0433502200001,-27.01836204423576],[143.04350280800008,-27.018321990235744],[143.04365539600008,-27.01828002823579],[143.04382324200003,-27.0182418812358],[143.04397583000002,-27.01819992023576],[143.04414367700008,-27.01815986523577],[143.04429626500007,-27.01811599623574],[143.04446411100002,-27.018074035235784],[143.04461669900002,-27.01803398023579],[143.04478454600007,-27.017990111235758],[143.04493713400007,-27.017950057235744],[143.04510498000002,-27.017908095235743],[143.045257568,-27.017868041235783],[143.04541015600012,-27.01782798723578],[143.04557800300006,-27.01778602523576],[143.04573059100005,-27.01774406323577],[143.04588317900004,-27.017704009235747],[143.04623413100012,-27.017612456235742],[143.0465087890001,-27.017543792235774],[143.04667663600003,-27.0174961082358],[143.04685974100005,-27.017452239235773],[143.0470275880001,-27.0174064632358],[143.047210693,-27.017360686235772],[143.04737854000007,-27.017314910235797],[143.04756164600008,-27.017269134235764],[143.04772949200003,-27.017223357235796],[143.0478973390001,-27.017179488235772],[143.04806518600003,-27.017137526235757],[143.0482330320001,-27.017091750235778],[143.04840087900004,-27.01704788123576],[143.0485687260001,-27.017004012235798],[143.04873657200005,-27.016960143235767],[143.04891967800006,-27.016916274235793],[143.04908752400002,-27.016872405235787],[143.04925537100007,-27.016826629235805],[143.04943847700008,-27.016780852235772],[143.04960632300003,-27.0167350762358],[143.0497741700001,-27.016691207235777],[143.0499572750001,-27.016643523235803],[143.05014038100012,-27.01659774723581],[143.05030822800006,-27.016553878235797],[143.05047607400002,-27.016508101235765],[143.05065918000003,-27.016462325235803],[143.0508270260001,-27.016418456235765],[143.05099487300004,-27.016374587235806],[143.0511627200001,-27.01633071823578],[143.0513458250001,-27.016283034235805],[143.05151367200006,-27.016239165235778],[143.05169677700007,-27.016195296235818],[143.05186462400002,-27.01614952023579],[143.05203247100008,-27.016103744235792],[143.0522155760001,-27.016059874235783],[143.05238342300004,-27.0160121912358],[143.0525512700001,-27.015968322235825],[143.0527343750001,-27.0159225452358],[143.05290222200006,-27.015876769235824],[143.05308532700008,-27.015830993235802],[143.05325317400002,-27.015787124235825],[143.05342102100008,-27.0157432552358],[143.05358886700003,-27.01569747823585],[143.05377197300004,-27.01565170223579],[143.0539398190001,-27.015607833235833],[143.05410766600005,-27.015562056235815],[143.05429077100007,-27.015516280235822],[143.054458618,-27.015470504235793],[143.05464172400002,-27.01542663523583],[143.0548095700001,-27.015380858235808],[143.0549926760001,-27.015335082235826],[143.05516052200005,-27.015291213235813],[143.0553283690001,-27.01524734423584],[143.05549621600005,-27.015201568235803],[143.05567932100007,-27.015157699235846],[143.055847168,-27.015110015235802],[143.05603027300003,-27.01506423923582],[143.0561981200001,-27.015020369235817],[143.05636596700003,-27.01497459323584],[143.05654907200005,-27.01493072423581],[143.0567169190001,-27.014884948235842],[143.05690002400002,-27.01483917123581],[143.05706787100007,-27.014793395235834],[143.05723571800002,-27.014747619235848],[143.05740356400008,-27.014703750235828],[143.0575866700001,-27.01465606623585],[143.05775451700003,-27.01461219723583],[143.0579223630001,-27.01456642123585],[143.05809021000005,-27.014520644235823],[143.0582580570001,-27.014474868235844],[143.058441162,-27.01442909123583],[143.05876159700006,-27.01434326123583],[143.058929443,-27.014297484235815],[143.05909729000007,-27.014253615235837],[143.0596160890001,-27.01411628623586],[143.05978393600003,-27.014070510235833],[143.05996704100005,-27.014022826235852],[143.0601348880001,-27.013975142235857],[143.060317993,-27.01392936623583],[143.06050109900002,-27.013883590235853],[143.0606689450001,-27.01383399923586],[143.06083679200003,-27.01378822223583],[143.06101989700005,-27.013742446235867],[143.0611877440001,-27.013696670235824],[143.06135559100005,-27.01365280123586],[143.06153869600007,-27.01360702423583],[143.061706543,-27.013561248235867],[143.06187439000007,-27.01351737923584],[143.06204223600002,-27.013471602235864],[143.06221008300008,-27.01342582623583],[143.06237793000003,-27.01338005023585],[143.06256103500004,-27.01333427323583],[143.0627288820001,-27.01329040423586],[143.06289672900004,-27.013244628235825],[143.0630645750001,-27.013198852235845],[143.06323242200006,-27.013151168235872],[143.06341552700007,-27.013103484235835],[143.06358337400002,-27.013055800235858],[143.06375122100008,-27.013010024235875],[143.06391906700003,-27.01296234023584],[143.06410217300004,-27.01291656423586],[143.0642700200001,-27.01287078823589],[143.06443786600005,-27.012823104235846],[143.0646057130001,-27.01277732723588],[143.064788818,-27.012729644235886],[143.06495666500007,-27.012680053235844],[143.06513977100008,-27.012634276235875],[143.06530761700003,-27.01258850023589],[143.0654754640001,-27.012540816235855],[143.0656585690001,-27.012491225235863],[143.06582641600005,-27.012445449235884],[143.0659942630001,-27.012399672235865],[143.0664825440001,-27.012266158235906],[143.066513062,-27.01225852923586],[143.06666564900002,-27.012212752235886],[143.06683349600007,-27.012153624235868],[143.06700134300002,-27.012096404235884],[143.06715393100012,-27.012041091235876],[143.0673065190001,-27.011989593235867],[143.06745910600011,-27.011936187235854],[143.0676116940001,-27.011886596235872],[143.0677642820001,-27.01183509723588],[143.0679168700001,-27.011783599235883],[143.06806945800008,-27.011734008235884],[143.068206787,-27.011686324235907],[143.0685119630001,-27.01158142023589],[143.0686645510001,-27.01152801423589],[143.0688171390001,-27.011476516235884],[143.06898498500004,-27.011423110235867],[143.06913757300003,-27.011369704235886],[143.06929016100003,-27.01131629823587],[143.06944274900002,-27.011264800235924],[143.069595337,-27.011211394235918],[143.06974792500012,-27.011157989235905],[143.06991577100007,-27.011106490235903],[143.0700531010001,-27.011054992235906],[143.07022094700005,-27.011001586235903],[143.07037353500004,-27.010948180235893],[143.07052612300004,-27.01089668223588],[143.07067871100003,-27.010845183235894],[143.07083129900002,-27.010793685235893],[143.070983887,-27.010740279235883],[143.07113647500012,-27.01068878123588],[143.07130432100007,-27.010635375235935],[143.07145690900006,-27.010583877235916],[143.07160949700005,-27.01053047123592],[143.07176208500005,-27.010478972235934],[143.07191467300004,-27.010427474235936],[143.0720825200001,-27.010370254235898],[143.07225036600005,-27.01031303323594],[143.0724182130001,-27.0102558132359],[143.07258606000005,-27.01019859223589],[143.07275390600012,-27.010139464235905],[143.07292175300006,-27.01008224423593],[143.07308960000012,-27.010025023235926],[143.07325744600007,-27.009967803235902],[143.0737304690001,-27.009807586235926],[143.07374572800006,-27.009807586235926],[143.07376098600002,-27.0098037712359],[143.07394409200003,-27.00978279023594],[143.0741119380001,-27.009761809235897],[143.0742950440001,-27.009742736235918],[143.07447814900002,-27.00972175523594],[143.07466125500002,-27.009702681235932],[143.07484436000004,-27.00968170123593],[143.0750122070001,-27.009660720235903],[143.07519531200012,-27.00964164623595],[143.075378418,-27.0096225732359],[143.07556152300003,-27.009601592235924],[143.0756835940001,-27.009586333235923],[143.0757293700001,-27.00958061123595],[143.0759124760001,-27.00956344523593],[143.07608032200005,-27.009542464235953],[143.07626342800006,-27.009523391235927],[143.07644653300008,-27.009502410235942],[143.0766296390001,-27.00948333623592],[143.07679748500004,-27.009464263235948],[143.07698059100005,-27.00944328223591],[143.07716369600007,-27.009424209235938],[143.07734680200008,-27.0094032282359],[143.07751464800003,-27.00938415423593],[143.07769775400004,-27.00936317323591],[143.07788085900006,-27.00934410023594],[143.0780181880001,-27.009328841235924],[143.07818603500004,-27.00930976823595],[143.07832336400008,-27.00929260223592],[143.07847595200008,-27.009273528235966],[143.07862849100002,-27.009252554235918]]]},"properties":{"id":"ga:pipe0:273","layer":"pipelines_oil","name":"Tarbat to Jackson Trunkline","subtype":"Oil pipeline","status":"fully capable of operation.","country":"AU","state":"Queensland","source":"Geoscience Australia","source_url":"https://digital.atlas.gov.au/datasets/digitalatlas::gas-pipelines/about","license":"CC BY 4.0","length_km":1.25208727,"spatial_confidence":"0"}},{"type":"Feature","geometry":{"type":"MultiLineString","coordinates":[[[139.53586391800002,-28.063559628216066],[139.53578186000004,-28.0631961812161]],[[139.6095275880001,-28.170475005214108],[139.60760498000002,-28.170473098214103],[139.60560607900004,-28.17002868621413],[139.6030273440001,-28.16938018721412],[139.602798462,-28.169260024214154],[139.5993499760001,-28.167591094214202],[139.58978271500007,-28.159631728214322],[139.5859375000001,-28.144510268214617],[139.5853424070001,-28.143981933214604],[139.58059692400002,-28.139265059214704],[139.57267761200012,-28.13018417321487],[139.563735962,-28.123899459214982],[139.557800293,-28.12169837921499],[139.5545043950001,-28.12029266321506],[139.54533386200012,-28.112802504215153],[139.54338073700012,-28.10390090821533],[139.5424804690001,-28.10051536521542],[139.53909301800002,-28.077861785215834],[139.53586391800002,-28.063559628216066]]]},"properties":{"id":"ga:pipe0:274","layer":"pipelines_oil","name":"Callawonga Pipeline","subtype":"Oil pipeline","status":"fully capable of operation.","country":"AU","state":"South Australia","source":"Geoscience Australia","source_url":"https://digital.atlas.gov.au/datasets/digitalatlas::gas-pipelines/about","license":"CC BY 4.0","length_km":0.14154313000000002,"spatial_confidence":"0"}},{"type":"Feature","geometry":{"type":"MultiLineString","coordinates":[[[140.6844340010001,-27.073703818234677],[140.68441772500012,-27.073297500234705],[140.68458557100007,-27.072618483234724]],[[140.67546081500006,-27.112884520233933],[140.67546081500006,-27.112407683233933],[140.6757507320001,-27.111043929233944],[140.67712402300003,-27.108963012233982],[140.67813110400004,-27.10713195723406],[140.678405762,-27.10643768223406],[140.67892456100003,-27.10172843823414],[140.67939758300008,-27.098958968234204],[140.67955017100007,-27.098505019234207],[140.68151855500003,-27.09477424523425],[140.68190002400002,-27.09341430623429],[140.68547058100012,-27.08364677323448],[140.68550109900002,-27.082994460234495],[140.6851806640001,-27.078680037234598],[140.6846160890001,-27.076646804234624],[140.68452453600003,-27.07596397323462],[140.6844340010001,-27.073703818234677]]]},"properties":{"id":"ga:pipe0:275","layer":"pipelines_oil","name":"Telopea 1 Flowline","subtype":"Oil pipeline","status":"fully capable of operation.","country":"AU","state":"South Australia","source":"Geoscience Australia","source_url":"https://digital.atlas.gov.au/datasets/digitalatlas::gas-pipelines/about","license":"CC BY 4.0","length_km":0.04240368,"spatial_confidence":"0"}},{"type":"Feature","geometry":{"type":"LineString","coordinates":[[140.67561340300006,-27.117347716233873],[140.67549133300008,-27.117004394233888],[140.6755981450001,-27.116031646233857],[140.67553710900006,-27.11345291023394],[140.67546081500006,-27.112884520233933]]},"properties":{"id":"ga:pipe0:276","layer":"pipelines_oil","name":"Telopea 2 Flowline","subtype":"Oil pipeline","status":"fully capable of operation.","country":"AU","state":"South Australia","source":"Geoscience Australia","source_url":"https://digital.atlas.gov.au/datasets/digitalatlas::gas-pipelines/about","license":"CC BY 4.0","length_km":0.0044959200000000005,"spatial_confidence":"0"}},{"type":"Feature","geometry":{"type":"MultiLineString","coordinates":[[[141.98542785600011,-28.003900527217194],[141.9872741700001,-28.010187148217035],[141.9878692630001,-28.01292228621703],[141.99026489300002,-28.016956328216967],[141.99116516100003,-28.019102096216915],[141.9914398190001,-28.023248671216827],[141.991394043,-28.023469924216826],[141.99122619600007,-28.023679732216802],[141.9895629880001,-28.02466964621678],[141.9874572750001,-28.026905059216727],[141.98348999000007,-28.029037475216693],[141.9801025390001,-28.031026839216707],[141.97808837900004,-28.031991958216686],[141.9716033940001,-28.03440856821659],[141.96914449100007,-28.03674276221656]],[[141.96914449100007,-28.03674276221656],[141.96788024900002,-28.037942885216534],[141.96621704100005,-28.041858672216502]]]},"properties":{"id":"ga:pipe0:277","layer":"pipelines_oil","name":"Tennaperra 2 Flowline","subtype":"Oil pipeline","status":"fully capable of operation.","country":"AU","state":"Queensland","source":"Geoscience Australia","source_url":"https://digital.atlas.gov.au/datasets/digitalatlas::gas-pipelines/about","license":"CC BY 4.0","length_km":0.053001240000000005,"spatial_confidence":"0"}},{"type":"Feature","geometry":{"type":"LineString","coordinates":[[141.99098205600012,-28.006887435217113],[141.99055481000005,-28.00733566221709],[141.99040222200006,-28.007457732217127],[141.98965454100005,-28.007955550217105],[141.989517212,-28.008028029217076],[141.98931884800004,-28.008106231217074],[141.98916626000005,-28.0081481922171],[141.98901367200006,-28.008176803217104],[141.98886108400006,-28.00819015421711],[141.98875427200005,-28.008192061217127],[141.98854064900002,-28.008172988217083],[141.98770141600005,-28.00804901021712],[141.98759460400004,-28.008041381217076],[141.98747253400006,-28.00804328821708],[141.98731994600007,-28.008062362217103],[141.98716735800008,-28.008100509217105],[141.98672485400004,-28.008285521217086]]},"properties":{"id":"ga:pipe0:278","layer":"pipelines_oil","name":"Tennaperra 4 Flowline","subtype":"Oil pipeline","status":"fully capable of operation.","country":"AU","state":"Queensland","source":"Geoscience Australia","source_url":"https://digital.atlas.gov.au/datasets/digitalatlas::gas-pipelines/about","license":"CC BY 4.0","length_km":0.00473756,"spatial_confidence":"0"}},{"type":"Feature","geometry":{"type":"LineString","coordinates":[[140.39306640600012,-28.462797164208855],[140.39106750500002,-28.465990066208775],[140.38336181600005,-28.472734450208662],[140.37747192400002,-28.475418090208592]]},"properties":{"id":"ga:pipe0:279","layer":"pipelines_oil","name":"Teringie 1 Flowline","subtype":"Oil pipeline","status":"fully capable of operation.","country":"AU","state":"South Australia","source":"Geoscience Australia","source_url":"https://digital.atlas.gov.au/datasets/digitalatlas::gas-pipelines/about","license":"CC BY 4.0","length_km":0.020479780000000003,"spatial_confidence":"0"}},{"type":"Feature","geometry":{"type":"LineString","coordinates":[[140.4143676760001,-28.45032501120906],[140.41433715800008,-28.450874328209036],[140.4141845700001,-28.451274871209037],[140.41386413600003,-28.451646804209012],[140.4134674070001,-28.451879500209017],[140.41033935500002,-28.452804564209014],[140.40724182100007,-28.45321083020903],[140.40666198700012,-28.453418731208977],[140.40458679200003,-28.45515441820897],[140.40364074700005,-28.456792830208965]]},"properties":{"id":"ga:pipe0:280","layer":"pipelines_oil","name":"Teringie App D Flowline","subtype":"Proposed Oil pipeline","status":"proposed infrastructure.","country":"AU","state":"South Australia","source":"Geoscience Australia","source_url":"https://digital.atlas.gov.au/datasets/digitalatlas::gas-pipelines/about","license":"CC BY 4.0","length_km":0.01352897,"spatial_confidence":"0"}},{"type":"Feature","geometry":{"type":"LineString","coordinates":[[115.02188873300007,-21.45599174435694],[115.02197262400013,-21.455852565356977]]},"properties":{"id":"ga:pipe0:281","layer":"pipelines_oil","name":"Thevenard Island Export Pipeline","subtype":"Oil pipeline","status":"fully capable of operation.","country":"AU","state":"Western Australia","source":"Geoscience Australia","source_url":"https://digital.atlas.gov.au/datasets/digitalatlas::gas-pipelines/about","license":"CC BY 4.0","length_km":0.00016251,"spatial_confidence":"0"}},{"type":"Feature","geometry":{"type":"LineString","coordinates":[[142.5852661130001,-27.719095229222432],[142.5851898190001,-27.719057082222427],[142.58467102100008,-27.719362258222475],[142.5836181640001,-27.719789504222415],[142.58303833000002,-27.720241546222407],[142.5817718510001,-27.721540450222403],[142.58122253400006,-27.722486495222363],[142.58047485400004,-27.72346305722235],[142.58016967800006,-27.72410392722238],[142.57994079600007,-27.7262935632223],[142.57972717300004,-27.72682571322233],[142.5798187260001,-27.727056502222325],[142.58026123000002,-27.727590560222275],[142.58035278300008,-27.72786140322229],[142.58033752400002,-27.728048324222303],[142.58010864300002,-27.728342055222292],[142.57972717300004,-27.728557586222276],[142.57911682100007,-27.728855132222286],[142.5790252690001,-27.728700637222286]]},"properties":{"id":"ga:pipe0:282","layer":"pipelines_oil","name":"Thungo 8 Flowline","subtype":"Oil pipeline","status":"fully capable of operation.","country":"AU","state":"Queensland","source":"Geoscience Australia","source_url":"https://digital.atlas.gov.au/datasets/digitalatlas::gas-pipelines/about","license":"CC BY 4.0","length_km":0.01326591,"spatial_confidence":"0"}},{"type":"Feature","geometry":{"type":"MultiLineString","coordinates":[[[142.0819958940001,-28.090581009215562],[142.0820007320001,-28.090576171215574]],[[142.0785747870001,-28.09419212621549],[142.08035278300008,-28.092567443215536],[142.08198547400002,-28.090766906215563],[142.08190918000003,-28.090667724215585],[142.0819958940001,-28.090581009215562]],[[141.75848142100006,-28.196901103213637],[141.7657012940001,-28.194898604213662],[141.78675842300004,-28.188947677213807],[141.78822326700003,-28.18859672421381],[141.7919158940001,-28.187482833213835],[141.80873107900004,-28.182817458213933],[141.8178405760001,-28.180210113213963],[141.8242950440001,-28.178419112213987],[141.824890137,-28.17830657921399],[141.82530212400002,-28.17813301021398],[141.835708618,-28.17520904421405],[141.83898925800008,-28.174222945214037],[141.87022399900002,-28.165534972214235],[141.895690918,-28.15830039921436],[141.93338012700008,-28.147724151214547],[141.94136047400002,-28.145412444214593],[141.94384765600012,-28.14478111221461],[141.95004272500012,-28.143014907214617],[141.96459960900006,-28.13993453921469],[141.9750671390001,-28.13867759621472],[141.976409912,-28.13838767921469],[142.01954650900007,-28.12677383321491],[142.04380798300008,-28.117023467215112],[142.04519653300008,-28.116542815215084],[142.0475158690001,-28.115533828215124],[142.05537414600008,-28.112422942215183],[142.06129455600012,-28.109966277215218],[142.07351684600008,-28.09889602621544],[142.07420349100005,-28.09818649221545],[142.0785747870001,-28.09419212621549]],[[141.39677861300004,-28.333152299211147],[141.41317749000007,-28.32601547121128],[141.51954650900007,-28.292495727211904],[141.5834960940001,-28.272596358212283],[141.5839538570001,-28.272396087212247],[141.5843658450001,-28.272104262212284],[141.59744262700008,-28.261903762212473],[141.59956359900002,-28.260358809212494],[141.60696411100002,-28.255279540212562],[141.62043762200005,-28.248422622212704],[141.62837219200003,-28.24533462421275],[141.65570068400007,-28.234952926212934],[141.68986511200012,-28.221858977213174],[141.69519043000003,-28.219917296213204],[141.6984710690001,-28.21858215221324],[141.72319030800008,-28.20911979621344],[141.7329864500001,-28.20544052021349],[141.74645996100003,-28.200235366213562],[141.75848142100006,-28.196901103213637]],[[141.38342285200008,-28.340885161211027],[141.385925293,-28.338958739211062],[141.3870239260001,-28.338621139211046],[141.3898010250001,-28.337972640211095],[141.39413452100007,-28.33541488521114],[141.39610290500002,-28.333593368211186],[141.39657592800006,-28.333240508211173],[141.39677861300004,-28.333152299211147]]]},"properties":{"id":"ga:pipe0:283","layer":"pipelines_oil","name":"Tickalara to Watson Trunkline","subtype":"Oil pipeline","status":"fully capable of operation.","country":"AU","state":"Queensland","source":"Geoscience Australia","source_url":"https://digital.atlas.gov.au/datasets/digitalatlas::gas-pipelines/about","license":"CC BY 4.0","length_km":0.7477485700000001,"spatial_confidence":"0"}},{"type":"Feature","geometry":{"type":"MultiLineString","coordinates":[[[140.3642272950001,-28.45529746920897],[140.36420081100005,-28.45544521720898]],[[140.36420081100005,-28.45544521720898],[140.36381530800008,-28.457595824208916],[140.36280822800006,-28.460178374208866],[140.36206054700006,-28.461414336208854],[140.36363220200008,-28.46216010920886],[140.36642456100003,-28.463893889208812],[140.3665924070001,-28.463985442208816],[140.36679077100007,-28.464057921208795],[140.36697387700008,-28.46410751220879],[140.36717224100005,-28.46413421520879],[140.3711395260001,-28.464441298208794],[140.3713226320001,-28.464466094208824],[140.37150573700012,-28.464513778208815],[140.37168884300002,-28.464580535208814],[140.371765137,-28.464620589208838],[140.37193298300008,-28.464714049208784],[140.37207031200012,-28.464826583208826],[140.37625122100008,-28.46847343320876],[140.37632751500007,-28.46853256120873],[140.3764343260001,-28.46866035420872],[140.3765411380001,-28.46880149720871],[140.3766174320001,-28.468950271208747],[140.37666320800008,-28.46910667320871],[140.37670898400006,-28.46926689020873],[140.37750244100005,-28.47487068120863],[140.37704467800006,-28.482561110208465],[140.37770080600012,-28.487398147208406],[140.380065918,-28.49507141020828],[140.3801116940001,-28.495254516208277],[140.38095092800006,-28.50760841320803],[140.38325500500002,-28.509397506208018],[140.38734436000004,-28.513792037207924],[140.389831543,-28.515657424207905],[140.3898773190001,-28.515655517207897],[140.39001464800003,-28.5157604212079]]]},"properties":{"id":"ga:pipe0:284","layer":"pipelines_oil","name":"Carmina 1 Flowline","subtype":"Oil pipeline","status":"fully capable of operation.","country":"AU","state":"South Australia","source":"Geoscience Australia","source_url":"https://digital.atlas.gov.au/datasets/digitalatlas::gas-pipelines/about","license":"CC BY 4.0","length_km":0.07495211,"spatial_confidence":"0"}},{"type":"Feature","geometry":{"type":"MultiLineString","coordinates":[[[142.35023498500004,-27.564239501225355],[142.35054016100003,-27.564004897225352],[142.35058593700012,-27.56396675022535],[142.35064697300004,-27.563932418225367],[142.35070800800008,-27.563899993225338],[142.35075378400006,-27.56387329022534],[142.3508148190001,-27.563848494225343],[142.3508911130001,-27.563827514225366],[142.35095214800003,-27.563810348225342],[142.35101318400007,-27.563796996225342],[142.351898193,-27.56365203822538],[142.3519439700001,-27.563642501225345],[142.35200500500002,-27.563636779225373],[142.35206604000007,-27.563634871225368],[142.3521270750001,-27.563636779225373],[142.35218811000004,-27.563642501225345],[142.35224914600008,-27.563650130225387],[142.35231018100012,-27.56365966722536],[142.35237121600005,-27.563673018225373],[142.35241699200003,-27.563690185225383],[142.35247802700007,-27.563711165225374],[142.35275268600003,-27.563812255225358],[142.352798462,-27.56383705022535],[142.35285949700005,-27.56386375322536],[142.3529205320001,-27.56389427122537],[142.35296630900007,-27.563926696225344],[142.35301208500005,-27.56396484322534],[142.35305786100002,-27.56400299022533],[142.3531036380001,-27.564044951225345],[142.3531494140001,-27.56408691322538],[142.3531799320001,-27.564132689225353],[142.35322570800008,-27.564182280225346],[142.35406494100005,-27.56545829722533],[142.35409545900006,-27.565505980225314],[142.35412597700008,-27.565555572225353],[142.35414123500004,-27.565607070225305],[142.35417175300006,-27.5656585682253],[142.354187012,-27.565711974225312],[142.354187012,-27.565767287225324],[142.35420227100008,-27.565820693225323],[142.35420227100008,-27.565876006225295],[142.35420227100008,-27.565931319225314],[142.35420227100008,-27.56598663222533],[142.35420227100008,-27.56604003822534],[142.354187012,-27.566095351225297],[142.35404968300008,-27.56669235122531],[142.35404968300008,-27.566743850225308],[142.35403442400002,-27.56679534822531],[142.35403442400002,-27.56684684722531],[142.35403442400002,-27.566900252225313],[142.35403442400002,-27.56695175122531],[142.35404968300008,-27.56700515622533],[142.35406494100005,-27.5670547482253],[142.3540802000001,-27.56710624622531],[142.35409545900006,-27.567155837225307],[142.35411071800002,-27.567205428225297],[142.35414123500004,-27.56725311222528],[142.35417175300006,-27.567296981225294],[142.35420227100008,-27.567342757225273],[142.3542327880001,-27.56738471922528],[142.35427856400008,-27.567424773225294],[142.3543090820001,-27.567462920225292],[142.35435485800008,-27.56749916022527],[142.35440063500005,-27.567535399225275],[142.35444641100003,-27.567567824225296],[142.35450744600007,-27.567598342225264],[142.35455322300004,-27.567626952225275],[142.35461425800008,-27.56764984022527],[142.354675293,-27.56767082122531],[142.35473632800006,-27.56768798722526],[142.3547973630001,-27.567703246225282],[142.35485839800003,-27.567712783225314],[142.35491943400007,-27.56772041222529],[142.35873413100012,-27.568027495225287],[142.35879516600005,-27.5680332172253],[142.3588562010001,-27.568042754225285],[142.35891723600002,-27.568058013225297],[142.35897827100007,-27.56807327222531],[142.3590393070001,-27.568094253225286],[142.35908508300008,-27.568117141225283],[142.359146118,-27.56814193622528],[142.35920715300006,-27.568170546225296],[142.35925293000003,-27.56820297122526],[142.35929870600012,-27.568237304225285],[142.35963439900002,-27.568494796225288],[142.35969543500005,-27.5685329432253],[142.3597564700001,-27.568569182225282],[142.35981750500002,-27.568599700225285],[142.35987854000007,-27.56862831022525],[142.3599395750001,-27.56865310622524],[142.3624572750001,-27.56947326622527],[142.36576843300008,-27.570075988225263],[142.3698577880001,-27.57118225022525],[142.36991882300003,-27.571203231225233],[142.36997985800008,-27.571226119225205],[142.3700408940001,-27.571250915225207],[142.37010192900004,-27.57128333922524],[142.37014770500002,-27.57131576422522],[142.37020874000007,-27.571352004225204],[142.37638855000012,-27.57594299222513],[142.3764343260001,-27.575979232225123],[142.37649536100002,-27.57600974922514],[142.3765411380001,-27.576038360225155],[142.37660217300004,-27.576063155225153],[142.37664794900002,-27.576086043225143],[142.37670898400006,-27.576105117225104],[142.3767700200001,-27.576122283225132],[142.37683105500003,-27.57613372722512],[142.37689209000007,-27.576145171225118],[142.3769531250001,-27.576150893225144],[142.37701416000004,-27.57615280122515],[142.3770751950001,-27.57615280122515],[142.37713623000002,-27.576148986225125],[142.37719726600005,-27.576141356225158],[142.37869262700008,-27.57592201122516],[142.37973022500012,-27.575614928225168],[142.38145446800002,-27.57542800822513],[142.38160705600012,-27.575532912225153],[142.3816528320001,-27.575567244225137],[142.38169860800008,-27.575605391225135],[142.38174438500005,-27.575645446225124],[142.38177490200007,-27.575685500225138],[142.38182067900004,-27.575729369225158],[142.38185119600007,-27.57577514522513],[142.3818817140001,-27.57582092222516],[142.38269043000003,-27.577190398225117],[142.38272094700005,-27.577241897225115],[142.38273620600012,-27.57729530222511],[142.38276672400002,-27.577348708225134],[142.3827819820001,-27.577405929225087],[142.38279724100005,-27.57746314922511],[142.38279724100005,-27.577520369225095],[142.38279724100005,-27.57757759022511],[142.3828125000001,-27.57763481022509],[142.38279724100005,-27.577692031225098],[142.38279724100005,-27.577751159225084],[142.38208007800006,-27.581787108225022],[142.38208007800006,-27.581842421225026],[142.3820648190001,-27.58189582722503],[142.3820648190001,-27.58195114022499],[142.38208007800006,-27.582006453225006],[142.38208007800006,-27.582059859225005],[142.382095337,-27.582113265225022],[142.38211059600008,-27.582166671225032],[142.38212585400004,-27.582220077225028],[142.3821411130001,-27.582269668225024],[142.3847656250001,-27.587965011224938],[142.3848114010001,-27.588064193224927],[142.384872437,-27.58816146822489],[142.38493347200006,-27.58825492822491],[142.38500976600005,-27.58834648022491],[142.38508606000005,-27.588432311224885],[142.38516235400004,-27.588514327224907],[142.38525390600012,-27.588590621224913],[142.38534545900006,-27.5886631002249],[142.3880279340001,-27.59067098022487]],[[142.3880279340001,-27.59067098022487],[142.38920593300008,-27.59155273322482],[142.38926696800002,-27.59158706622486],[142.3893127440001,-27.591619491224836],[142.38937377900004,-27.59164810122485],[142.38941955600012,-27.591672896224857],[142.38948059100005,-27.591695785224825],[142.3895416260001,-27.591714858224854],[142.38960266100003,-27.591732024224815],[142.39079284700006,-27.592000960224816],[142.3908538820001,-27.592014312224812],[142.39091491700003,-27.592021941224854],[142.39097595200008,-27.592027663224815],[142.39103698700012,-27.592029571224824],[142.39109802200005,-27.592027663224815],[142.41645813000002,-27.590726851224833]]]},"properties":{"id":"ga:pipe0:285","layer":"pipelines_oil","name":"Tinpilla MPV Gathering Line","subtype":"Oil pipeline","status":"fully capable of operation.","country":"AU","state":"Queensland","source":"Geoscience Australia","source_url":"https://digital.atlas.gov.au/datasets/digitalatlas::gas-pipelines/about","license":"CC BY 4.0","length_km":0.08309364000000001,"spatial_confidence":"0"}},{"type":"Feature","geometry":{"type":"LineString","coordinates":[[143.104751587,-26.923154830237625],[143.10339355500003,-26.926950454237502],[143.10345459000007,-26.929338454237463],[143.103363037,-26.93093872023746],[143.1034851070001,-26.93275833023741]]},"properties":{"id":"ga:pipe0:286","layer":"pipelines_oil","name":"Tintaburra 7 Flowline","subtype":"Oil pipeline","status":"fully capable of operation.","country":"AU","state":"Queensland","source":"Geoscience Australia","source_url":"https://digital.atlas.gov.au/datasets/digitalatlas::gas-pipelines/about","license":"CC BY 4.0","length_km":0.00984662,"spatial_confidence":"0"}},{"type":"Feature","geometry":{"type":"LineString","coordinates":[[140.1461486820001,-27.652711867223715],[140.14616394000006,-27.65305137522368],[140.1432952880001,-27.656332015223626],[140.13322448700012,-27.66665267822346],[140.13233947800006,-27.67028999222339],[140.11956787100007,-27.668256759223397],[140.11912536600005,-27.667583465223398]]},"properties":{"id":"ga:pipe0:287","layer":"pipelines_oil","name":"Tirrawarra 4 Flowline","subtype":"Oil pipeline","status":"fully capable of operation.","country":"AU","state":"South Australia","source":"Geoscience Australia","source_url":"https://digital.atlas.gov.au/datasets/digitalatlas::gas-pipelines/about","license":"CC BY 4.0","length_km":0.03659939,"spatial_confidence":"0"}},{"type":"Feature","geometry":{"type":"MultiLineString","coordinates":[[[140.09297180200008,-27.659357070223535],[140.09286499000007,-27.66024780222354],[140.0926666260001,-27.66087722722353],[140.08952331500006,-27.66497230422344],[140.08929443400007,-27.665502547223443],[140.09272766100003,-27.67704200622323],[140.09530639600007,-27.679626464223198]],[[140.09530639600007,-27.679626464223198],[140.0952606200001,-27.67988967822315]]]},"properties":{"id":"ga:pipe0:288","layer":"pipelines_oil","name":"Tirrawarra 44 Flowline","subtype":"Oil pipeline","status":"fully capable of operation.","country":"AU","state":"South Australia","source":"Geoscience Australia","source_url":"https://digital.atlas.gov.au/datasets/digitalatlas::gas-pipelines/about","license":"CC BY 4.0","length_km":0.023254410000000003,"spatial_confidence":"0"}},{"type":"Feature","geometry":{"type":"LineString","coordinates":[[140.07800293000003,-27.69078636122301],[140.08341980000012,-27.69153594922296],[140.08816528300008,-27.691844939222953],[140.08866882300003,-27.691717147222956]]},"properties":{"id":"ga:pipe0:289","layer":"pipelines_oil","name":"Tirrawarra 55 Flowline","subtype":"Oil pipeline","status":"fully capable of operation.","country":"AU","state":"South Australia","source":"Geoscience Australia","source_url":"https://digital.atlas.gov.au/datasets/digitalatlas::gas-pipelines/about","license":"CC BY 4.0","length_km":0.010743520000000001,"spatial_confidence":"0"}},{"type":"Feature","geometry":{"type":"LineString","coordinates":[[140.12652587900004,-27.63392448322406],[140.14065551800002,-27.64717483422377],[140.1407775880001,-27.647304534223775],[140.1410827640001,-27.648281096223755]]},"properties":{"id":"ga:pipe0:290","layer":"pipelines_oil","name":"Tirrawarra 68 Flowline","subtype":"Oil pipeline","status":"fully capable of operation.","country":"AU","state":"South Australia","source":"Geoscience Australia","source_url":"https://digital.atlas.gov.au/datasets/digitalatlas::gas-pipelines/about","license":"CC BY 4.0","length_km":0.0205718,"spatial_confidence":"0"}},{"type":"Feature","geometry":{"type":"LineString","coordinates":[[140.11048889200003,-27.67226600522334],[140.11167907700008,-27.68759155222303],[140.11157226600005,-27.68774795422304],[140.11134338400007,-27.68783760022303],[140.1061859130001,-27.687831878223005],[140.10450744600007,-27.687524795223016],[140.10395813000002,-27.687318801223025],[140.103851318,-27.687339782223063],[140.10375976600005,-27.687520980223063]]},"properties":{"id":"ga:pipe0:291","layer":"pipelines_oil","name":"Tirrawarra ALP Flowline","subtype":"Oil pipeline","status":"fully capable of operation.","country":"AU","state":"South Australia","source":"Geoscience Australia","source_url":"https://digital.atlas.gov.au/datasets/digitalatlas::gas-pipelines/about","license":"CC BY 4.0","length_km":0.02356924,"spatial_confidence":"0"}},{"type":"Feature","geometry":{"type":"LineString","coordinates":[[140.11901855500003,-27.667625426223417],[140.11923217800006,-27.66805076522341],[140.111434937,-27.67221450722335],[140.11048889200003,-27.67226600522334]]},"properties":{"id":"ga:pipe0:292","layer":"pipelines_oil","name":"Tirrawarra BPR Flowline","subtype":"Oil pipeline","status":"fully capable of operation.","country":"AU","state":"South Australia","source":"Geoscience Australia","source_url":"https://digital.atlas.gov.au/datasets/digitalatlas::gas-pipelines/about","license":"CC BY 4.0","length_km":0.010262740000000001,"spatial_confidence":"0"}},{"type":"Feature","geometry":{"type":"LineString","coordinates":[[140.12634277300003,-27.633470534224045],[140.12626647900004,-27.634017943224027],[140.10699462900004,-27.63771820022395],[140.1074676510001,-27.641069411223935],[140.1090087890001,-27.653360366223676],[140.11048889200003,-27.67226600522334]]},"properties":{"id":"ga:pipe0:293","layer":"pipelines_oil","name":"Tirrawarra Manifold ALP Flowline APR","subtype":"Oil pipeline","status":"fully capable of operation.","country":"AU","state":"South Australia","source":"Geoscience Australia","source_url":"https://digital.atlas.gov.au/datasets/digitalatlas::gas-pipelines/about","license":"CC BY 4.0","length_km":0.054911680000000004,"spatial_confidence":"0"}},{"type":"Feature","geometry":{"type":"MultiLineString","coordinates":[[[140.09823608400006,-27.684980391223082],[140.09512329100005,-27.681936263223143],[140.09535217300004,-27.67989349322317]],[[140.09870910600011,-27.685865401223047],[140.09840393100012,-27.68552398622308],[140.09823608400006,-27.684980391223082]]]},"properties":{"id":"ga:pipe0:294","layer":"pipelines_oil","name":"Tirrawarra Manifold ELP Flowline","subtype":"Oil pipeline","status":"fully capable of operation.","country":"AU","state":"South Australia","source":"Geoscience Australia","source_url":"https://digital.atlas.gov.au/datasets/digitalatlas::gas-pipelines/about","license":"CC BY 4.0","length_km":0.00743627,"spatial_confidence":"0"}},{"type":"Feature","geometry":{"type":"MultiLineString","coordinates":[[[140.36183166500007,-28.451421737209042],[140.36187744100005,-28.45140647820904],[140.36181640600012,-28.451158523209028],[140.36216735800008,-28.451099395209056],[140.3621850500001,-28.45118981920906]],[[140.3621850500001,-28.45118981920906],[140.36230468700012,-28.451801299209023],[140.36238098100011,-28.45216751020905],[140.36250305200008,-28.452499389209013],[140.36254882800006,-28.452610015209004],[140.3626098630001,-28.452716826209027],[140.36285400400004,-28.452995299208997],[140.36299133300008,-28.45317077520903],[140.363388062,-28.453794478208994],[140.363616943,-28.454172133209017],[140.3640747070001,-28.454982757208988],[140.36424255400004,-28.455221175208973],[140.36419677700007,-28.45544433520899],[140.36420081100005,-28.45544521720898]],[[140.36420081100005,-28.45544521720898],[140.36425781200012,-28.455457686208995]]]},"properties":{"id":"ga:pipe0:295","layer":"pipelines_oil","name":"Carmina 2 Flowline","subtype":"Oil pipeline","status":"fully capable of operation.","country":"AU","state":"South Australia","source":"Geoscience Australia","source_url":"https://digital.atlas.gov.au/datasets/digitalatlas::gas-pipelines/about","license":"CC BY 4.0","length_km":0.0056319099999999995,"spatial_confidence":"0"}},{"type":"Feature","geometry":{"type":"LineString","coordinates":[[139.9815979000001,-27.622266768224275],[139.9816741940001,-27.62303161522422]]},"properties":{"id":"ga:pipe0:296","layer":"pipelines_oil","name":"Tirrawarra Satellite","subtype":"Oil pipeline","status":"fully capable of operation.","country":"AU","state":"South Australia","source":"Geoscience Australia","source_url":"https://digital.atlas.gov.au/datasets/digitalatlas::gas-pipelines/about","license":"CC BY 4.0","length_km":0.00076864,"spatial_confidence":"0"}},{"type":"Feature","geometry":{"type":"MultiLineString","coordinates":[[[140.1011962890001,-27.692510604222925],[140.1008911130001,-27.69303893922293],[140.1008148190001,-27.69349670322296],[140.10191345200008,-27.696172713222857],[140.102233887,-27.6991500842228],[140.10630798300008,-27.712913512222542],[140.10847473100011,-27.719882964222432],[140.108657837,-27.720779418222396],[140.1089324950001,-27.72597503622233],[140.113388062,-27.73860168422208],[140.12200927700007,-27.75759506122173],[140.12275695800008,-27.762058257221675],[140.12446594200003,-27.771043776221465],[140.12467956500006,-27.772441863221477]],[[140.12467956500006,-27.772441863221477],[140.12771606400008,-27.788993834221124],[140.13107299800004,-27.79928207322096],[140.13386151200007,-27.80526480822082]],[[140.13386151200007,-27.80526480822082],[140.13386535600011,-27.805273055220873],[140.14080810500002,-27.82022476122056],[140.14857482900004,-27.915023803218784],[140.14942932100007,-27.91941451921875],[140.15147399900002,-27.941820144218315],[140.15122985800008,-27.94552040021825],[140.1509552000001,-27.948326110218208],[140.15093994100005,-27.950323104218143],[140.15156555200008,-27.964076995217912],[140.15068054200003,-27.97381591721773],[140.1531372070001,-27.981203078217593],[140.1546020510001,-28.032711028216678],[140.15730285600011,-28.064687728216064],[140.16127014200003,-28.08906555121563],[140.16135951,-28.089178657215633]],[[140.16135951,-28.089178657215633],[140.161392212,-28.08922004621563],[140.16387756900008,-28.090494759215584]],[[140.16387756900008,-28.090494759215584],[140.19912719700005,-28.108573913215274]]]},"properties":{"id":"ga:pipe0:297","layer":"pipelines_oil","name":"Tirrawarra to Moomba Trunkline","subtype":"Oil pipeline","status":"fully capable of operation.","country":"AU","state":"South Australia","source":"Geoscience Australia","source_url":"https://digital.atlas.gov.au/datasets/digitalatlas::gas-pipelines/about","license":"CC BY 4.0","length_km":0.44767964,"spatial_confidence":"0"}},{"type":"Feature","geometry":{"type":"MultiLineString","coordinates":[[[140.0874786380001,-27.664337157223482],[140.0875549320001,-27.664318084223442],[140.0887603760001,-27.665061950223443],[140.0894012450001,-27.666070937223445],[140.0926971440001,-27.677068709223235],[140.09530639600007,-27.679626464223198]],[[140.09530639600007,-27.679626464223198],[140.0952911380001,-27.67989349322317]]]},"properties":{"id":"ga:pipe0:298","layer":"pipelines_oil","name":"Tirrawarra West 1 Flowline","subtype":"Oil pipeline","status":"fully capable of operation.","country":"AU","state":"South Australia","source":"Geoscience Australia","source_url":"https://digital.atlas.gov.au/datasets/digitalatlas::gas-pipelines/about","license":"CC BY 4.0","length_km":0.018092740000000003,"spatial_confidence":"0"}},{"type":"Feature","geometry":{"type":"LineString","coordinates":[[143.1065979000001,-26.949945449237102],[143.1065979000001,-26.94968986423711],[143.1064910890001,-26.94947242623706]]},"properties":{"id":"ga:pipe0:299","layer":"pipelines_oil","name":"Toobunyah 1 Flowline","subtype":"Oil pipeline","status":"fully capable of operation.","country":"AU","state":"Queensland","source":"Geoscience Australia","source_url":"https://digital.atlas.gov.au/datasets/digitalatlas::gas-pipelines/about","license":"CC BY 4.0","length_km":0.00049784,"spatial_confidence":"0"}},{"type":"Feature","geometry":{"type":"LineString","coordinates":[[143.10713195800008,-26.95356178223699],[143.10743713400007,-26.953474044237012],[143.107528687,-26.95324134723701],[143.1074676510001,-26.953062056237016],[143.10711669900002,-26.952793120237025],[143.10691833500005,-26.95246887123701],[143.10676574700005,-26.95002746523706],[143.10647583000002,-26.949350356237098],[143.10638427700007,-26.947761535237134],[143.10630798300008,-26.947412490237127],[143.10440063500005,-26.943252562237184],[143.10404968300008,-26.942165374237224],[143.10379028300008,-26.940965651237235],[143.10371398900008,-26.938585280237323],[143.10380554200003,-26.93764877223734],[143.10368347200006,-26.935178756237367],[143.10380554200003,-26.9344234462374],[143.10406494100005,-26.93396377523736],[143.10398864700005,-26.933792113237402],[143.103622437,-26.933666228237428]]},"properties":{"id":"ga:pipe0:300","layer":"pipelines_oil","name":"Toobunyah 3 Flowline","subtype":"Oil pipeline","status":"fully capable of operation.","country":"AU","state":"Queensland","source":"Geoscience Australia","source_url":"https://digital.atlas.gov.au/datasets/digitalatlas::gas-pipelines/about","license":"CC BY 4.0","length_km":0.02132057,"spatial_confidence":"0"}},{"type":"Feature","geometry":{"type":"LineString","coordinates":[[142.34819030800008,-27.5710067742252],[142.34812927200005,-27.57116317622523],[142.3481140140001,-27.571197509225193],[142.34809875500002,-27.571229934225226],[142.34808349600007,-27.57126235922521],[142.34806823700012,-27.571292876225215],[142.3480377200001,-27.571323394225246],[142.34800720200008,-27.571352004225204],[142.347991943,-27.571378707225207],[142.3479614260001,-27.5714054102252],[142.34793090800008,-27.5714282982252],[142.34790039100005,-27.57145118622525],[142.34785461400008,-27.571472167225217],[142.34782409700006,-27.571489333225234],[142.34779357900004,-27.5715064992252],[142.34774780300006,-27.57151985122519],[142.34771728500004,-27.5715332022252],[142.34767150900007,-27.571542739225244],[142.34764099100005,-27.571552276225223],[142.34759521500007,-27.571556090225197],[142.3475494380001,-27.571559905225204],[142.34751892100007,-27.571561812225223],[142.3474731450001,-27.571559905225204],[142.347427368,-27.571557998225185],[142.3473968510001,-27.571552276225223],[142.34735107400002,-27.571544646225203],[142.34730529800004,-27.571535109225223],[142.34727478000002,-27.571521758225206],[142.34722900400004,-27.571508407225206],[142.3457031250001,-27.57087707422521],[142.34565734900002,-27.570861815225204],[142.34562683100012,-27.57084274222523],[142.34558105500003,-27.57082176122525],[142.345550537,-27.570798873225208],[142.34535217300004,-27.57065010022523],[142.34910583500005,-27.566556930225328],[142.3491210940001,-27.56652831922533],[142.34915161100002,-27.566495894225298],[142.3491668700001,-27.566461562225314],[142.34918212900004,-27.56642723022533],[142.34921264600007,-27.566390990225287],[142.34921264600007,-27.566354751225294],[142.34922790500002,-27.566318511225305],[142.3492431640001,-27.56628036422531],[142.3492431640001,-27.56624221722531],[142.3492431640001,-27.56620407022532],[142.3492431640001,-27.56616592322532],[142.34918212900004,-27.564796447225373],[142.34918212900004,-27.564758300225368],[142.3491973880001,-27.56472015322532],[142.3491973880001,-27.56468200622532],[142.3491973880001,-27.56464576622533],[142.34921264600007,-27.564609527225333],[142.34922790500002,-27.564573287225357],[142.3492431640001,-27.564538955225377],[142.34925842300004,-27.564504622225343],[142.34928894000006,-27.56447219722537],[142.34944152800006,-27.56423187222538],[142.34947204600007,-27.564205169225374],[142.34948730500003,-27.564178466225375],[142.34951782200005,-27.564151763225375],[142.34953308100012,-27.564126967225384],[142.34956359900002,-27.564104079225334],[142.34980773900008,-27.563903808225348],[142.35020446800002,-27.564270019225372]]},"properties":{"id":"ga:pipe0:301","layer":"pipelines_oil","name":"Tostada 1 Flowline","subtype":"Oil pipeline","status":"fully capable of operation.","country":"AU","state":"Queensland","source":"Geoscience Australia","source_url":"https://digital.atlas.gov.au/datasets/digitalatlas::gas-pipelines/about","license":"CC BY 4.0","length_km":0.01234181,"spatial_confidence":"0"}},{"type":"Feature","geometry":{"type":"LineString","coordinates":[[140.30960083000002,-28.53515434220752],[140.31369018600003,-28.53955841020748],[140.31529235800008,-28.540088653207423],[140.31814575200008,-28.540857314207464],[140.32386779800004,-28.53961753720747]]},"properties":{"id":"ga:pipe0:302","layer":"pipelines_oil","name":"Ulandi 11 Flowline","subtype":"Oil pipeline","status":"fully capable of operation.","country":"AU","state":"South Australia","source":"Geoscience Australia","source_url":"https://digital.atlas.gov.au/datasets/digitalatlas::gas-pipelines/about","license":"CC BY 4.0","length_km":0.01650744,"spatial_confidence":"0"}},{"type":"Feature","geometry":{"type":"MultiLineString","coordinates":[[[140.3169573250001,-28.533623439207542],[140.31698608400006,-28.53362083320759],[140.320983887,-28.535652160207555],[140.32197570800008,-28.53625297420754]],[[140.30957031200012,-28.53480529720757],[140.311218262,-28.53414344720756],[140.3169573250001,-28.533623439207542]]]},"properties":{"id":"ga:pipe0:303","layer":"pipelines_oil","name":"Ulandi 12 Flowline","subtype":"Oil pipeline","status":"fully capable of operation.","country":"AU","state":"South Australia","source":"Geoscience Australia","source_url":"https://digital.atlas.gov.au/datasets/digitalatlas::gas-pipelines/about","license":"CC BY 4.0","length_km":0.01321122,"spatial_confidence":"0"}},{"type":"Feature","geometry":{"type":"MultiLineString","coordinates":[[[140.3198699950001,-28.53151702820758],[140.31765747100008,-28.532730102207584],[140.31747436500007,-28.5329265582076],[140.31713867200006,-28.53349876320755],[140.3169573250001,-28.533623439207542]],[[140.3169573250001,-28.533623439207542],[140.31689453100012,-28.533666610207554],[140.31147766100003,-28.53417396420758],[140.30978393600003,-28.534851073207555]]]},"properties":{"id":"ga:pipe0:304","layer":"pipelines_oil","name":"Ulandi 15 Flowline","subtype":"Oil pipeline","status":"fully capable of operation.","country":"AU","state":"South Australia","source":"Geoscience Australia","source_url":"https://digital.atlas.gov.au/datasets/digitalatlas::gas-pipelines/about","license":"CC BY 4.0","length_km":0.01101612,"spatial_confidence":"0"}},{"type":"Feature","geometry":{"type":"MultiLineString","coordinates":[[[140.3621850500001,-28.45118981920906],[140.36274719200003,-28.45110320920903],[140.3634338380001,-28.451532363209033],[140.363616943,-28.45240974320903],[140.36378479000007,-28.452806472209016],[140.36495971700003,-28.45419120720898],[140.36743164100005,-28.455089568208958],[140.36991882300003,-28.455295562208956],[140.37162780800008,-28.45570564220894],[140.39222717300004,-28.457437514208955],[140.39285278300008,-28.45776939320894],[140.39781189000007,-28.46203803920887],[140.3982543950001,-28.462629317208872],[140.39836120600012,-28.463054656208808],[140.399108887,-28.471403121208688],[140.39898681600005,-28.471866607208696],[140.39558410600011,-28.47945976220855],[140.3955535890001,-28.47989463720854],[140.39587402300003,-28.484464644208437],[140.39579772900004,-28.48495101820842],[140.38568115200007,-28.502098082208143],[140.38569641100003,-28.5028915402081],[140.3855590820001,-28.5033779132081],[140.38282775900007,-28.507644652208025],[140.38249206500006,-28.508428573207993],[140.38742065400004,-28.513721465207915],[140.3894653320001,-28.51524543720792],[140.38975524900002,-28.51538658020791]],[[140.36209106400008,-28.451204299209053],[140.3621850500001,-28.45118981920906]]]},"properties":{"id":"ga:pipe0:305","layer":"pipelines_oil","name":"Carmina 2 to LSC Gathering Flowline","subtype":"Oil pipeline","status":"fully capable of operation.","country":"AU","state":"South Australia","source":"Geoscience Australia","source_url":"https://digital.atlas.gov.au/datasets/digitalatlas::gas-pipelines/about","license":"CC BY 4.0","length_km":0.10052358,"spatial_confidence":"0"}},{"type":"Feature","geometry":{"type":"MultiLineString","coordinates":[[[140.30906677200005,-28.53499221720755],[140.3092346190001,-28.534887313207534]],[[140.31031614000005,-28.54728833320734],[140.31042480500003,-28.54694366420733],[140.3103637700001,-28.54608535720735],[140.3090515140001,-28.535493850207548],[140.30906677200005,-28.53499221720755]],[[140.31045589300004,-28.547537347207303],[140.31030273400006,-28.547330855207342],[140.31031614000005,-28.54728833320734]],[[140.3105163570001,-28.547618865207294],[140.31045589300004,-28.547537347207303]]]},"properties":{"id":"ga:pipe0:306","layer":"pipelines_oil","name":"Ulandi 3 Flowline","subtype":"Oil pipeline","status":"fully capable of operation.","country":"AU","state":"South Australia","source":"Geoscience Australia","source_url":"https://digital.atlas.gov.au/datasets/digitalatlas::gas-pipelines/about","license":"CC BY 4.0","length_km":0.01299733,"spatial_confidence":"0"}},{"type":"Feature","geometry":{"type":"LineString","coordinates":[[140.30929565400004,-28.534818648207526],[140.31040954600007,-28.534378051207575],[140.31089782700008,-28.53389358420755],[140.32292175300006,-28.515377044207927],[140.3233947750001,-28.514976500207922],[140.3258056640001,-28.51362609820794],[140.32608032200005,-28.51343154820793],[140.3262939450001,-28.513107299207935]]},"properties":{"id":"ga:pipe0:307","layer":"pipelines_oil","name":"Ulandi to Jena Manifold Trunkline","subtype":"Oil pipeline","status":"fully capable of operation.","country":"AU","state":"South Australia","source":"Geoscience Australia","source_url":"https://digital.atlas.gov.au/datasets/digitalatlas::gas-pipelines/about","license":"CC BY 4.0","length_km":0.02807171,"spatial_confidence":"0"}},{"type":"Feature","geometry":{"type":"LineString","coordinates":[[122.99595642100007,-17.732671737451952],[122.99598693800009,-17.990579604445017],[123.16271972700008,-17.98990821744508]]},"properties":{"id":"ga:pipe0:308","layer":"pipelines_oil","name":"Ungani Pipeline","subtype":"Oil pipeline","status":"fully capable of operation.","country":"AU","state":"Western Australia","source":"Geoscience Australia","source_url":"https://digital.atlas.gov.au/datasets/digitalatlas::gas-pipelines/about","license":"CC BY 4.0","length_km":0.42464201,"spatial_confidence":"0"}},{"type":"Feature","geometry":{"type":"LineString","coordinates":[[115.57919311500008,-20.65048789937664],[115.58003464300009,-20.649660422376634]]},"properties":{"id":"ga:pipe0:309","layer":"pipelines_oil","name":"Varanus Tanker Load-out","subtype":"Oil pipeline","status":"fully capable of operation.","country":"AU","state":"Western Australia","source":"Geoscience Australia","source_url":"https://digital.atlas.gov.au/datasets/digitalatlas::gas-pipelines/about","license":"CC BY 4.0","length_km":0.0011802100000000001,"spatial_confidence":"0"}},{"type":"Feature","geometry":{"type":"MultiLineString","coordinates":[[[139.98095703100012,-28.54482650720739],[139.9816741940001,-28.544574737207355],[139.99931335400004,-28.54250907820741],[139.99952697800006,-28.542633056207382]],[[139.99952697800006,-28.542633056207382],[140.00019836400008,-28.543010711207405],[140.00047302200005,-28.542907714207402]]]},"properties":{"id":"ga:pipe0:310","layer":"pipelines_oil","name":"Wancoocha 3 Flowline","subtype":"Oil pipeline","status":"fully capable of operation.","country":"AU","state":"South Australia","source":"Geoscience Australia","source_url":"https://digital.atlas.gov.au/datasets/digitalatlas::gas-pipelines/about","license":"CC BY 4.0","length_km":0.019830410000000003,"spatial_confidence":"0"}},{"type":"Feature","geometry":{"type":"MultiLineString","coordinates":[[[139.99952697800006,-28.542633056207382],[139.99327087400002,-28.538400649207503],[139.99295043900008,-28.538112639207498],[139.9926452640001,-28.537611007207495],[139.99247741700003,-28.53764343220752]],[[139.99957275400004,-28.54265212920741],[139.99952697800006,-28.542633056207382]]]},"properties":{"id":"ga:pipe0:311","layer":"pipelines_oil","name":"Wancoocha 4 Flowline","subtype":"Oil pipeline","status":"fully capable of operation.","country":"AU","state":"South Australia","source":"Geoscience Australia","source_url":"https://digital.atlas.gov.au/datasets/digitalatlas::gas-pipelines/about","license":"CC BY 4.0","length_km":0.00879184,"spatial_confidence":"0"}},{"type":"Feature","geometry":{"type":"MultiLineString","coordinates":[[[140.19909668000003,-28.108623504215256],[140.19912719700005,-28.108573913215274]],[[140.19894501400006,-28.108823293215238],[140.19909668000003,-28.108623504215256]],[[140.18789672900004,-28.166894912214207],[140.19836425800008,-28.124538421214943],[140.19889831500006,-28.108884810215237],[140.19894501400006,-28.108823293215238]],[[140.00230407700008,-28.537912368207515],[140.00224304200003,-28.537063598207514],[140.00694274900002,-28.485973357208437],[140.00666809100005,-28.459955214208904],[140.01231384300002,-28.431526183209385],[140.01255798300008,-28.431125640209387],[140.0130767820001,-28.430711745209386],[140.02090454100005,-28.425941466209522],[140.0213775630001,-28.425470351209484],[140.02149963400007,-28.425148009209494],[140.02233886700003,-28.419830321209595],[140.0313262940001,-28.35956382721071],[140.03359985400004,-28.34039115821107],[140.03385925300006,-28.33148002521119],[140.0352783200001,-28.315036773211514],[140.03535461400008,-28.31472969021152],[140.03555297900004,-28.31444930921149],[140.03773498500004,-28.31159210121157],[140.03804016100003,-28.31108665421155],[140.03933715800008,-28.30388641321173],[140.03958129900002,-28.303455352211703],[140.03987121600005,-28.30317687921173],[140.04989624000007,-28.29664611721184],[140.05097961400008,-28.29614067021182],[140.0633697510001,-28.295055388211868],[140.06343078600003,-28.294931411211895],[140.06488037100007,-28.286191939212053],[140.06672668500005,-28.274568557212213],[140.06681823700012,-28.274244307212218],[140.06709289600008,-28.273878097212226],[140.0673065190001,-28.273691176212225],[140.06788635300006,-28.273471831212213],[140.0762481690001,-28.272247313212286],[140.0766296390001,-28.272094726212284],[140.09478759800004,-28.25632667421257],[140.0953674320001,-28.256076812212548],[140.1019439700001,-28.254306792212596],[140.1022033690001,-28.2540359492126],[140.1074218750001,-28.25285911521264],[140.10791015600012,-28.252664565212644],[140.1082153320001,-28.252426146212617],[140.12396240200007,-28.236770629212934],[140.124282837,-28.2365303032129],[140.1334533690001,-28.23383712721296],[140.1747741700001,-28.222036361213213],[140.1756744380001,-28.221670150213182],[140.17587280300006,-28.221431731213176],[140.1760101320001,-28.220664977213207],[140.17648315400004,-28.21329307521335],[140.1775512700001,-28.199420928213566],[140.18548584000007,-28.17562293921405],[140.18789672900004,-28.166894912214207]],[[140.00170898400006,-28.542301177207406],[140.002059937,-28.54214286720739],[140.0024108890001,-28.541870116207438],[140.00268554700006,-28.541454314207435],[140.0027465820001,-28.54119110020746],[140.00230407700008,-28.537912368207515]]]},"properties":{"id":"ga:pipe0:312","layer":"pipelines_oil","name":"Wancoocha Trunkline","subtype":"Oil pipeline","status":"fully capable of operation.","country":"AU","state":"South Australia","source":"Geoscience Australia","source_url":"https://digital.atlas.gov.au/datasets/digitalatlas::gas-pipelines/about","license":"CC BY 4.0","length_km":0.5348510700000001,"spatial_confidence":"0"}},{"type":"Feature","geometry":{"type":"LineString","coordinates":[[142.03269958500005,-28.075559615215862],[142.0337677000001,-28.07545471121586],[142.03395080600012,-28.07541084221584],[142.03411865200007,-28.075319289215894],[142.034439087,-28.075065612215862],[142.03485107400002,-28.07448005621588],[142.03419494600007,-28.07202148321592],[142.03405761700003,-28.071783065215932],[142.03395080600012,-28.07169151221593],[142.0270080570001,-28.06892585721596],[142.026626587,-28.068847655215976],[142.02450561500007,-28.068792342215954],[142.02360534700006,-28.06858444121601],[142.02342224100005,-28.068483352216],[142.02232360800008,-28.067716598215984],[142.02224731400008,-28.067253112215997],[142.02233886700003,-28.066967009215993]]},"properties":{"id":"ga:pipe0:313","layer":"pipelines_oil","name":"Wandilo South 1 Flowline","subtype":"Proposed Oil pipeline","status":"proposed infrastructure.","country":"AU","state":"Queensland","source":"Geoscience Australia","source_url":"https://digital.atlas.gov.au/datasets/digitalatlas::gas-pipelines/about","license":"CC BY 4.0","length_km":0.01876523,"spatial_confidence":"0"}},{"type":"Feature","geometry":{"type":"LineString","coordinates":[[140.69908142100007,-28.49521064720826],[140.71444702100007,-28.496356963208253],[140.71981811500007,-28.498710631208223],[140.7201843260001,-28.498802184208163],[140.72065734900002,-28.49880218420817],[140.72109985400004,-28.498676299208185],[140.72148132300003,-28.498434066208198],[140.72248840300006,-28.49727249020819],[140.72282409700006,-28.49417114220828],[140.72319030800008,-28.492397307208307],[140.72309875500002,-28.492280959208312]]},"properties":{"id":"ga:pipe0:314","layer":"pipelines_oil","name":"Caroowinnie 1 Flowline","subtype":"Oil pipeline","status":"fully capable of operation.","country":"AU","state":"South Australia","source":"Geoscience Australia","source_url":"https://digital.atlas.gov.au/datasets/digitalatlas::gas-pipelines/about","license":"CC BY 4.0","length_km":0.02965102,"spatial_confidence":"0"}},{"type":"Feature","geometry":{"type":"MultiLineString","coordinates":[[[142.0225067140001,-28.066961287216017],[142.02246093700012,-28.067594527216027],[142.02406311000004,-28.068464278215984],[142.02778625500002,-28.068975448215966],[142.07436428800008,-28.087407060215654]],[[142.07436428800008,-28.087407060215654],[142.08093285600012,-28.09000633921559]],[[142.08093285600012,-28.09000633921559],[142.08137512200005,-28.090181350215598],[142.08160400400004,-28.09027099521559]]]},"properties":{"id":"ga:pipe0:315","layer":"pipelines_oil","name":"Wandilo to Watson","subtype":"Oil pipeline","status":"fully capable of operation.","country":"AU","state":"Queensland","source":"Geoscience Australia","source_url":"https://digital.atlas.gov.au/datasets/digitalatlas::gas-pipelines/about","license":"CC BY 4.0","length_km":0.06409388,"spatial_confidence":"0"}},{"type":"Feature","geometry":{"type":"MultiLineString","coordinates":[[[140.33047485400004,-28.4758720392086],[140.32806396500007,-28.477092742208583],[140.32793825800002,-28.4772125562086]],[[140.32793825800002,-28.4772125562086],[140.32769775400004,-28.477441787208583],[140.3262939450001,-28.48056602420854],[140.326278687,-28.480882644208506],[140.32643127400002,-28.482309340208495],[140.32635498000002,-28.482648848208456],[140.32612609900002,-28.48294067320848],[140.32574462900004,-28.483179091208456],[140.32461547900004,-28.483528136208456],[140.322372437,-28.483974456208433]]]},"properties":{"id":"ga:pipe0:316","layer":"pipelines_oil","name":"Warumpi 1 Flowline","subtype":"Oil pipeline","status":"fully capable of operation.","country":"AU","state":"South Australia","source":"Geoscience Australia","source_url":"https://digital.atlas.gov.au/datasets/digitalatlas::gas-pipelines/about","license":"CC BY 4.0","length_km":0.013022760000000001,"spatial_confidence":"0"}},{"type":"Feature","geometry":{"type":"MultiLineString","coordinates":[[[142.07436428800008,-28.087407060215654],[142.0742187500001,-28.08713531421565],[142.07196044900002,-28.084943770215652],[142.0698242190001,-28.083478927215733],[142.06724548300008,-28.08039474421579],[142.06243896500007,-28.076868056215833],[142.062271118,-28.075513839215837],[142.05960083000002,-28.068210601216006],[142.05903625500002,-28.06645584021601],[142.056976318,-28.063434600216116],[142.05659484900002,-28.062463759216104],[142.05551147500012,-28.060358046216145]],[[142.08093285600012,-28.09000633921559],[142.0801544190001,-28.08989334021558],[142.07446289100005,-28.087591170215607],[142.07436428800008,-28.087407060215654]],[[142.0811004640001,-28.090030669215604],[142.08093285600012,-28.09000633921559]]]},"properties":{"id":"ga:pipe0:317","layer":"pipelines_oil","name":"Watkins 1 Flowline","subtype":"Oil pipeline","status":"fully capable of operation.","country":"AU","state":"Queensland","source":"Geoscience Australia","source_url":"https://digital.atlas.gov.au/datasets/digitalatlas::gas-pipelines/about","license":"CC BY 4.0","length_km":0.04138329,"spatial_confidence":"0"}},{"type":"Feature","geometry":{"type":"MultiLineString","coordinates":[[[142.0789184570001,-28.09315109221554],[142.0785747870001,-28.09419212621549]],[[142.0785747870001,-28.09419212621549],[142.078460693,-28.094537734215518],[142.07832999000004,-28.094764141215517]],[[142.07832999000004,-28.094764141215517],[142.0574340820001,-28.130960463214834],[142.05633544900002,-28.132675170214835],[142.0554046630001,-28.133184432214787]]]},"properties":{"id":"ga:pipe0:318","layer":"pipelines_oil","name":"Watson South to Watson","subtype":"Oil pipeline","status":"fully capable of operation.","country":"AU","state":"Queensland","source":"Geoscience Australia","source_url":"https://digital.atlas.gov.au/datasets/digitalatlas::gas-pipelines/about","license":"CC BY 4.0","length_km":0.04661403,"spatial_confidence":"0"}},{"type":"Feature","geometry":{"type":"MultiLineString","coordinates":[[[142.2862257490001,-27.7205352512224],[142.2865142820001,-27.72024726822245]],[[142.28620667100006,-27.72055429222243],[142.2862257490001,-27.7205352512224]],[[142.28611138600002,-27.720649395222416],[142.28620667100006,-27.72055429222243]],[[142.23845046100007,-27.80165571022092],[142.242034912,-27.79553794822101],[142.28424072300004,-27.72266006422239],[142.28451538100012,-27.722242354222367],[142.28611138600002,-27.720649395222416]],[[142.2310043000001,-27.81627270922066],[142.23251342800006,-27.812719344220703],[142.2339324950001,-27.8095016472208],[142.23440551800002,-27.808559417220795],[142.23845046100007,-27.80165571022092]],[[142.19422600500002,-27.898852105219078],[142.20904541000004,-27.867544173219663],[142.2101135250001,-27.86496162321971],[142.210220337,-27.864860534219726],[142.21347045900006,-27.85735893121988],[142.21749877900004,-27.847820281220024],[142.2208557130001,-27.840044021220223],[142.22102356000005,-27.839773177220223],[142.2310043000001,-27.81627270922066]],[[142.1847021540001,-27.9101034442189],[142.1854400630001,-27.908773421218935],[142.18775939900002,-27.905460357219003],[142.188171387,-27.905004500218993],[142.1908111570001,-27.903049468219024],[142.19262695300006,-27.901805877219047],[142.19300842300004,-27.90142440721908],[142.19422600500002,-27.898852105219078]],[[142.0819958940001,-28.090581009215562],[142.08201599100005,-28.090595244215603],[142.0823364260001,-28.090267180215587],[142.0831604000001,-28.088798522215647],[142.09931945800008,-28.05967712321615],[142.1056213380001,-28.04817962521638],[142.1071624760001,-28.04582977221643],[142.10707092300004,-28.04510879421644],[142.10758972200006,-28.044672011216456],[142.1262054440001,-28.010961532217024],[142.12709045400004,-28.00951957621706],[142.14210510300006,-27.982406615217545],[142.14527893100012,-27.97655868421764],[142.15676879900002,-27.961469649217978],[142.1575317380001,-27.96079635521796],[142.15870666500007,-27.959566115218003],[142.1710510250001,-27.93435859621847],[142.17231750500002,-27.931993483218516],[142.18260192900004,-27.913888930218853],[142.1847021540001,-27.9101034442189]],[[142.0819244380001,-28.090530395215595],[142.0819958940001,-28.090581009215562]]]},"properties":{"id":"ga:pipe0:319","layer":"pipelines_oil","name":"Watson To Cooroo Trunkline","subtype":"Oil pipeline","status":"fully capable of operation.","country":"AU","state":"Queensland","source":"Geoscience Australia","source_url":"https://digital.atlas.gov.au/datasets/digitalatlas::gas-pipelines/about","license":"CC BY 4.0","length_km":0.42486437,"spatial_confidence":"0"}},{"type":"Feature","geometry":{"type":"LineString","coordinates":[[142.03027343700012,-28.140632628214696],[142.03273010300006,-28.14040756121467],[142.03642272900004,-28.140491485214696],[142.03678894000006,-28.1404399862147],[142.04428100600012,-28.137287139214738],[142.04870605500003,-28.135610579214745],[142.05313110400004,-28.132959365214816],[142.0545043950001,-28.132549285214836],[142.05494689900002,-28.132329940214834],[142.05545043900008,-28.133117675214823]]},"properties":{"id":"ga:pipe0:320","layer":"pipelines_oil","name":"Watson West 1 Flowline","subtype":"Oil pipeline","status":"fully capable of operation.","country":"AU","state":"Queensland","source":"Geoscience Australia","source_url":"https://digital.atlas.gov.au/datasets/digitalatlas::gas-pipelines/about","license":"CC BY 4.0","length_km":0.0274113,"spatial_confidence":"0"}},{"type":"Feature","geometry":{"type":"LineString","coordinates":[[141.31570434600008,-26.595581054244022],[141.30125427200005,-26.59896278324395],[141.30097961400008,-26.59908485324395],[141.3007812500001,-26.59927368124392],[141.30068969700005,-26.599487304243937],[141.29908752400002,-26.606811522243817],[141.298934937,-26.607078551243784],[141.2986450200001,-26.60726547124376],[141.2818145750001,-26.607732772243764],[141.28138732900004,-26.607864379243786],[141.2699890140001,-26.61781310924354],[141.26458740200007,-26.630605697243322],[141.26425170900006,-26.630956649243327],[141.245864868,-26.63366317624326],[141.24545288100012,-26.63386344824323],[141.2452697750001,-26.634187697243238],[141.24441528300008,-26.638584136243157],[141.2444458010001,-26.650569915242908],[141.24333190900006,-26.665847777242607],[141.2365570070001,-26.678979873242348],[141.2363281250001,-26.679145812242353],[141.23605346700003,-26.679227828242368],[141.2320556640001,-26.679433822242363],[141.2303619380001,-26.680196761242367],[141.22961425800008,-26.680419921242326]]},"properties":{"id":"ga:pipe0:321","layer":"pipelines_oil","name":"Wicho East NFE Flowline","subtype":"Proposed Oil pipeline","status":"proposed infrastructure.","country":"AU","state":"Queensland","source":"Geoscience Australia","source_url":"https://digital.atlas.gov.au/datasets/digitalatlas::gas-pipelines/about","license":"CC BY 4.0","length_km":0.143768,"spatial_confidence":"0"}},{"type":"Feature","geometry":{"type":"MultiLineString","coordinates":[[[142.419128418,-27.55989646822545],[142.422210693,-27.563116073225356],[142.419204712,-27.565315246225317],[142.41459655800008,-27.584856032224955],[142.41761965800004,-27.590090817224873]],[[142.41761965800004,-27.590090817224873],[142.42205810500002,-27.59777641222473],[142.4209442140001,-27.6059150692246],[142.41430664100005,-27.614686965224408]],[[142.41430664100005,-27.614686965224408],[142.41366577100007,-27.615533828224383]],[[142.41366577100007,-27.615533828224383],[142.4119262700001,-27.61782836822433]]]},"properties":{"id":"ga:pipe0:322","layer":"pipelines_oil","name":"Wilson to Jackson","subtype":"Oil pipeline","status":"fully capable of operation.","country":"AU","state":"Queensland","source":"Geoscience Australia","source_url":"https://digital.atlas.gov.au/datasets/digitalatlas::gas-pipelines/about","license":"CC BY 4.0","length_km":0.06633473,"spatial_confidence":"0"}},{"type":"Feature","geometry":{"type":"LineString","coordinates":[[140.12756347700008,-27.574987410225134],[140.12756347700008,-27.574872970225123],[140.1269989010001,-27.574811934225163],[140.12539672900004,-27.587205886224947],[140.1252288820001,-27.587287902224904],[140.12446594200003,-27.587387084224897],[140.12158203100012,-27.587678908224927],[140.1163635250001,-27.588115691224925]]},"properties":{"id":"ga:pipe0:323","layer":"pipelines_oil","name":"Woolkina 1 Flowline","subtype":"Oil pipeline","status":"fully capable of operation.","country":"AU","state":"South Australia","source":"Geoscience Australia","source_url":"https://digital.atlas.gov.au/datasets/digitalatlas::gas-pipelines/about","license":"CC BY 4.0","length_km":0.02227095,"spatial_confidence":"0"}},{"type":"Feature","geometry":{"type":"LineString","coordinates":[[140.69664001500007,-28.50567626920809],[140.6968994140001,-28.50457763620809],[140.69694519000006,-28.504461287208105],[140.697036743,-28.504341124208082],[140.69812011700003,-28.503269195208127],[140.69818115200007,-28.50319099320812],[140.69871521000005,-28.502004622208137],[140.69874572800006,-28.501886367208108],[140.69874572800006,-28.50174713020813],[140.69860839800003,-28.500604629208144],[140.6985473630001,-28.50043678220815],[140.69844055200008,-28.500289916208178],[140.6972656250001,-28.499147414208213],[140.6971588130001,-28.498989104208203],[140.69712829600007,-28.498893737208174],[140.69712829600007,-28.498794555208182],[140.69714355500003,-28.49865531820821],[140.69735717800006,-28.497953414208226],[140.69856262200005,-28.495355605208275]]},"properties":{"id":"ga:pipe0:324","layer":"pipelines_oil","name":"Caroowinnie South 1 Flowline","subtype":"Oil pipeline","status":"fully capable of operation.","country":"AU","state":"South Australia","source":"Geoscience Australia","source_url":"https://digital.atlas.gov.au/datasets/digitalatlas::gas-pipelines/about","license":"CC BY 4.0","length_km":0.01186826,"spatial_confidence":"0"}},{"type":"Feature","geometry":{"type":"LineString","coordinates":[[141.80216980000012,-27.454872130227397],[141.80216980000012,-27.4548206322274],[141.80264282200005,-27.45480728022742],[141.80314636200012,-27.454643249227413],[141.80357360800008,-27.454654693227408],[141.806976318,-27.455951690227376],[141.8086395260001,-27.45619583022738]]},"properties":{"id":"ga:pipe0:325","layer":"pipelines_oil","name":"Yanda 11 Flowline","subtype":"Oil pipeline","status":"fully capable of operation.","country":"AU","state":"Queensland","source":"Geoscience Australia","source_url":"https://digital.atlas.gov.au/datasets/digitalatlas::gas-pipelines/about","license":"CC BY 4.0","length_km":0.0068042400000000005,"spatial_confidence":"0"}},{"type":"Feature","geometry":{"type":"LineString","coordinates":[[141.806488037,-27.452230452227475],[141.80624389600007,-27.4521427142275],[141.80599975600012,-27.45292091322745],[141.80601501500007,-27.45372772122742],[141.8062286380001,-27.45434379522741],[141.80650329600007,-27.454765319227437],[141.8075103760001,-27.455869674227415],[141.80783081100003,-27.456018447227386],[141.80854797400002,-27.45609283322738]]},"properties":{"id":"ga:pipe0:326","layer":"pipelines_oil","name":"Yanda 15 Flowline","subtype":"Oil pipeline","status":"fully capable of operation.","country":"AU","state":"Queensland","source":"Geoscience Australia","source_url":"https://digital.atlas.gov.au/datasets/digitalatlas::gas-pipelines/about","license":"CC BY 4.0","length_km":0.00560604,"spatial_confidence":"0"}},{"type":"Feature","geometry":{"type":"LineString","coordinates":[[141.825454712,-27.44963455122752],[141.822601318,-27.448392867227515],[141.8222351070001,-27.44833946122756],[141.82186889600007,-27.448448180227523],[141.82156372100008,-27.44874381922752],[141.81973266600005,-27.449043273227527],[141.81947326700003,-27.44914436222753],[141.81857299800004,-27.449935912227488],[141.81822204600007,-27.450683593227485]]},"properties":{"id":"ga:pipe0:327","layer":"pipelines_oil","name":"Yanda 16 Flowline","subtype":"Oil pipeline","status":"fully capable of operation.","country":"AU","state":"Queensland","source":"Geoscience Australia","source_url":"https://digital.atlas.gov.au/datasets/digitalatlas::gas-pipelines/about","license":"CC BY 4.0","length_km":0.008447340000000001,"spatial_confidence":"0"}},{"type":"Feature","geometry":{"type":"LineString","coordinates":[[141.81715393100012,-27.45229911722743],[141.8176879880001,-27.451765059227473],[141.81803894000006,-27.45096206622752],[141.81797790500002,-27.45081138522748],[141.81805419900002,-27.450626372227518],[141.81816101100003,-27.450664519227498]]},"properties":{"id":"ga:pipe0:328","layer":"pipelines_oil","name":"Yanda 23 Flowline","subtype":"Oil pipeline","status":"fully capable of operation.","country":"AU","state":"Queensland","source":"Geoscience Australia","source_url":"https://digital.atlas.gov.au/datasets/digitalatlas::gas-pipelines/about","license":"CC BY 4.0","length_km":0.0021077300000000004,"spatial_confidence":"0"}},{"type":"Feature","geometry":{"type":"MultiLineString","coordinates":[[[141.79711542200005,-27.439496435227703],[141.79727172900004,-27.4394931782277],[141.79747009300002,-27.43959617522771]],[[141.79707003200008,-27.43950291922769],[141.79708862300004,-27.43949699322771],[141.79711542200005,-27.439496435227703]],[[141.79679870600012,-27.44028091322771],[141.79644775400004,-27.439998626227705],[141.79640197800006,-27.439899444227716],[141.79647827100007,-27.439691543227717],[141.79707003200008,-27.43950291922769]]]},"properties":{"id":"ga:pipe0:329","layer":"pipelines_oil","name":"Yanda 5 Flowline","subtype":"Oil pipeline","status":"fully capable of operation.","country":"AU","state":"Queensland","source":"Geoscience Australia","source_url":"https://digital.atlas.gov.au/datasets/digitalatlas::gas-pipelines/about","license":"CC BY 4.0","length_km":0.00182835,"spatial_confidence":"0"}},{"type":"Feature","geometry":{"type":"LineString","coordinates":[[141.797546387,-27.439516067227686],[141.79730224600007,-27.439344405227736],[141.79728698700012,-27.43918037322769],[141.79742431600005,-27.438995360227725],[141.79757690400004,-27.43896675022771],[141.7988739010001,-27.438993453227702],[141.80122375500002,-27.438306807227708],[141.8058166500001,-27.43781852622771],[141.8066406250001,-27.437484740227724],[141.80862426800002,-27.43702316222773],[141.8092346190001,-27.43696403422776],[141.80944824200003,-27.43704605022778],[141.80963134800004,-27.43721389722777]]},"properties":{"id":"ga:pipe0:330","layer":"pipelines_oil","name":"Yanda 6 Flowline","subtype":"Oil pipeline","status":"fully capable of operation.","country":"AU","state":"Queensland","source":"Geoscience Australia","source_url":"https://digital.atlas.gov.au/datasets/digitalatlas::gas-pipelines/about","license":"CC BY 4.0","length_km":0.0132291,"spatial_confidence":"0"}},{"type":"Feature","geometry":{"type":"MultiLineString","coordinates":[[[141.79748535200008,-27.439586638227716],[141.79727172900004,-27.43947410522772],[141.79711542200005,-27.439496435227703]],[[141.79711542200005,-27.439496435227703],[141.79707003200008,-27.43950291922769]],[[141.79707003200008,-27.43950291922769],[141.79673767100007,-27.43955039922772],[141.79483032200005,-27.440299987227668],[141.79321289100005,-27.441312789227695],[141.79211425800008,-27.441814422227687],[141.7912445070001,-27.44250678922767],[141.7908325200001,-27.442985534227613],[141.79040527300003,-27.44394302322763]]]},"properties":{"id":"ga:pipe0:331","layer":"pipelines_oil","name":"Yanda 7 Flowline","subtype":"Oil pipeline","status":"fully capable of operation.","country":"AU","state":"Queensland","source":"Geoscience Australia","source_url":"https://digital.atlas.gov.au/datasets/digitalatlas::gas-pipelines/about","license":"CC BY 4.0","length_km":0.008738170000000002,"spatial_confidence":"0"}},{"type":"Feature","geometry":{"type":"LineString","coordinates":[[141.81811523400006,-27.450927733227477],[141.81781005900007,-27.45181274322746],[141.81806945800008,-27.452896117227453],[141.816513062,-27.453229903227445],[141.8146820070001,-27.454107284227437],[141.81196594200003,-27.45505905122742],[141.81089782700008,-27.45594024622738],[141.8095397950001,-27.455944060227402],[141.80911254900002,-27.45612716622741]]},"properties":{"id":"ga:pipe0:332","layer":"pipelines_oil","name":"Yanda MPV East Flowline","subtype":"Oil pipeline","status":"fully capable of operation.","country":"AU","state":"Queensland","source":"Geoscience Australia","source_url":"https://digital.atlas.gov.au/datasets/digitalatlas::gas-pipelines/about","license":"CC BY 4.0","length_km":0.0117579,"spatial_confidence":"0"}},{"type":"Feature","geometry":{"type":"LineString","coordinates":[[141.9661254880001,-28.04194068821647],[141.96722412100007,-28.04329109121645],[141.96958923300008,-28.046604155216375],[141.9731140140001,-28.049654006216343],[141.97570800800008,-28.050416945216288],[141.9808502200001,-28.05029678221633],[141.98124694800003,-28.050361632216333],[141.99145507800006,-28.056299209216217],[141.9950103760001,-28.057952880216174],[141.99533081100003,-28.058036803216204],[142.0058593750001,-28.05922698921616],[142.01327514600007,-28.06421089121606],[142.01673889200003,-28.064767837216067],[142.01985168500005,-28.066516875216053],[142.02239990200007,-28.06696319521602]]},"properties":{"id":"ga:pipe0:333","layer":"pipelines_oil","name":"Zeus 1 Flowline","subtype":"Oil pipeline","status":"fully capable of operation.","country":"AU","state":"Queensland","source":"Geoscience Australia","source_url":"https://digital.atlas.gov.au/datasets/digitalatlas::gas-pipelines/about","license":"CC BY 4.0","length_km":0.06398003,"spatial_confidence":"0"}},{"type":"Feature","geometry":{"type":"LineString","coordinates":[[140.4695434570001,-28.414791106209677],[140.47099304200003,-28.414953231209704],[140.4676666260001,-28.438140868209263],[140.46134948700012,-28.459194182208908],[140.46054077100007,-28.46266937220886]]},"properties":{"id":"ga:pipe0:334","layer":"pipelines_oil","name":"Cartman 1 Flowline","subtype":"Oil pipeline","status":"fully capable of operation.","country":"AU","state":"South Australia","source":"Geoscience Australia","source_url":"https://digital.atlas.gov.au/datasets/digitalatlas::gas-pipelines/about","license":"CC BY 4.0","length_km":0.05043233,"spatial_confidence":"0"}},{"type":"Feature","geometry":{"type":"LineString","coordinates":[[141.96203613300008,-28.029249190216714],[141.96200561500007,-28.030570983216684],[141.96174621600005,-28.031003951216647],[141.96130371100003,-28.03128051721668],[141.96020507800006,-28.031455993216642],[141.95843505900007,-28.032424926216656]]},"properties":{"id":"ga:pipe0:335","layer":"pipelines_oil","name":"Zeus 11 Flowline","subtype":"Oil pipeline","status":"fully capable of operation.","country":"AU","state":"Queensland","source":"Geoscience Australia","source_url":"https://digital.atlas.gov.au/datasets/digitalatlas::gas-pipelines/about","license":"CC BY 4.0","length_km":0.0054791200000000005,"spatial_confidence":"0"}},{"type":"Feature","geometry":{"type":"MultiLineString","coordinates":[[[141.95845031700003,-28.03243637021666],[141.96012878400006,-28.031551360216678],[141.9624023440001,-28.031337737216642],[141.96284484900002,-28.031492232216646],[141.96395874000007,-28.032226562216636],[141.96734619100005,-28.03360366721662],[141.96777343700012,-28.033927916216648],[141.967956543,-28.034284591216615],[141.96812439000007,-28.03517913721658],[141.96832275400004,-28.03553199721659],[141.96894836400008,-28.0363063802166],[141.96914449100007,-28.03674276221656]],[[141.96914449100007,-28.03674276221656],[141.96925354000007,-28.036985396216572],[141.96926879900002,-28.037399291216577],[141.96899414100005,-28.03799056921658],[141.96728515600012,-28.03988075221653],[141.96673584000007,-28.04113578721649],[141.96644592300004,-28.04158210721647],[141.96629333500005,-28.04200363121646]]]},"properties":{"id":"ga:pipe0:336","layer":"pipelines_oil","name":"Zeus 9 Flowline","subtype":"Oil pipeline","status":"fully capable of operation.","country":"AU","state":"Queensland","source":"Geoscience Australia","source_url":"https://digital.atlas.gov.au/datasets/digitalatlas::gas-pipelines/about","license":"CC BY 4.0","length_km":0.01959765,"spatial_confidence":"0"}},{"type":"Feature","geometry":{"type":"MultiLineString","coordinates":[[[140.32232666000004,-28.484020232208465],[140.32235717800006,-28.484411239208423],[140.32348632800006,-28.486330031208414],[140.32464599600007,-28.488849639208375],[140.32563781700003,-28.492424010208325],[140.3276367190001,-28.49460029520825],[140.32946777300003,-28.495492934208258],[140.33052063000002,-28.496364593208224],[140.33065795900006,-28.496648787208233],[140.33058650200007,-28.496907817208236]],[[140.33058650200007,-28.496907817208236],[140.33055114700005,-28.49703597920824]]]},"properties":{"id":"ga:pipe0:337","layer":"pipelines_oil","name":"Alwyn 5 Flowline","subtype":"Oil pipeline","status":"fully capable of operation.","country":"AU","state":"South Australia","source":"Geoscience Australia","source_url":"https://digital.atlas.gov.au/datasets/digitalatlas::gas-pipelines/about","license":"CC BY 4.0","length_km":0.01617783,"spatial_confidence":"0"}},{"type":"Feature","geometry":{"type":"MultiLineString","coordinates":[[[141.57406994300004,-27.390299729228666],[141.574066162,-27.390291213228622]],[[141.57592773400006,-27.39417648222857],[141.5758056640001,-27.39371871822856],[141.57487487800006,-27.39211273122858],[141.57406994300004,-27.390299729228666]]]},"properties":{"id":"ga:pipe0:338","layer":"pipelines_oil","name":"Challum 29 Flowline","subtype":"Oil pipeline","status":"fully capable of operation.","country":"AU","state":"Queensland","source":"Geoscience Australia","source_url":"https://digital.atlas.gov.au/datasets/digitalatlas::gas-pipelines/about","license":"CC BY 4.0","length_km":0.00432296,"spatial_confidence":"0"}},{"type":"Feature","geometry":{"type":"MultiLineString","coordinates":[[[141.55770874000007,-27.389804839228635],[141.557876587,-27.389673232228635],[141.5581817630001,-27.389671325228623],[141.55883789100005,-27.389850615228614],[141.56863403300008,-27.394405364228568],[141.56996154800004,-27.39218902522863],[141.57325744600007,-27.390951156228635],[141.5734710690001,-27.39075660622863],[141.5735473630001,-27.390279769228638],[141.57406994300004,-27.390299729228666]],[[141.57406994300004,-27.390299729228666],[141.57409668000003,-27.390300750228672],[141.5741119380001,-27.390218734228643]]]},"properties":{"id":"ga:pipe0:339","layer":"pipelines_oil","name":"Challum 30 Flowline","subtype":"Oil pipeline","status":"fully capable of operation.","country":"AU","state":"Queensland","source":"Geoscience Australia","source_url":"https://digital.atlas.gov.au/datasets/digitalatlas::gas-pipelines/about","license":"CC BY 4.0","length_km":0.01951107,"spatial_confidence":"0"}},{"type":"Feature","geometry":{"type":"MultiLineString","coordinates":[[[139.73823547400002,-27.447328567227533],[139.73815918000003,-27.44734573322755],[139.73831176800002,-27.448141097227534],[139.7382507320001,-27.448215484227518],[139.7382812500001,-27.448392867227515],[139.7389984130001,-27.4488544452275],[139.7400512700001,-27.454727172227432],[139.7391510010001,-27.464607238227252],[139.738952637,-27.4650344842272],[139.73690795900006,-27.467809676227144],[139.73635864300002,-27.47102165122709],[139.7379455570001,-27.476242064227016],[139.73754882800006,-27.47685241622702],[139.73847961400008,-27.479829787226944],[139.74076843300008,-27.48537826422684],[139.74064636200012,-27.486871718226823],[139.7403869630001,-27.487434386226802],[139.73988342300004,-27.487836837226805],[139.73669433600003,-27.489248275226764],[139.7300262450001,-27.491846084226715],[139.72952270500002,-27.49231338422668],[139.72894287100007,-27.493322371226704],[139.7288208010001,-27.49380683822666],[139.72880554200003,-27.494880675226685],[139.73034668000003,-27.503293990226513],[139.72966003400006,-27.510236739226396],[139.72917175300006,-27.513143538226302],[139.7328033450001,-27.53735160722584],[139.73295593300008,-27.53765106122584],[139.73327636700003,-27.537971496225836],[139.74687194800003,-27.548357009225654],[139.74731445300006,-27.54857635422566],[139.74931335400004,-27.549083709225616],[139.74983215300006,-27.54938316222563],[139.755065918,-27.555047988225514],[139.75711059600008,-27.559022902225465],[139.75730896000005,-27.559299468225433],[139.763778687,-27.563772201225344],[139.776550293,-27.576208114225096],[139.77713012700008,-27.576517104225104],[139.78033447300004,-27.577320098225115],[139.7821197510001,-27.578271865225098],[139.78257751500007,-27.579994201225066],[139.7827606200001,-27.580371856225025],[139.789398193,-27.588823317224914],[139.78974914600008,-27.58914565922485],[139.79040527300003,-27.589385985224887],[139.80174255400004,-27.590578078224855],[139.816253662,-27.592636107224834],[139.82254028300008,-27.593296050224836],[139.83685302700007,-27.592985152224824],[139.84278869600007,-27.594568252224796],[139.84863281200012,-27.598217009224687],[139.86186218300008,-27.60940742422452],[139.8621978760001,-27.609621047224493],[139.86273193400007,-27.609769820224475],[139.87553405800008,-27.61109542722446],[139.87593078600003,-27.611198424224455],[139.87631225600012,-27.61142349122447],[139.89808654800004,-27.63398170422403],[139.9181213380001,-27.652784347223687],[139.91847229000007,-27.65303611722366],[139.91896057100007,-27.653186797223707],[139.9317169190001,-27.65438270522369],[139.9428710940001,-27.65464210422363],[139.9697723390001,-27.63189315722409],[139.97470092800006,-27.6245098102242],[139.97508239700005,-27.62414169222423],[139.97554016100003,-27.62393951322425],[139.98022460900006,-27.623535155224232],[139.9802856450001,-27.62346649122426],[139.98300170900006,-27.623315810224227],[139.9831390380001,-27.623172759224218],[139.98324585000012,-27.623165130224244],[139.9833221440001,-27.623224257224226],[139.99772644000006,-27.622093200224235],[140.00784301800002,-27.62247466922427],[140.00846862800006,-27.62259674022424],[140.03097534200003,-27.623441695224212],[140.03117370600012,-27.623521804224207],[140.03640747100008,-27.62783431922418],[140.0410156250001,-27.630083083224143],[140.04141235400004,-27.630357741224113],[140.09643554700006,-27.683895110223116],[140.09895324700005,-27.688055037223037],[140.099086402,-27.688649113222997]],[[140.099086402,-27.688649113222997],[140.0993499760001,-27.689825057222986],[140.10009765600012,-27.689990996222967],[140.1018676760001,-27.690641402223],[140.1016387940001,-27.69112205422295]]]},"properties":{"id":"ga:pipe0:340","layer":"pipelines_oil","name":"Charo to Tirrawarra Trunkline","subtype":"Oil pipeline","status":"fully capable of operation.","country":"AU","state":"South Australia","source":"Geoscience Australia","source_url":"https://digital.atlas.gov.au/datasets/digitalatlas::gas-pipelines/about","license":"CC BY 4.0","length_km":0.55504218,"spatial_confidence":"0"}},{"type":"Feature","geometry":{"type":"MultiLineString","coordinates":[[[142.1383056640001,-27.51391601522628],[142.13967895500002,-27.513820647226325],[142.13973999000007,-27.514602660226302],[142.13973999000007,-27.51465034422628],[142.13973999000007,-27.51469612022626],[142.13973999000007,-27.514743804226292],[142.13973999000007,-27.514789580226278],[142.13973999000007,-27.514837264226312],[142.13972473100011,-27.514883040226294],[142.13972473100011,-27.51492881722626],[142.13970947300004,-27.5149745932263],[142.1396942140001,-27.51502227722628],[142.13967895500002,-27.5150680532263],[142.13966369600007,-27.515111922226268],[142.13964843700012,-27.51515579122629],[142.13963317900004,-27.515199660226262],[142.1396179200001,-27.515243529226286],[142.13958740200007,-27.515287398226242],[142.1395721440001,-27.515329360226257],[142.1395416260001,-27.51536941422628],[142.13951110800008,-27.515411376226282],[142.13948059100005,-27.515449523226284],[142.13945007300003,-27.515487670226285],[142.13941955600012,-27.51552581722628],[142.1393890380001,-27.515562056226255],[142.13935852100008,-27.51559829622625],[142.13932800300006,-27.5156326282263],[142.13928222700008,-27.515666961226266],[142.13925170900006,-27.51569938622629],[142.13920593300008,-27.51572990322627],[142.1385943030001,-27.516197726226263]],[[142.1385943030001,-27.516197726226263],[142.1379241940001,-27.516710280226267],[142.137878418,-27.516740798226227],[142.1378479000001,-27.51677322322625],[142.13780212400002,-27.516805648226228],[142.13777160600011,-27.51683998022626],[142.1377410890001,-27.516874312226246],[142.13769531200012,-27.516910552226236],[142.1376647950001,-27.516946792226218],[142.13763427700007,-27.516984939226212],[142.13642883300008,-27.51859664822621],[142.135925293,-27.519123076226208],[142.1362304690001,-27.519350051226173]]]},"properties":{"id":"ga:pipe0:341","layer":"pipelines_oil","name":"Chilla 2 Flowline","subtype":"Oil pipeline","status":"fully capable of operation.","country":"AU","state":"Queensland","source":"Geoscience Australia","source_url":"https://digital.atlas.gov.au/datasets/digitalatlas::gas-pipelines/about","license":"CC BY 4.0","length_km":0.00860358,"spatial_confidence":"0"}},{"type":"Feature","geometry":{"type":"LineString","coordinates":[[140.40270996100003,-28.477722167208565],[140.40266418500005,-28.47817993120854],[140.40153503400006,-28.478971480208568],[140.40007019000006,-28.47882842920856],[140.4000549320001,-28.478824614208545],[140.4000244140001,-28.47882270720854],[140.40000915500002,-28.478818892208576],[140.3999786380001,-28.47881317020855],[140.39996337900004,-28.478807448208528],[140.39993286100002,-28.47880172620856],[140.39991760300006,-28.478796004208533],[140.3999023440001,-28.478788375208556],[140.3998718260001,-28.47878074520858],[140.39985656700003,-28.478771209208528],[140.39982605000012,-28.478761672208556],[140.39981079100005,-28.478752135208566],[140.3997955320001,-28.47874069120858],[140.39978027300003,-28.478731154208536],[140.39974975600012,-28.478717803208525],[140.398773193,-28.478082656208564],[140.39875793500005,-28.478069304208567],[140.3987426760001,-28.478055953208557],[140.39872741700003,-28.478042602208557],[140.39869689900002,-28.478029250208568],[140.39868164100005,-28.47801399120856],[140.3986663820001,-28.47799873320859],[140.39865112300004,-28.477983474208585],[140.39863586400008,-28.477968215208577],[140.39863586400008,-28.477951049208553],[140.39862060500002,-28.47793388320859],[140.39860534700006,-28.47791671720857],[140.3985900880001,-28.477899550208566],[140.39857482900004,-28.47788238420854],[140.39857482900004,-28.47786331120857],[140.3985595700001,-28.47784614520855],[140.39739990200007,-28.4755096432086]]},"properties":{"id":"ga:pipe0:342","layer":"pipelines_oil","name":"Chimmichurri 1 Flowline","subtype":"Proposed Oil pipeline","status":"proposed infrastructure.","country":"AU","state":"South Australia","source":"Geoscience Australia","source_url":"https://digital.atlas.gov.au/datasets/digitalatlas::gas-pipelines/about","license":"CC BY 4.0","length_km":0.00775933,"spatial_confidence":"0"}},{"type":"Feature","geometry":{"type":"LineString","coordinates":[[140.41288757300003,-28.483926772208452],[140.4088439940001,-28.48446655220843],[140.40881347700008,-28.484468459208454],[140.40878295900006,-28.484470366208466],[140.4087677000001,-28.484474181208434],[140.40873718300008,-28.484474181208434],[140.40870666500007,-28.484474181208423],[140.40869140600012,-28.484474181208434],[140.4086608890001,-28.484470366208466],[140.40863037100007,-28.484468459208454],[140.40861511200012,-28.48446655220843],[140.4085845950001,-28.484462737208425],[140.40855407700008,-28.48445892220848],[140.408538818,-28.484453200208456],[140.4085083010001,-28.484445571208465],[140.40847778300008,-28.484439849208442],[140.40846252400002,-28.48443221920846],[140.4084320070001,-28.484424590208434],[140.4056549070001,-28.483425139208467],[140.40397644000006,-28.482995986208493],[140.40394592300004,-28.482988357208455],[140.4039306640001,-28.48298263420845],[140.40390014600007,-28.482975005208463],[140.4038848880001,-28.482965468208498],[140.4038543700001,-28.482957839208503],[140.40383911100002,-28.482948302208467],[140.4038085940001,-28.482938765208495],[140.3984069820001,-28.48031806820853],[140.39837646500007,-28.480306624208534],[140.39836120600012,-28.480293273208535],[140.39834594700005,-28.48028182920854],[140.39831543000003,-28.48026657020853],[140.39830017100007,-28.480253219208535],[140.39826965300006,-28.48023796020852],[140.3982543950001,-28.480222701208504],[140.39823913600003,-28.480207442208556],[140.39822387700008,-28.480190276208535],[140.398208618,-28.480173110208522],[140.3981781010001,-28.480155944208555],[140.39816284200003,-28.480136870208536],[140.39814758300008,-28.48011779720855],[140.39813232400002,-28.48009872320853],[140.39811706500006,-28.48007965020856],[140.39811706500006,-28.48005866920852],[140.3981018070001,-28.480039596208552],[140.39808654800004,-28.48001861520851],[140.3980712890001,-28.479997634208544],[140.3980712890001,-28.479974746208562],[140.39805603000002,-28.479953765208514],[140.39804077100007,-28.479930877208513],[140.39804077100007,-28.479909896208543],[140.3980255130001,-28.479887008208557],[140.3980255130001,-28.47986411920852],[140.3980255130001,-28.479841231208532],[140.39801025400004,-28.47981834320854],[140.39801025400004,-28.479793548208537],[140.39801025400004,-28.47977065920851],[140.39801025400004,-28.47974777120851],[140.39790344200003,-28.4769935602086],[140.39790344200003,-28.47697067220861],[140.39790344200003,-28.476947783208583],[140.39788818400007,-28.476924895208587],[140.39788818400007,-28.476902007208594],[140.39788818400007,-28.47687911920861],[140.39788818400007,-28.47685623120856],[140.39787292500012,-28.476833343208583],[140.39787292500012,-28.4768123622086],[140.39739990200007,-28.4755096432086]]},"properties":{"id":"ga:pipe0:343","layer":"pipelines_oil","name":"Chivito 1 Flowline","subtype":"Proposed Oil pipeline","status":"proposed infrastructure.","country":"AU","state":"South Australia","source":"Geoscience Australia","source_url":"https://digital.atlas.gov.au/datasets/digitalatlas::gas-pipelines/about","license":"CC BY 4.0","length_km":0.02044541,"spatial_confidence":"0"}},{"type":"Feature","geometry":{"type":"MultiLineString","coordinates":[[[142.0918731690001,-27.524242400226132],[142.093856812,-27.523456572226138],[142.09504699700005,-27.52226066522615],[142.09677124000007,-27.523462295226096],[142.0971374510001,-27.524251937226115]],[[142.0971374510001,-27.524251937226115],[142.0974731450001,-27.524980544226075],[142.09748840300006,-27.526668548226073],[142.0989379880001,-27.53086280722597],[142.09906005900007,-27.541305541225807],[142.10655212400002,-27.548582076225628],[142.10820007300003,-27.552289962225586]]]},"properties":{"id":"ga:pipe0:344","layer":"pipelines_oil","name":"Chookoo 6 Spur","subtype":"Oil pipeline","status":"fully capable of operation.","country":"AU","state":"Queensland","source":"Geoscience Australia","source_url":"https://digital.atlas.gov.au/datasets/digitalatlas::gas-pipelines/about","license":"CC BY 4.0","length_km":0.03866606,"spatial_confidence":"0"}},{"type":"Feature","geometry":{"type":"MultiLineString","coordinates":[[[140.44651723900006,-28.48306907820848],[140.4465942380001,-28.48297691220848]],[[140.44457214700003,-28.487451873208375],[140.44476318400007,-28.48735427820837],[140.44558715800008,-28.48418235720845],[140.44651723900006,-28.48306907820848]],[[140.4265747070001,-28.487230300208402],[140.426452637,-28.4875297542084],[140.4265747070001,-28.4877490992084],[140.42822265600012,-28.488605498208393],[140.42855835000012,-28.488685607208385],[140.43244934100005,-28.488317489208356],[140.43476867700008,-28.488183974208397],[140.44371032700008,-28.48789215020841],[140.44457214700003,-28.487451873208375]]]},"properties":{"id":"ga:pipe0:345","layer":"pipelines_oil","name":"Chorizo 1 Flowline","subtype":"Oil pipeline","status":"fully capable of operation.","country":"AU","state":"South Australia","source":"Geoscience Australia","source_url":"https://digital.atlas.gov.au/datasets/digitalatlas::gas-pipelines/about","license":"CC BY 4.0","length_km":0.02398492,"spatial_confidence":"0"}},{"type":"Feature","geometry":{"type":"LineString","coordinates":[[143.39112854000007,-26.748855590240982],[143.39167785600011,-26.749704360240962],[143.39193725600012,-26.751161574240964],[143.39297485400004,-26.752262114240935],[143.394638062,-26.75241088824095],[143.39526367200006,-26.752714156240938],[143.39665222200006,-26.754785537240895],[143.396820068,-26.75535964924086],[143.39326477100008,-26.776910781240456],[143.39282226600005,-26.777339934240416],[143.39102172900004,-26.777448653240434],[143.39057922400002,-26.777742385240423],[143.39065551800002,-26.781036376240383]]},"properties":{"id":"ga:pipe0:346","layer":"pipelines_oil","name":"Classic 1 Flowline","subtype":"Oil pipeline","status":"fully capable of operation.","country":"AU","state":"Queensland","source":"Geoscience Australia","source_url":"https://digital.atlas.gov.au/datasets/digitalatlas::gas-pipelines/about","license":"CC BY 4.0","length_km":0.037549309999999995,"spatial_confidence":"0"}},{"type":"Feature","geometry":{"type":"LineString","coordinates":[[114.97096870200005,-29.426078681192006],[114.97126770000011,-29.426078795191998],[114.97139740000011,-29.42654609619201],[114.97576904300004,-29.42658805719197],[115.00038147000011,-29.428388595191944],[115.00038147000011,-29.428489684191934]]},"properties":{"id":"ga:pipe0:347","layer":"pipelines_oil","name":"Cliff Head Lateral","subtype":"Oil pipeline","status":"fully capable of operation.","country":"AU","state":"Western Australia","source":"Geoscience Australia","source_url":"https://digital.atlas.gov.au/datasets/digitalatlas::gas-pipelines/about","license":"CC BY 4.0","length_km":0.029935100000000003,"spatial_confidence":"0"}},{"type":"Feature","geometry":{"type":"LineString","coordinates":[[140.33059692400002,-28.49705123820824],[140.33070373500004,-28.49681091220821],[140.33082580600012,-28.49670410120824],[140.3313598630001,-28.49669074920824],[140.34158325200008,-28.497970580208197],[140.34362793000003,-28.498373031208203]]},"properties":{"id":"ga:pipe0:348","layer":"pipelines_oil","name":"Alwyn East 1 Flowline","subtype":"Oil pipeline","status":"fully capable of operation.","country":"AU","state":"South Australia","source":"Geoscience Australia","source_url":"https://digital.atlas.gov.au/datasets/digitalatlas::gas-pipelines/about","license":"CC BY 4.0","length_km":0.01334651,"spatial_confidence":"0"}},{"type":"Feature","geometry":{"type":"MultiLineString","coordinates":[[[141.27903355600006,-26.69116048624212],[141.2793731690001,-26.69067001224212],[141.27976989700005,-26.69045257524211],[141.28468322800006,-26.690950393242144]],[[141.2537231450001,-26.695587157242056],[141.25515747100008,-26.696826934241997],[141.25798034700006,-26.69849777124197],[141.25823974600007,-26.698596953242014],[141.25915527300003,-26.698722838241995],[141.25944519000006,-26.698633193241992],[141.25967407200005,-26.698444365241965],[141.2613525390001,-26.69557952824202],[141.26158142100007,-26.69540595924205],[141.26234436000004,-26.695123671242058],[141.277114868,-26.69360732924208],[141.27752685500002,-26.69333648624208],[141.27903355600006,-26.69116048624212]]]},"properties":{"id":"ga:pipe0:349","layer":"pipelines_oil","name":"Cocinero 1 Flowline","subtype":"Oil pipeline","status":"fully capable of operation.","country":"AU","state":"Queensland","source":"Geoscience Australia","source_url":"https://digital.atlas.gov.au/datasets/digitalatlas::gas-pipelines/about","license":"CC BY 4.0","length_km":0.035374630000000004,"spatial_confidence":"0"}},{"type":"Feature","geometry":{"type":"MultiLineString","coordinates":[[[141.25389735300007,-26.69611335224199],[141.25340271000005,-26.695703505242058]],[[141.2548993480001,-26.696943577242],[141.25389735300007,-26.69611335224199]],[[141.25504437100005,-26.69712598824202],[141.25500488300008,-26.69703102024198],[141.2548993480001,-26.696943577242]],[[141.25508376900007,-26.697220740242024],[141.25504437100005,-26.69712598824202]],[[141.2670593260001,-26.721115111241538],[141.26515197800006,-26.719684600241603],[141.26477050800008,-26.719205855241597],[141.26319885300006,-26.711477279241706],[141.2590942380001,-26.703571319241906],[141.25614929200003,-26.69978332424195],[141.25508376900007,-26.697220740242024]]]},"properties":{"id":"ga:pipe0:350","layer":"pipelines_oil","name":"Cocinero 6 Flowline","subtype":"Oil pipeline","status":"fully capable of operation.","country":"AU","state":"Queensland","source":"Geoscience Australia","source_url":"https://digital.atlas.gov.au/datasets/digitalatlas::gas-pipelines/about","license":"CC BY 4.0","length_km":0.029650580000000003,"spatial_confidence":"0"}},{"type":"Feature","geometry":{"type":"MultiLineString","coordinates":[[[141.25389735300007,-26.69611335224199],[141.2533874510001,-26.695709228242016]],[[141.2548993480001,-26.696943577242],[141.25482177700007,-26.69684600724202],[141.25389735300007,-26.69611335224199]],[[141.25504437100005,-26.69712598824202],[141.2548993480001,-26.696943577242]],[[141.25508376900007,-26.697220740242024],[141.255065918,-26.697153090242015],[141.25504437100005,-26.69712598824202]],[[141.25332641600005,-26.720809936241547],[141.25523376500007,-26.71605682324165],[141.25520324700005,-26.71530532724165],[141.25556945800008,-26.700462340241923],[141.25540161100002,-26.698425292241993],[141.25508376900007,-26.697220740242024]]]},"properties":{"id":"ga:pipe0:351","layer":"pipelines_oil","name":"Cocinero Dev I Flowline","subtype":"Proposed Oil pipeline","status":"proposed infrastructure.","country":"AU","state":"Queensland","source":"Geoscience Australia","source_url":"https://digital.atlas.gov.au/datasets/digitalatlas::gas-pipelines/about","license":"CC BY 4.0","length_km":0.02630333,"spatial_confidence":"0"}},{"type":"Feature","geometry":{"type":"MultiLineString","coordinates":[[[139.37393188500005,-27.663347243223498],[139.37409973100011,-27.663124083223497],[139.37431335400004,-27.6629467002235],[139.37461853000002,-27.66282463022353],[139.3750762940001,-27.66276359522348],[139.37583923300008,-27.6627540582235],[139.37757873500004,-27.662773131223528],[139.37866210900006,-27.66281127822352],[139.37942504900002,-27.66281127822353],[139.38027954100005,-27.66282844422349],[139.38426208500005,-27.66279602022351],[139.38854980500003,-27.66283416622352],[139.39137268100012,-27.662813186223527],[139.39390564000007,-27.662837981223483],[139.39541626000005,-27.662889480223523],[139.39666748000002,-27.66308593722348],[139.39857482900004,-27.663473128223483],[139.39886474600007,-27.66361999422351],[139.39913940400004,-27.664030074223504],[139.39913940400004,-27.6641750332235],[139.39917294100007,-27.664249094223468]],[[139.39917294100007,-27.664249094223468],[139.39918334800007,-27.66427207522349]],[[139.39918334800007,-27.66427207522349],[139.39918518100012,-27.664276122223487],[139.39916992200006,-27.66485404922348]]]},"properties":{"id":"ga:pipe0:352","layer":"pipelines_oil","name":"Congony Flowline","subtype":"Oil pipeline","status":"fully capable of operation.","country":"AU","state":"South Australia","source":"Geoscience Australia","source_url":"https://digital.atlas.gov.au/datasets/digitalatlas::gas-pipelines/about","license":"CC BY 4.0","length_km":0.026555170000000003,"spatial_confidence":"0"}},{"type":"Feature","geometry":{"type":"MultiLineString","coordinates":[[[141.29150390600012,-26.690898894242146],[141.2905273440001,-26.690803527242124],[141.28866577100007,-26.69078063924214],[141.2862314900001,-26.69091522724212]],[[141.2862314900001,-26.69091522724212],[141.285491943,-26.690956115242113],[141.28488159200003,-26.691099166242125]]]},"properties":{"id":"ga:pipe0:353","layer":"pipelines_oil","name":"Cook 29H Flowline","subtype":"Oil pipeline","status":"fully capable of operation.","country":"AU","state":"Queensland","source":"Geoscience Australia","source_url":"https://digital.atlas.gov.au/datasets/digitalatlas::gas-pipelines/about","license":"CC BY 4.0","length_km":0.00664849,"spatial_confidence":"0"}},{"type":"Feature","geometry":{"type":"MultiLineString","coordinates":[[[141.28616333000002,-26.677003859242408],[141.2862314900001,-26.69091522724212]],[[141.2862314900001,-26.69091522724212],[141.28623962400002,-26.692575454242082],[141.2876739500001,-26.69565010024204],[141.28781023800002,-26.69597080224204]],[[141.28781023800002,-26.69597080224204],[141.28828430200008,-26.697086333242],[141.28927612300004,-26.699817656241994],[141.28959655800008,-26.70036888024197]]]},"properties":{"id":"ga:pipe0:354","layer":"pipelines_oil","name":"Cook 6 Flowline","subtype":"Oil pipeline","status":"fully capable of operation.","country":"AU","state":"Queensland","source":"Geoscience Australia","source_url":"https://digital.atlas.gov.au/datasets/digitalatlas::gas-pipelines/about","license":"CC BY 4.0","length_km":0.02406849,"spatial_confidence":"0"}},{"type":"Feature","geometry":{"type":"LineString","coordinates":[[141.2906494140001,-26.701080321241932],[141.29071044900002,-26.70147705024196],[141.29074096700003,-26.701967238241902],[141.29074096700003,-26.702087401241908],[141.2906799320001,-26.702270507241916],[141.2906494140001,-26.70233726424193],[141.29058837900004,-26.702417373241893],[141.28974914600008,-26.703001021241914],[141.28968811000004,-26.703063964241903],[141.28965759300002,-26.703140258241888],[141.28900146500007,-26.705041884241854],[141.2874145510001,-26.709964751241763],[141.2872314450001,-26.710634231241766],[141.28646850600012,-26.712942122241696],[141.28627014200003,-26.713363646241675],[141.28593444800003,-26.71406364324169],[141.28506469700005,-26.71567726024164],[141.284362793,-26.717073440241634],[141.28416442900004,-26.717512130241634],[141.28395080600012,-26.718063353241618],[141.2837677000001,-26.7184963222416],[141.2833557130001,-26.719530105241596],[141.2832489010001,-26.719776153241547],[141.28146362300004,-26.723121642241498],[141.27748107900004,-26.728315352241424],[141.27726745600012,-26.72856521524137],[141.27555847200006,-26.730201720241368],[141.27082824700005,-26.734647750241276],[141.2696533200001,-26.735710143241242],[141.26672363300008,-26.738300322241226],[141.2665252690001,-26.738487243241185],[141.2664184570001,-26.73860359124119],[141.26632690400004,-26.73883056524117],[141.2659301760001,-26.740249633241167],[141.26589965800008,-26.740358352241188],[141.26582336400008,-26.74047088524117],[141.26560974100005,-26.740739821241167],[141.26484680200008,-26.741809844241146],[141.26467895500002,-26.741964339241154],[141.26445007300003,-26.74214935224112],[141.264007568,-26.74246025024112],[141.26321411100002,-26.74304389924113],[141.26310730000012,-26.743276595241074],[141.26303100600012,-26.74346733024113],[141.26255798300008,-26.744630813241077],[141.26200866700003,-26.745859145241024],[141.261825562,-26.74618530224105],[141.2617645260001,-26.746280669241077],[141.26142883300008,-26.746686934241044],[141.2611999510001,-26.746934890241047],[141.26084899900002,-26.74722862124104],[141.26046752900004,-26.747478484240993],[141.25854492200006,-26.748588561240997],[141.2574462890001,-26.749256133240987],[141.25502014200003,-26.750675200240988],[141.2548065190001,-26.750822066240953],[141.25465393100012,-26.750995635240972],[141.25283813500005,-26.753337859240887],[141.2525939940001,-26.753698348240885],[141.25253295900006,-26.753726958240893],[141.2525177000001,-26.753763198240875],[141.2520294190001,-26.754373549240906],[141.25131225600012,-26.75529479924085],[141.2512054440001,-26.755544661240883],[141.2511291500001,-26.75586700324089],[141.25105285600011,-26.75784492424084],[141.2510223390001,-26.757997512240827],[141.2509002690001,-26.75824546724079],[141.250335693,-26.759098052240788],[141.25024414100005,-26.75917053124078],[141.24937439000007,-26.75942993124076],[141.24832153300008,-26.75979614224079],[141.2480468750001,-26.759918212240756],[141.247817993,-26.760078429240785],[141.24765014600007,-26.760265349240758],[141.2472229000001,-26.760881423240743],[141.24650573700012,-26.76186370724075],[141.2462158200001,-26.762285232240714],[141.24592590300006,-26.762638091240746],[141.24577331500006,-26.762807845240694],[141.2454223630001,-26.763107299240705],[141.24417114300002,-26.7642784112407],[141.24386596700003,-26.764581679240667],[141.24349975600012,-26.765258788240686],[141.24314880400004,-26.765823363240685],[141.24281311000004,-26.766431807240632],[141.24272155800008,-26.766637801240616],[141.24266052200005,-26.76692771824065],[141.24266052200005,-26.768787383240593],[141.24267578100012,-26.772117614240546],[141.24270629900002,-26.774335860240488],[141.24269104000007,-26.774978637240466],[141.24272155800008,-26.77532768124047],[141.2427520750001,-26.775535582240483],[141.2429046630001,-26.775833129240482],[141.24417114300002,-26.777616500240423],[141.24432373000002,-26.77785873324042],[141.24443054200003,-26.778144835240433],[141.24446106000005,-26.778518676240427],[141.2443695070001,-26.77902030824043],[141.2442932130001,-26.779308318240385],[141.24417114300002,-26.779539107240392],[141.24394226100003,-26.779788970240396],[141.24349975600012,-26.780197143240372],[141.24287414600008,-26.780855178240373],[141.24276733400006,-26.781103133240382],[141.24270629900002,-26.78141403124034],[141.24272155800008,-26.782787322240356],[141.24272155800008,-26.78320503124033],[141.24267578100012,-26.78363037024032],[141.24261474600007,-26.784046172240327],[141.24246215800008,-26.784461974240298],[141.24201965300006,-26.78535461324031],[141.2418518070001,-26.785753249240287],[141.2406158450001,-26.788068770240205],[141.23950195300006,-26.790035247240223],[141.23904418900008,-26.790859221240154],[141.2373504640001,-26.793657302240145],[141.23654174800004,-26.7949657432401],[141.23480224600007,-26.798158645240008],[141.2335510250001,-26.800567626239992],[141.23304748500004,-26.801441192239984],[141.232192993,-26.802986144239966],[141.23204040500002,-26.80330085723992],[141.2319030760001,-26.803506850239934],[141.2317504880001,-26.803579329239913],[141.2313690190001,-26.80368614123991],[141.23112487800006,-26.803781508239947],[141.23098754900002,-26.80386924623994],[141.2306976320001,-26.80410003623991],[141.2275848390001,-26.807149886239866],[141.22662353500004,-26.808055877239827],[141.22334289600008,-26.811233520239778],[141.22196960400004,-26.812589644239747],[141.21699523900008,-26.817378997239683],[141.21513366700003,-26.81907081523962],[141.21066284200003,-26.823213576239514],[141.2081604000001,-26.82566833423947],[141.2078247070001,-26.826030730239488],[141.2072601320001,-26.826570510239467],[141.20683288600003,-26.82702064423947],[141.2059478760001,-26.827646254239433],[141.20535278300008,-26.828044890239436],[141.20144653300008,-26.830793380239417],[141.19807434100005,-26.833131789239367],[141.19712829600007,-26.83380508323933],[141.19503784200003,-26.83526039023932],[141.18859863300008,-26.839784621239225],[141.18835449200003,-26.83996391223922],[141.1870574950001,-26.840976714239194],[141.18681335400004,-26.84115409823919],[141.1850585940001,-26.842334746239153],[141.18402099600007,-26.843002318239147],[141.17768859900002,-26.84631729023907],[141.17497253400006,-26.847778319239083],[141.1738739010001,-26.848360061239074],[141.1736450200001,-26.848489760239044],[141.1718750000001,-26.849449157239047],[141.17121887200005,-26.84979247923903],[141.1701507570001,-26.850379943239002],[141.1645202640001,-26.854156493238943],[141.1568908690001,-26.859294890238825],[141.15283203100012,-26.8620128622388],[141.15260314900002,-26.862154006238793],[141.14916992200006,-26.86351776023878],[141.14753723100011,-26.86417961023873],[141.13981628400006,-26.868206023238674],[141.13896179200003,-26.868635177238684],[141.13087463400007,-26.87152671723858],[141.12748718300008,-26.873088836238573],[141.12379455600012,-26.87482452323856],[141.11683654800004,-26.878059386238466],[141.11483764600007,-26.87900352423847],[141.11303710900006,-26.880041121238445],[141.11120605500003,-26.88110923723843],[141.11064147900004,-26.881429671238422],[141.1088867190001,-26.88233756923838],[141.10714721700003,-26.88320541323839],[141.10391235400004,-26.884759902238358],[141.09545898400006,-26.890211104238222],[141.09167480500003,-26.891288756238247],[141.08895874000007,-26.891511916238194],[141.0877838130001,-26.891586303238178],[141.08720397900004,-26.89176177923823],[141.08448791500007,-26.892637252238217],[141.08302307100007,-26.893079757238173],[141.0821838380001,-26.893272399238164],[141.0816650390001,-26.893369674238194],[141.08024597200006,-26.89367294223818],[141.07821655300006,-26.893974303238195],[141.07705688500005,-26.894172667238156],[141.0655822750001,-26.900123595238043],[141.065124512,-26.900337218238025],[141.06425476100003,-26.90080833323806],[141.06291198700012,-26.90151023823801],[141.06097412100007,-26.90237617423802],[141.06019592300004,-26.902679442238004],[141.05781555200008,-26.903600692237955],[141.05522155800008,-26.904508590237977],[141.05429077100007,-26.904876708237953],[141.04942321800002,-26.906911849237932],[141.04762268100012,-26.907649993237882],[141.0457916260001,-26.908432006237856],[141.04400634800004,-26.909168242237868],[141.04272460900006,-26.909715651237846],[141.0418853760001,-26.910295485237835],[141.04089355500003,-26.910488128237827],[141.04080200200008,-26.91051673823784],[141.03475952100007,-26.913038253237797],[141.03265380900007,-26.913888930237807],[141.03187561000004,-26.91423034623776],[141.02955627400002,-26.915178298237727],[141.02851867700008,-26.91557311923777],[141.02592468300008,-26.916486739237754],[141.02427673300008,-26.917224883237708],[141.02033996600005,-26.918514251237703],[141.0187835690001,-26.919132232237693],[141.01670837400002,-26.919994353237687],[141.016296387,-26.920328139237682],[141.0146179200001,-26.921216964237612],[141.01408386200012,-26.921463012237627],[141.0104827880001,-26.92267417823761],[141.00564575200008,-26.924396514237575],[141.0040588380001,-26.924943923237542],[141.00082397500012,-26.92611885023755],[140.9996643070001,-26.926591872237534],[140.99947004400008,-26.926679527237546]]},"properties":{"id":"ga:pipe0:355","layer":"pipelines_oil","name":"Cook to Merrimelia Flowline","subtype":"Oil pipeline","status":"fully capable of operation.","country":"AU","state":"Queensland","source":"Geoscience Australia","source_url":"https://digital.atlas.gov.au/datasets/digitalatlas::gas-pipelines/about","license":"CC BY 4.0","length_km":0.39121991,"spatial_confidence":"0"}},{"type":"Feature","geometry":{"type":"MultiLineString","coordinates":[[[140.99947004400008,-26.926679527237546],[140.99903869600007,-26.926874160237514],[140.99720764200003,-26.927612304237527],[140.99559021000005,-26.928291320237506],[140.99378967300004,-26.92921447723748],[140.9936218260001,-26.929317473237486],[140.993347168,-26.929519652237467],[140.9929046630001,-26.92978095923748],[140.99133300800008,-26.93034172023744],[140.99018859900002,-26.930685042237474],[140.98960876500007,-26.93087577723746],[140.98837280300006,-26.931179046237435],[140.98535156200012,-26.931877135237443],[140.98291015600012,-26.932765960237422],[140.98123168900008,-26.933221816237403],[140.9808502200001,-26.93326950023743],[140.9797973630001,-26.933670043237374],[140.9747314450001,-26.936365127237362],[140.97413635300006,-26.93665122923732],[140.97305297900004,-26.937131881237335],[140.9725494380001,-26.937309264237328],[140.9717254640001,-26.9376544942373],[140.97102356000005,-26.938055037237316],[140.96893310500002,-26.939146041237287],[140.96789550800008,-26.939641952237295],[140.9669494630001,-26.940105437237253],[140.96655273400006,-26.940362929237235],[140.96644592300004,-26.940412520237242],[140.9658660890001,-26.94066429023727],[140.96472168000003,-26.94103813123726],[140.9644012450001,-26.941236495237224],[140.96369934100005,-26.941541671237264],[140.96310424800004,-26.941947936237234],[140.96287536600005,-26.94206047023721],[140.9620666500001,-26.942354201237208],[140.96156311000004,-26.94255638023724],[140.96134948700012,-26.9426765432372],[140.96028137200005,-26.943349837237214],[140.96015930200008,-26.943405150237226],[140.95938110400004,-26.943660735237213],[140.95877075200008,-26.943958281237233],[140.95840454100005,-26.944118499237184],[140.95660400400004,-26.945028304237162],[140.956237793,-26.94525527923719],[140.9555358890001,-26.94550514123715],[140.95347595200008,-26.94653510923715],[140.95310974100005,-26.94673728823713],[140.9512939450001,-26.94758033723714],[140.94628906200012,-26.94987106223706],[140.94613647500012,-26.9499702442371],[140.94586181600005,-26.950260161237065],[140.94575500500002,-26.9503574362371],[140.94525146500007,-26.950595855237065],[140.94338989300002,-26.951721190237024],[140.94319152800006,-26.951826095237028],[140.93583679200003,-26.954835891236975],[140.928405762,-26.958377837236895],[140.92414856000005,-26.960233687236894],[140.92291259800004,-26.96074294923686],[140.9177856450001,-26.9629268642368],[140.91366577100007,-26.96542167623676],[140.91201782200005,-26.966451644236756],[140.90687561000004,-26.969566344236718],[140.90322876000005,-26.971305846236646],[140.9026489260001,-26.971570968236687],[140.90019226100003,-26.97278213423662],[140.89685058600003,-26.974487304236614],[140.89480590800008,-26.975578307236596],[140.893737793,-26.976125716236563],[140.8936004640001,-26.976179122236577],[140.89048767100007,-26.977128982236543],[140.8903656010001,-26.97719001723653],[140.8902587890001,-26.97725677423654],[140.88925170900006,-26.978023528236566],[140.88734436000004,-26.97943115123652],[140.88418579100005,-26.981279372236465],[140.88330078100012,-26.981779098236437],[140.88134765600012,-26.98291206323644],[140.8801116940001,-26.983465194236434],[140.8790588380001,-26.984239577236437],[140.8768463130001,-26.985410689236424],[140.87614440900006,-26.985799788236374],[140.8741760250001,-26.986852645236336],[140.8734283450001,-26.987236022236388],[140.867034912,-26.990621566236292],[140.86119079600007,-26.99368476823625],[140.8607330320001,-26.993953704236244],[140.86048889200003,-26.994367598236202],[140.8569335940001,-26.996137618236208],[140.8550262450001,-26.996614455236198],[140.85403442400002,-26.99708557023617],[140.85101318400007,-26.99857711723614],[140.85020446800002,-26.999113082236107],[140.8494262700001,-26.999599456236098],[140.84848022500012,-27.00022697323609],[140.84513855000012,-27.002393722236075],[140.8426971440001,-27.004472732236025],[140.8420257570001,-27.004926681236032],[140.83955383300008,-27.006250380236008],[140.83929443400007,-27.00645065223598],[140.83854675300006,-27.006952285235975],[140.8368377690001,-27.007562636235992],[140.8352661130001,-27.008028029235938],[140.83299255400004,-27.009017943235925],[140.8326721190001,-27.009140014235943],[140.83160400400004,-27.009624480235917],[140.82861328100012,-27.011175155235918],[140.82391357400002,-27.013681411235872],[140.82220459000007,-27.014810561235848],[140.82180786100002,-27.015003203235857],[140.81977844200003,-27.01591491623583],[140.81744384800004,-27.017717360235753],[140.81597900400004,-27.018547057235764],[140.81364440900006,-27.019786834235706],[140.81278991700003,-27.020053863235745],[140.81166076700003,-27.020618438235726],[140.81109619100005,-27.02096557523573],[140.81079101600005,-27.021177291235695],[140.80879211400008,-27.022741317235646],[140.8080749510001,-27.023332595235647],[140.80778503400006,-27.023660659235663],[140.8062286380001,-27.025178908235645],[140.8054809570001,-27.025781630235628],[140.80528259300002,-27.02590942323563],[140.80488586400008,-27.02609634323559],[140.80441284200003,-27.0263328542356],[140.80320739700005,-27.026746749235617],[140.80125427200005,-27.02737617423561],[140.8008270260001,-27.027536391235564],[140.80065918000003,-27.027616500235574],[140.79986572300004,-27.028041839235573],[140.79855346700003,-27.028797149235547],[140.79750061000004,-27.02958297623554],[140.79490661600005,-27.03111648523553],[140.79475402800006,-27.031188964235508],[140.79374694800003,-27.031572341235496],[140.79269409200003,-27.031993865235478],[140.79084777800006,-27.032690047235473],[140.79055786100002,-27.032817840235452],[140.79043579100005,-27.032899856235478],[140.7890319820001,-27.034103393235434],[140.7878265380001,-27.03484344423546],[140.78732299800004,-27.035091399235426],[140.78675842300004,-27.03528022723545],[140.78611755400004,-27.03544998123539],[140.78562927200005,-27.035634994235416],[140.78094482400002,-27.037925719235393],[140.7787780760001,-27.038831710235353],[140.77841186500007,-27.039026259235364],[140.77639770500002,-27.040058135235352],[140.77409362800006,-27.041641234235282],[140.7738189700001,-27.041822432235293],[140.77380371100003,-27.041812896235296],[140.7734832760001,-27.042064666235323],[140.77189636200012,-27.043188094235276],[140.771591187,-27.043466567235242],[140.77029418900008,-27.044841765235226],[140.77011108400006,-27.045011519235235],[140.76486206100003,-27.048648833235163],[140.76472473100011,-27.048721312235145],[140.76419067400002,-27.048938750235187],[140.75856018100012,-27.05136299023513],[140.758483887,-27.051401137235132],[140.75775146500007,-27.05195045423509],[140.7574005130001,-27.05223846323511],[140.75730896000005,-27.052295684235073],[140.7572174070001,-27.0523242942351],[140.7554168700001,-27.05265617323508],[140.7549285890001,-27.052759170235067],[140.75482177700007,-27.052804946235103],[140.7535705570001,-27.053462981235054],[140.75344848600002,-27.05351066523509],[140.7532348630001,-27.053552627235096],[140.75212097200006,-27.053682326235048],[140.75201416000004,-27.053724288235067],[140.749206543,-27.055341720235024],[140.74911499000007,-27.055372237235044],[140.74800109900002,-27.05562782223504],[140.74754333500005,-27.055681228235045],[140.74740600600012,-27.05572318923506],[140.74618530300006,-27.056251525235055],[140.7456512450001,-27.056562423234997],[140.7441864010001,-27.05746269123499],[140.7426452640001,-27.058286666234967],[140.74238586400008,-27.058408736235005],[140.74156189000007,-27.058731078235006],[140.74043273900008,-27.05921745223499],[140.74032592800006,-27.059295653234987],[140.73999023400006,-27.059604644234987],[140.73905944800003,-27.060646056234905],[140.738952637,-27.060752868234932],[140.73872375500002,-27.06087303123495],[140.73799133300008,-27.061155318234935],[140.73741149900002,-27.061531066234952],[140.73582458500005,-27.062305449234895],[140.7356567380001,-27.06239891023489],[140.73542785600011,-27.062574386234935],[140.73489379900002,-27.0630569452349],[140.7347564700001,-27.06312942423489],[140.73339843700012,-27.063657760234875],[140.73320007300003,-27.063743590234864],[140.73294067400002,-27.063886641234873],[140.73278808600003,-27.06397437923486],[140.73262023900008,-27.064107894234873],[140.73204040500002,-27.064685821234846],[140.73187255900007,-27.064764022234865],[140.7297973630001,-27.06558990423486],[140.7294616700001,-27.065692901234858],[140.72888183600003,-27.06581878623484],[140.72843933100012,-27.06594085623482],[140.727233887,-27.066225051234817],[140.7266082760001,-27.06639289823481],[140.7257385250001,-27.0665969842348],[140.7252502440001,-27.066682815234834],[140.72152710000012,-27.0668430322348],[140.71829223600002,-27.067163466234817],[140.71438598600002,-27.0674877162348],[140.7124023440001,-27.067672728234818],[140.7119598390001,-27.06776046723481],[140.71128845200008,-27.067831038234797],[140.70848083500005,-27.06802177323478],[140.702331543,-27.068988799234766],[140.70118713400007,-27.069185256234775],[140.70074462900004,-27.069280623234746],[140.69946289100005,-27.069604873234756],[140.69914245600012,-27.06967163023476],[140.6951293950001,-27.07040405223474],[140.69436645500002,-27.07077789223475],[140.69357299800004,-27.07120132323474],[140.69203186000004,-27.07168006823474],[140.69110107400002,-27.071947097234723],[140.69050598100011,-27.0721359242347],[140.68818664600008,-27.07342529223471],[140.6877288820001,-27.073579787234696],[140.68710327100007,-27.073764800234713],[140.6863403320001,-27.073837279234684],[140.6853637700001,-27.07389640723467],[140.68519592300004,-27.07387351923468],[140.6844340010001,-27.073703818234677]],[[140.6844340010001,-27.073703818234677],[140.68435668900008,-27.07368659923472],[140.68421936000004,-27.07368850623467],[140.68403625500002,-27.073608397234715],[140.68400573700012,-27.073612212234675],[140.683929443,-27.073617934234694],[140.68388366700003,-27.073638915234678],[140.68328857400002,-27.074037551234664],[140.68019104000007,-27.074260711234672],[140.6796875000001,-27.074388503234676],[140.679458618,-27.074466704234688],[140.6793212890001,-27.0745735162347],[140.67620849600007,-27.07749175923459],[140.6760101320001,-27.077699660234593],[140.67494201700003,-27.078994750234614],[140.6740570070001,-27.079891204234585],[140.67370605500003,-27.080223082234564],[140.67158508300008,-27.08198165823453],[140.67134094200003,-27.08218193023455],[140.67077636700003,-27.082557677234497],[140.6706390380001,-27.08267974823452],[140.6701507570001,-27.083251952234498],[140.66900634800004,-27.084548949234463],[140.6688385010001,-27.084688186234505],[140.66828918500005,-27.085052489234464],[140.66659545900006,-27.086505889234438],[140.66627502400002,-27.086828231234435],[140.6653442380001,-27.08765983523441],[140.66271972700008,-27.09012985123438],[140.66093444800003,-27.09169578523434],[140.65605163600003,-27.09630584623424],[140.65585327100007,-27.096475600234236],[140.6551666260001,-27.096998214234212],[140.65351867700008,-27.098764419234204],[140.652679443,-27.099819182234192],[140.65232849100005,-27.10024070623417],[140.65074157700008,-27.101919173234116],[140.64952087400002,-27.10310935923413],[140.64912414600008,-27.103561400234124],[140.6484069820001,-27.10430526623413],[140.64706420900006,-27.105762481234045],[140.64579772900004,-27.107206344234037],[140.64546203600003,-27.107557296234045],[140.64480590800008,-27.10820579423403],[140.64439392100007,-27.10868644623403],[140.6434478760001,-27.109716414234022],[140.64184570300006,-27.111385344233977],[140.6401824950001,-27.113191604233915],[140.63970947300004,-27.113679885233914],[140.63943481400008,-27.11399459723394],[140.6385650630001,-27.11491203223388],[140.63801574700005,-27.11553192023389],[140.6373596190001,-27.116212844233864],[140.63525390600012,-27.11848640323383],[140.63410949700005,-27.119672774233823],[140.6330413820001,-27.120828628233795],[140.63250732400002,-27.121416091233762],[140.63197326700003,-27.12197494423379],[140.62727356000005,-27.12705421323365],[140.626159668,-27.128271102233658],[140.62562561000004,-27.128984450233624],[140.6253051760001,-27.129463195233615],[140.622894287,-27.133609771233512],[140.62258911100002,-27.134098052233522],[140.62207031200012,-27.134986876233516],[140.62152099600007,-27.135902404233498],[140.6206817630001,-27.13735389623348],[140.62010192900004,-27.13840866023346],[140.61848449700005,-27.141113280233373],[140.61769104000007,-27.142450332233356],[140.6169281010001,-27.14367294223335],[140.61662292500012,-27.14410591023333],[140.61596679700006,-27.14522361723329],[140.61592102100008,-27.145336150233327],[140.61584472700008,-27.145483016233285],[140.6153869630001,-27.1463108052333],[140.61506652800006,-27.14681434523325],[140.61473083500005,-27.147451400233283],[140.61445617700008,-27.14788055323329],[140.6136627200001,-27.149259566233226],[140.61128234900002,-27.153255462233137],[140.61071777300003,-27.15430831823312],[140.61021423300008,-27.155471801233126],[140.6098327640001,-27.156414031233073],[140.6094512940001,-27.157327651233075],[140.6093750000001,-27.15755271823309],[140.60928344700005,-27.15798759423306],[140.6090393070001,-27.158508300233088],[140.60876464800003,-27.158973693233026],[140.60853576700003,-27.15950775023305],[140.6078796390001,-27.161149978233016],[140.607192993,-27.16277694623296],[140.60632324200003,-27.165029525232928],[140.60600280800008,-27.165721892232924],[140.60496521000005,-27.168130874232904],[140.60412597700008,-27.170185088232845],[140.60311889600007,-27.172695159232763],[140.5990142820001,-27.18268966623262],[140.59880065900006,-27.183271407232567],[140.5986022950001,-27.18418693423257],[140.5985565190001,-27.184316634232566],[140.59846496600005,-27.18444633423256],[140.59718322800006,-27.18581962523253],[140.59223938000002,-27.190977096232455],[140.58572387700008,-27.197845458232305],[140.58523559600008,-27.198335647232298],[140.58442688000002,-27.199211120232277],[140.5837249760001,-27.199926375232263],[140.58341980000012,-27.20025634723228],[140.57888793900008,-27.204996108232187],[140.57807922400002,-27.205863952232146],[140.576843262,-27.20722389123212],[140.5740356450001,-27.210102080232062],[140.56706237800006,-27.217451095231905],[140.5660705570001,-27.218467711231902],[140.56410217300004,-27.220533370231845],[140.56193542500012,-27.22275924623181],[140.5606994630001,-27.22406959423179],[140.56022644000006,-27.224546431231794],[140.55880737300004,-27.226043700231795],[140.55828857400002,-27.226549148231737],[140.55804443400007,-27.226760863231764],[140.55789184600008,-27.226942061231764],[140.5576629640001,-27.22728729123176],[140.55734252900004,-27.227510451231712],[140.5567169190001,-27.22816848723171],[140.55667114300002,-27.228254317231762],[140.556411743,-27.228540420231706],[140.55497741700003,-27.23004341023168],[140.5548400880001,-27.230211257231666],[140.55436706500006,-27.230880736231658],[140.55403137200005,-27.231395720231657],[140.55392456100003,-27.231534957231645],[140.55374145500002,-27.231691359231657],[140.5534515380001,-27.231918334231633],[140.55128479000007,-27.233709334231616],[140.55107116700003,-27.233860015231592],[140.55030822800006,-27.23428535423159],[140.54855346700003,-27.23546600223158],[140.5478973390001,-27.235881804231585],[140.54716491700003,-27.236373900231587],[140.54617309600008,-27.23698806723156],[140.54486084000007,-27.23797416623153],[140.53518676800002,-27.244518279231432],[140.5344085690001,-27.245065688231385],[140.53370666500007,-27.24548911923139],[140.53315734900002,-27.2458572382314],[140.5322723390001,-27.246492385231367],[140.53030395500002,-27.24779701123137],[140.5293426510001,-27.248584746231316],[140.52894592300004,-27.248807906231335],[140.5283660890001,-27.24910354523132],[140.52722168000003,-27.249876021231316],[140.52568054200003,-27.250959395231252],[140.52388000500002,-27.25215911823125],[140.52352905300006,-27.25243949823124],[140.52323913600003,-27.252710341231253],[140.52275085400004,-27.25339698723125],[140.51936340300006,-27.259428023231106],[140.50750732400002,-27.280662536230725],[140.50578308100012,-27.283710479230674],[140.50471496600005,-27.285640716230656],[140.50114440900006,-27.29199981623053],[140.50096130400004,-27.2923164362305],[140.50044250500002,-27.29327773923048],[140.49971008300008,-27.29457855123046],[140.49909973100011,-27.295608520230452],[140.4983520510001,-27.296991347230406],[140.4980468750001,-27.2975177752304],[140.49600219700005,-27.301158904230356],[140.493423462,-27.305814742230215],[140.4920043950001,-27.309114455230194],[140.49111938500005,-27.311107634230105],[140.49041748000002,-27.312765120230136],[140.4874572750001,-27.31951522722997],[140.48664856000005,-27.32139205822994],[140.48544311500007,-27.324153899229877],[140.48507690400004,-27.3249588002299],[140.48139953600003,-27.3334045402297],[140.47843933100012,-27.340173720229565],[140.47764587400002,-27.342006682229567],[140.47625732400002,-27.34516906622952],[140.47598266600005,-27.34584808222949],[140.47084045400004,-27.357608794229275],[140.46624755900007,-27.36817741322905],[140.46591186500007,-27.368904113229064],[140.46582031200012,-27.36906433022903],[140.46568298300008,-27.36918830822907],[140.46423339800003,-27.370157241229016],[140.45341491700003,-27.377283095228865],[140.44586181600005,-27.3822803492288],[140.4442291260001,-27.383342742228777],[140.44338989300002,-27.383913039228787],[140.44180297900004,-27.384946822228738],[140.44013977100008,-27.386068343228736],[140.43704223600002,-27.388080596228672],[140.43637085000012,-27.388410567228707],[140.43530273400006,-27.388971328228656],[140.43435668900008,-27.389635085228633],[140.43408203100012,-27.389854430228638],[140.433364868,-27.3906860342286],[140.43037414600008,-27.39327812122859],[140.4272918700001,-27.395944594228528],[140.42616272100008,-27.396900176228524],[140.42547607400002,-27.397504806228504],[140.4239501950001,-27.398790358228496],[140.42132568400007,-27.401062011228436],[140.420028687,-27.402156829228428],[140.41824340800008,-27.403591155228376],[140.416687012,-27.405050277228376],[140.41514587400002,-27.406396865228334],[140.4146270750001,-27.406864165228303],[140.41375732400002,-27.407588958228303],[140.40086364700005,-27.418710708228122],[140.39942932100007,-27.420314788228087],[140.39886474600007,-27.42103195122806],[140.3957366940001,-27.425325393227986],[140.38993835400004,-27.43322563122783],[140.38470459000007,-27.440383910227702],[140.37799072300004,-27.44952392522755],[140.37239074700005,-27.457216262227373],[140.3719635010001,-27.45786666822734],[140.37153625500002,-27.45835685622735],[140.3702697750001,-27.460165023227294],[140.36935424800004,-27.461362838227284],[140.36836242700008,-27.462602614227286],[140.36793518100012,-27.463167190227267],[140.3668212890001,-27.464704513227215],[140.36608886700003,-27.466020583227234],[140.36570739700005,-27.46681404022719],[140.3633575440001,-27.471042632227118],[140.36254882800006,-27.4724330892271],[140.36183166500007,-27.473157882227046],[140.36120605500003,-27.473726272227047],[140.35516357400002,-27.478952407226934],[140.34985351600005,-27.483701705226892],[140.34597778300008,-27.48711776622683],[140.3455200200001,-27.4875144952268],[140.34509277300003,-27.487743377226792],[140.34245300300006,-27.489072799226783],[140.34010314900002,-27.490232467226722],[140.339691162,-27.490398406226717],[140.3381958010001,-27.49087715022672],[140.3378601070001,-27.491008758226727],[140.33715820300006,-27.49147987322669],[140.3369598390001,-27.491573333226714],[140.33599853500004,-27.49182128822673],[140.33503723100011,-27.492155074226716],[140.32839965800008,-27.49493217422668],[140.32762146000005,-27.495115279226642],[140.32731628400006,-27.495223998226656],[140.32687377900004,-27.495450973226625],[140.326507568,-27.495704650226667],[140.32637023900008,-27.495777129226656],[140.32206726100003,-27.4975852962266],[140.313171387,-27.50129508922651],[140.30912780800008,-27.503002166226526],[140.30809021000005,-27.503734588226504],[140.30801391600005,-27.503822326226487],[140.30789184600008,-27.504026412226494],[140.3070983890001,-27.505653380226434],[140.3040924070001,-27.51130104022636],[140.3038635250001,-27.51165962122635],[140.30320739700005,-27.512937545226304],[140.30302429200003,-27.51336669822631],[140.30265808100012,-27.514047622226293],[140.3021392820001,-27.514970778226274],[140.30174255400004,-27.515737533226286],[140.30155944800003,-27.516147613226273],[140.30110168500005,-27.516887664226243],[140.3008575440001,-27.517320632226223],[140.30039978000002,-27.51835823022624],[140.29951477100008,-27.51990890422619],[140.29896545400004,-27.520914077226188],[140.29873657200005,-27.521467208226184],[140.29609680200008,-27.52645683222605],[140.2950744630001,-27.528440474226045],[140.2946624760001,-27.529176711226032],[140.2942504880001,-27.529872893225974],[140.29414367700008,-27.530033111226],[140.29373168900008,-27.53036117522597],[140.2932739260001,-27.530578612225955],[140.2930450440001,-27.530723571225966],[140.29283142100007,-27.530906676225985],[140.292739868,-27.53104209822596],[140.29267883300008,-27.531244277225984],[140.2926330570001,-27.531997680225956],[140.29243469200003,-27.533792495225907],[140.29232788100012,-27.534383773225894],[140.29219055200008,-27.534923552225887],[140.29084777800006,-27.539503097225808],[140.29025268600003,-27.54216766322579],[140.29011535600011,-27.542573928225757],[140.28971862800006,-27.543579101225742],[140.28958129900002,-27.543882369225734],[140.28945922900004,-27.544231414225724],[140.28919982900004,-27.545158385225722],[140.288833618,-27.546709060225663],[140.28881835900006,-27.547048568225698],[140.28874206500006,-27.547241210225692],[140.28860473600002,-27.547447204225676],[140.28855896000005,-27.547557830225657],[140.28817749000007,-27.548856734225648],[140.28794860800008,-27.549533843225618],[140.28779602100008,-27.550065993225623],[140.28742981000005,-27.551136016225612],[140.2870025630001,-27.552782058225592],[140.2868499760001,-27.55325889522554],[140.2866973880001,-27.553962707225562],[140.28654480000012,-27.554414748225504],[140.28613281200012,-27.555862426225517],[140.28570556600005,-27.557256698225476],[140.28547668500005,-27.55824279722549],[140.2847442630001,-27.560770034225413],[140.28379821800002,-27.56394386222537],[140.2835083010001,-27.56487464822531],[140.28340148900008,-27.565132140225316],[140.28329467800006,-27.56551551722535],[140.28311157200005,-27.566389083225328],[140.28292846700003,-27.566776275225276],[140.28288269000006,-27.566961287225304],[140.2828369140001,-27.56746482722531],[140.2827911380001,-27.567651748225263],[140.2826843260001,-27.567838668225292],[140.28254699700005,-27.568016051225268],[140.28186035200008,-27.56885147022527],[140.28022766100003,-27.571243285225233],[140.27976989700005,-27.57203102022517],[140.27935791000004,-27.572694777225212],[140.27879333500005,-27.573514937225177],[140.27787780800008,-27.574905395225166],[140.277450562,-27.57558250322514],[140.27668762200005,-27.57676505922512],[140.27537536600005,-27.5787219992251],[140.27388000500002,-27.58092117222507],[140.2723846440001,-27.583190917225],[140.27189636200012,-27.58388137722497],[140.27026367200006,-27.586307525224903],[140.26966857900004,-27.58715248022495],[140.26704406700003,-27.591054915224863],[140.26564025900007,-27.593193053224837],[140.26492309600008,-27.5941925042248],[140.26441955600012,-27.594955443224755],[140.26031494100005,-27.601022719224645],[140.26011657700008,-27.601577758224646],[140.2598114010001,-27.603784560224593],[140.25970459000007,-27.604858397224604],[140.25968933100012,-27.606126784224575],[140.25946044900002,-27.60694885222455],[140.2594299320001,-27.607301711224572],[140.25938415500002,-27.608089446224515],[140.25923156700003,-27.60893058722451],[140.25915527300003,-27.61022186222446],[140.25903320300006,-27.611209868224446],[140.25900268600003,-27.611589431224466],[140.25900268600003,-27.61243247922443],[140.2588348390001,-27.61289405722442],[140.25881958000002,-27.613117217224445],[140.25874328600003,-27.61351585322442],[140.25872802700007,-27.614112853224377],[140.25865173300008,-27.614423751224393],[140.25854492200006,-27.615394591224398],[140.25849914600008,-27.615489959224362],[140.25837100800004,-27.615674628224387]],[[140.25837100800004,-27.615674628224387],[140.25823974600007,-27.615863799224368],[140.25817871100003,-27.616060256224387],[140.25823974600007,-27.61652755622439],[140.25825500500002,-27.617160796224347],[140.25823974600007,-27.61735916022436],[140.25825500500002,-27.61752128522433],[140.25831604000007,-27.617910384224356],[140.25878906200012,-27.619083404224337],[140.25920105000012,-27.619674682224332],[140.25926208500005,-27.61980438122433],[140.25955200200008,-27.621009826224302],[140.2597351070001,-27.621601104224286],[140.2599945070001,-27.62219619722429],[140.26002112300012,-27.62221948622424]],[[140.26002112300012,-27.62221948622424],[140.26016235400004,-27.622343062224264],[140.2607879640001,-27.6249999992242],[140.2613525390001,-27.62874793922417],[140.2613830570001,-27.6298675532241],[140.2613525390001,-27.630758285224083],[140.26136779800004,-27.63116645722407],[140.26133728000002,-27.632831572224084],[140.2613830570001,-27.63381576422404],[140.26132202100007,-27.63997840822396],[140.2613830570001,-27.640716552223907],[140.26133728000002,-27.64121818422391],[140.2612762450001,-27.64258956822387],[140.2612762450001,-27.64403152422385],[140.2613067630001,-27.645355224223813],[140.2612762450001,-27.64771461422381],[140.26150512700008,-27.64953041022374],[140.26152038600003,-27.650487899223748],[140.2612762450001,-27.651054381223755],[140.26118469200003,-27.653390883223707],[140.26132202100007,-27.655395507223645],[140.2611999510001,-27.65603446922362],[140.26101684600008,-27.66065216022356],[140.260925293,-27.663837432223495],[140.26075744600007,-27.668478011223428],[140.26080322300004,-27.668663024223385],[140.2615356450001,-27.66987991222335],[140.26158142100007,-27.67050743022338],[140.2613067630001,-27.671466826223334],[140.26118469200003,-27.672021865223332],[140.26106262200005,-27.67378616222327],[140.2611999510001,-27.675573348223235],[140.26110839800003,-27.678365706223214],[140.26091003400006,-27.67851257222323],[140.26028442400002,-27.678770064223226],[140.2588348390001,-27.679882049223174],[140.25674438500005,-27.681457519223176],[140.25456237800006,-27.682947158223147],[140.25378418000003,-27.68344879122314],[140.2515869140001,-27.68516540422308],[140.25074768100012,-27.685783385223086],[140.24877929700006,-27.687185286223063],[140.24685668900008,-27.688781737222996],[140.24552917500012,-27.68966674722302],[140.24043273900008,-27.693321227222924],[140.2385101320001,-27.694784163222895],[140.23713684100005,-27.69580268822288],[140.23594665500002,-27.696697234222846],[140.23457336400008,-27.697664260222844],[140.23097229000007,-27.700309752222786],[140.23081970200008,-27.700376510222792],[140.23067194200007,-27.70040575422281]],[[140.23067194200007,-27.70040575422281],[140.23045349100005,-27.700448989222824],[140.2302856450001,-27.70055389322278],[140.22583007800006,-27.70383834722275],[140.22515869100005,-27.704330443222705],[140.22486877400002,-27.70449447522274],[140.22467041000004,-27.704704284222693],[140.22454834000007,-27.70480728022271],[140.2197723390001,-27.70847892722267],[140.21873474100005,-27.709255218222623],[140.218521118,-27.709403991222647],[140.21820068400007,-27.709589004222604],[140.21794128400006,-27.709890365222638],[140.21765136700003,-27.710142135222604],[140.21672058100012,-27.710811614222603],[140.214691162,-27.7122554772226],[140.21434021000005,-27.712432860222588],[140.21398925800008,-27.712696074222556],[140.2127838130001,-27.713521956222554],[140.20896911600005,-27.716299056222507],[140.20581054700006,-27.71854400522245],[140.19972229000007,-27.722970962222387],[140.19874572800006,-27.7236289972224],[140.19863891600005,-27.723690032222382],[140.1984710690001,-27.723745345222337],[140.19795227100008,-27.72387313722234],[140.19763183600003,-27.724018096222345],[140.19754028300008,-27.724159240222335],[140.19746398900008,-27.724493026222333],[140.19740295400004,-27.724618911222375],[140.1972656250001,-27.72475433222235],[140.19656372100008,-27.725202559222343],[140.195648193,-27.725816726222302],[140.19502258300008,-27.726270675222324],[140.1930999760001,-27.727636336222314],[140.19160461400008,-27.728736876222282],[140.19119262700008,-27.729061126222277],[140.19003295900006,-27.729888915222237],[140.1873931880001,-27.73173332122223],[140.18736267100007,-27.731788634222195],[140.18735726500006,-27.731879179222215]],[[140.18735726500006,-27.731879179222215],[140.1873168950001,-27.732555388222213],[140.1873931880001,-27.73361396722216],[140.1874694820001,-27.735507964222148],[140.18753051800002,-27.7363624562221],[140.1875762940001,-27.738334655222083],[140.1875762940001,-27.739063262222057],[140.187606812,-27.739612578222093],[140.1878051760001,-27.74135398822202],[140.187835693,-27.741952895221992],[140.1878051760001,-27.742149352222008],[140.1874694820001,-27.74350166222201],[140.187347412,-27.74463272022197],[140.18712668800003,-27.745258104221953]],[[140.18712668800003,-27.745258104221953],[140.18711853000002,-27.745281218221947],[140.18695068400007,-27.745450973221946],[140.18685913100012,-27.745561599221983],[140.18666076700003,-27.74601745522194],[140.18647766100003,-27.74649429222193],[140.1864166260001,-27.746568679221927],[140.18632507300003,-27.746610640221938],[140.18617248500004,-27.746614455221962]]]},"properties":{"id":"ga:pipe0:356","layer":"pipelines_oil","name":"Cook to Merrimelia Flowline","subtype":"Oil pipeline","status":"fully capable of operation.","country":"AU","state":"South Australia","source":"Geoscience Australia","source_url":"https://digital.atlas.gov.au/datasets/digitalatlas::gas-pipelines/about","license":"CC BY 4.0","length_km":1.23477856,"spatial_confidence":"0"}},{"type":"Feature","geometry":{"type":"MultiLineString","coordinates":[[[142.28593444800003,-27.71835708522248],[142.28588867200006,-27.718399047222476],[142.2858734130001,-27.71844673122248],[142.28588867200006,-27.718650817222457],[142.28591976400003,-27.718846434222428]],[[142.28591976400003,-27.718846434222428],[142.28598022500012,-27.71922683622245],[142.28598077800007,-27.719237847222466]],[[142.28598077800007,-27.719237847222466],[142.2860260010001,-27.720138549222423],[142.28601074200003,-27.72021675022242],[142.28598022500012,-27.720279693222412],[142.28588867200006,-27.720354079222403]]]},"properties":{"id":"ga:pipe0:357","layer":"pipelines_oil","name":"Cooroo 1 Flowline","subtype":"Oil pipeline","status":"fully capable of operation.","country":"AU","state":"Queensland","source":"Geoscience Australia","source_url":"https://digital.atlas.gov.au/datasets/digitalatlas::gas-pipelines/about","license":"CC BY 4.0","length_km":0.00208052,"spatial_confidence":"0"}},{"type":"Feature","geometry":{"type":"MultiLineString","coordinates":[[[142.2968750000001,-27.718894957222467],[142.29685974100005,-27.71894645622245],[142.29631042500012,-27.718963622222475],[142.29551696800002,-27.719230651222457],[142.2941741940001,-27.719461440222453],[142.29287719700005,-27.719339370222425],[142.29095459000007,-27.719295501222465],[142.290682327,-27.719343616222417]],[[142.290682327,-27.719343616222417],[142.2896270750001,-27.719530105222464],[142.28832035900007,-27.72011190422243]],[[142.28832035900007,-27.72011190422243],[142.28802490200007,-27.72024345322243],[142.28789318200006,-27.720281306222407]],[[142.28789318200006,-27.720281306222407],[142.28782755600002,-27.720300165222426]],[[142.28782755600002,-27.720300165222426],[142.28688315300008,-27.720571559222417]],[[142.28620667100006,-27.72055429222243],[142.28599548300008,-27.720375060222437],[142.28604126000005,-27.72035789422243]],[[142.2865392210001,-27.720667766222416],[142.2862854000001,-27.72062110822244],[142.28620667100006,-27.72055429222243]],[[142.28688315300008,-27.720571559222417],[142.28654480000012,-27.720668792222423],[142.2865392210001,-27.720667766222416]]]},"properties":{"id":"ga:pipe0:358","layer":"pipelines_oil","name":"Cooroo 2 Flowline","subtype":"Oil pipeline","status":"fully capable of operation.","country":"AU","state":"Queensland","source":"Geoscience Australia","source_url":"https://digital.atlas.gov.au/datasets/digitalatlas::gas-pipelines/about","license":"CC BY 4.0","length_km":0.011363560000000002,"spatial_confidence":"0"}},{"type":"Feature","geometry":{"type":"LineString","coordinates":[[140.32633972200006,-28.512947082207955],[140.3266296390001,-28.51200485120797],[140.32893371600005,-28.50211143420814],[140.33032226600005,-28.4973640432082]]},"properties":{"id":"ga:pipe0:359","layer":"pipelines_oil","name":"Alwyn Field Spineline","subtype":"Oil pipeline","status":"fully capable of operation.","country":"AU","state":"South Australia","source":"Geoscience Australia","source_url":"https://digital.atlas.gov.au/datasets/digitalatlas::gas-pipelines/about","license":"CC BY 4.0","length_km":0.01609029,"spatial_confidence":"0"}},{"type":"Feature","geometry":{"type":"MultiLineString","coordinates":[[[142.29202270500002,-27.717863082222458],[142.29194641100003,-27.717845916222487],[142.2919158940001,-27.717876433222457],[142.29176330600012,-27.71819877522247],[142.29164123500004,-27.718389510222455],[142.29145813000002,-27.71863555822245],[142.29129028300008,-27.718828200222447],[142.2910919190001,-27.71913909822245],[142.2910156250001,-27.719205855222466],[142.29092407200005,-27.719249724222436],[142.290682327,-27.719343616222417]],[[142.290682327,-27.719343616222417],[142.2904968260001,-27.71941566422242],[142.29014587400002,-27.719491958222466],[142.28981018100012,-27.719514846222467],[142.28959655800008,-27.71957015922242],[142.28900146500007,-27.71986198322246],[142.28868103000002,-27.71997642422245],[142.28849792500012,-27.72005462522246],[142.28832035900007,-27.72011190422243]],[[142.28832035900007,-27.72011190422243],[142.28802490200007,-27.72020721322244],[142.28789318200006,-27.720281306222407]],[[142.28789318200006,-27.720281306222407],[142.28787231400008,-27.720293044222416],[142.28782755600002,-27.720300165222426]],[[142.28782755600002,-27.720300165222426],[142.28753662100007,-27.72034645022243],[142.28751172300008,-27.720352674222422]],[[142.28751172300008,-27.720352674222422],[142.2874145510001,-27.720376967222453],[142.2870788570001,-27.720493316222445],[142.286956787,-27.72051811122244],[142.2869455120001,-27.72052144922245]],[[142.2869455120001,-27.72052144922245],[142.2866668700001,-27.72060394222242],[142.2866543560001,-27.720610199222424]],[[142.2866543560001,-27.720610199222424],[142.2865392210001,-27.720667766222416]],[[142.28611138600002,-27.720649395222416],[142.28608703600003,-27.7206230152224]],[[142.2865392210001,-27.720667766222416],[142.28646850600012,-27.720703124222407],[142.28633117700008,-27.720722197222432],[142.28622436500007,-27.72071075322244],[142.28613281200012,-27.720672606222443],[142.28611138600002,-27.720649395222416]]]},"properties":{"id":"ga:pipe0:360","layer":"pipelines_oil","name":"Cooroo 3 Flowline","subtype":"Oil pipeline","status":"fully capable of operation.","country":"AU","state":"Queensland","source":"Geoscience Australia","source_url":"https://digital.atlas.gov.au/datasets/digitalatlas::gas-pipelines/about","license":"CC BY 4.0","length_km":0.006969690000000001,"spatial_confidence":"0"}},{"type":"Feature","geometry":{"type":"MultiLineString","coordinates":[[[142.2902679440001,-27.717775344222463],[142.29039001500007,-27.717864989222466],[142.28988647500012,-27.718345641222488],[142.289398193,-27.718647002222436],[142.28875732400002,-27.719186782222426],[142.2883148190001,-27.719903945222406],[142.28794860800008,-27.720182418222446],[142.28751172300008,-27.720352674222422]],[[142.28751172300008,-27.720352674222422],[142.28717041000004,-27.720485686222425],[142.28691261100005,-27.720547888222395]],[[142.2862257490001,-27.7205352512224],[142.2860565190001,-27.720367431222407]],[[142.2866543560001,-27.720610199222424],[142.2865142820001,-27.720643996222435],[142.2862854000001,-27.720594405222446],[142.2862257490001,-27.7205352512224]],[[142.28691261100005,-27.720547888222395],[142.2866543560001,-27.720610199222424]]]},"properties":{"id":"ga:pipe0:361","layer":"pipelines_oil","name":"Cooroo 4 Flowline","subtype":"Oil pipeline","status":"fully capable of operation.","country":"AU","state":"Queensland","source":"Geoscience Australia","source_url":"https://digital.atlas.gov.au/datasets/digitalatlas::gas-pipelines/about","license":"CC BY 4.0","length_km":0.00562871,"spatial_confidence":"0"}},{"type":"Feature","geometry":{"type":"MultiLineString","coordinates":[[[142.28556823700012,-27.714963912222537],[142.28506469700005,-27.717834472222496],[142.28521728500004,-27.71818160922244],[142.28584264500012,-27.71885039622248]],[[142.28584264500012,-27.71885039622248],[142.28590393100012,-27.718915938222434],[142.2859336560001,-27.71916922622245]],[[142.2859336560001,-27.71916922622245],[142.28599548300008,-27.719696044222456]]]},"properties":{"id":"ga:pipe0:362","layer":"pipelines_oil","name":"Cooroo 5 Flowline","subtype":"Oil pipeline","status":"fully capable of operation.","country":"AU","state":"Queensland","source":"Geoscience Australia","source_url":"https://digital.atlas.gov.au/datasets/digitalatlas::gas-pipelines/about","license":"CC BY 4.0","length_km":0.00508439,"spatial_confidence":"0"}},{"type":"Feature","geometry":{"type":"LineString","coordinates":[[142.2652130130001,-27.701341628222778],[142.26519775400004,-27.703151702222733],[142.2652130130001,-27.70333480722275],[142.2652587890001,-27.703514098222747],[142.26603698700012,-27.7055187222227],[142.26614379900002,-27.70573043722268],[142.26628112800006,-27.70592307922268],[142.2664947510001,-27.70611953622268],[142.26670837400002,-27.706251143222698],[142.26695251500007,-27.706350326222672],[142.26719665500002,-27.70641136122273],[142.27342224100005,-27.707256316222686],[142.27362060500002,-27.70726013122264],[142.2789306640001,-27.70708656222268],[142.28288269000006,-27.707500457222675],[142.28308105500003,-27.707540511222685],[142.28326416000004,-27.707601546222676],[142.28344726600005,-27.70768547022264],[142.28356933600003,-27.70776176422264],[142.2846374510001,-27.708585738222634],[142.28477478000002,-27.70871734522264],[142.2848968510001,-27.708866118222613],[142.28536987300004,-27.709608077222637],[142.28544616700003,-27.709770202222614],[142.285491943,-27.709897994222608],[142.28555297900004,-27.710161208222633],[142.28556823700012,-27.71091079622259],[142.28555297900004,-27.711088180222625],[142.28552246100003,-27.711217879222584],[142.28514099100005,-27.71245384122257],[142.2852783200001,-27.71255683822257],[142.2854614260001,-27.712833404222586],[142.2855377200001,-27.713006972222555],[142.28559875500002,-27.713237761222548],[142.28562927200005,-27.713474273222563],[142.28558349600007,-27.71488571122253]]},"properties":{"id":"ga:pipe0:363","layer":"pipelines_oil","name":"Cooroo NW 1 Flowline","subtype":"Oil pipeline","status":"fully capable of operation.","country":"AU","state":"Queensland","source":"Geoscience Australia","source_url":"https://digital.atlas.gov.au/datasets/digitalatlas::gas-pipelines/about","license":"CC BY 4.0","length_km":0.030501190000000004,"spatial_confidence":"0"}},{"type":"Feature","geometry":{"type":"MultiLineString","coordinates":[[[142.41366577100007,-27.615533828224383],[142.41134643600003,-27.61389923022442],[142.40930175800008,-27.61313629122445],[142.3903656010001,-27.633277892224047],[142.3739166260001,-27.64710807722382],[142.354675293,-27.659561156223546],[142.35311889600007,-27.66516876122346],[142.3516082760001,-27.667581557223397],[142.3489379880001,-27.669799804223388],[142.34692382800006,-27.671689986223356],[142.3446960450001,-27.675086974223262],[142.34294128400006,-27.67455863922326],[142.31433105500003,-27.70214080722278],[142.3070220950001,-27.70846557522267],[142.30432142000006,-27.709123490222634]],[[142.41398620600012,-27.615762710224367],[142.41366577100007,-27.615533828224383]],[[142.30432142000006,-27.709123490222634],[142.30015564000007,-27.710138320222587],[142.29554748500004,-27.713485717222557],[142.29209899900002,-27.714593886222545],[142.2900085450001,-27.716812133222497],[142.28851318400007,-27.718702315222462],[142.2873987920001,-27.719535788222444]],[[142.2873987920001,-27.719535788222444],[142.28668212900004,-27.720071792222402]]]},"properties":{"id":"ga:pipe0:364","layer":"pipelines_oil","name":"Cooroo to Jackson Trunkline","subtype":"Oil pipeline","status":"fully capable of operation.","country":"AU","state":"Queensland","source":"Geoscience Australia","source_url":"https://digital.atlas.gov.au/datasets/digitalatlas::gas-pipelines/about","license":"CC BY 4.0","length_km":0.17179993000000002,"spatial_confidence":"0"}},{"type":"Feature","geometry":{"type":"LineString","coordinates":[[143.38726806600005,-26.81443023623972],[143.38665771500007,-26.814537047239728],[143.38636779800004,-26.814487456239693],[143.38621521000005,-26.814186095239727],[143.38601684600008,-26.814071654239722],[143.38587951700003,-26.81389427123974],[143.38531494100005,-26.812927245239756],[143.38500976600005,-26.811426162239783],[143.38467407200005,-26.810773848239766],[143.3837585450001,-26.8097381582398],[143.38269043000003,-26.808744430239848],[143.38192749000007,-26.808221816239833],[143.38134765600012,-26.80792808423984],[143.3809356690001,-26.807531356239856],[143.38183593700012,-26.796941756240063],[143.38182067900004,-26.796401977240063],[143.38192749000007,-26.796031951240078],[143.38203430200008,-26.795907973240052],[143.38200378400006,-26.795087813240077],[143.38226318400007,-26.792194365240128],[143.38227844200003,-26.791866301240162],[143.38212585400004,-26.79134941024015],[143.3821411130001,-26.790641784240158],[143.3819885250001,-26.790304183240213],[143.38192749000007,-26.789831160240173],[143.38183593700012,-26.78960800124021],[143.3818817140001,-26.78943633924019]]},"properties":{"id":"ga:pipe0:365","layer":"pipelines_oil","name":"Cranstoun 1 Flowline","subtype":"Oil pipeline","status":"fully capable of operation.","country":"AU","state":"Queensland","source":"Geoscience Australia","source_url":"https://digital.atlas.gov.au/datasets/digitalatlas::gas-pipelines/about","license":"CC BY 4.0","length_km":0.028361800000000003,"spatial_confidence":"0"}},{"type":"Feature","geometry":{"type":"LineString","coordinates":[[141.24076843300008,-26.69034767124216],[141.23687744100005,-26.68951988124216],[141.23551940900006,-26.688997268242176],[141.23339843700012,-26.688550948242153],[141.22520446800002,-26.688625335242193],[141.2247619630001,-26.68877792324219],[141.22418212900004,-26.68928718524216],[141.22390747100008,-26.689443587242177],[141.22257995600012,-26.689537047242172]]},"properties":{"id":"ga:pipe0:366","layer":"pipelines_oil","name":"Cuisinier 10 Flowline","subtype":"Oil pipeline","status":"fully capable of operation.","country":"AU","state":"Queensland","source":"Geoscience Australia","source_url":"https://digital.atlas.gov.au/datasets/digitalatlas::gas-pipelines/about","license":"CC BY 4.0","length_km":0.01868159,"spatial_confidence":"0"}},{"type":"Feature","geometry":{"type":"LineString","coordinates":[[141.2411041260001,-26.69040679824215],[141.24165344200003,-26.690723418242108],[141.24194335900006,-26.69078826824212],[141.24432373000002,-26.690515517242172],[141.24971008300008,-26.688917159242173],[141.25027465800008,-26.688550948242153]]},"properties":{"id":"ga:pipe0:367","layer":"pipelines_oil","name":"Cuisinier 10 MPV Production Line","subtype":"Proposed Oil pipeline","status":"proposed infrastructure.","country":"AU","state":"Queensland","source":"Geoscience Australia","source_url":"https://digital.atlas.gov.au/datasets/digitalatlas::gas-pipelines/about","license":"CC BY 4.0","length_km":0.00961851,"spatial_confidence":"0"}},{"type":"Feature","geometry":{"type":"LineString","coordinates":[[141.2162780760001,-26.711622237241738],[141.22123718300008,-26.70356368924189],[141.22201538100012,-26.702760695241867],[141.22375488300008,-26.699539184241946],[141.2245788570001,-26.694534301242076],[141.2227783200001,-26.689851760242142],[141.22261047400002,-26.68957900924213]]},"properties":{"id":"ga:pipe0:368","layer":"pipelines_oil","name":"Cuisinier 11 Flowline","subtype":"Oil pipeline","status":"fully capable of operation.","country":"AU","state":"Queensland","source":"Geoscience Australia","source_url":"https://digital.atlas.gov.au/datasets/digitalatlas::gas-pipelines/about","license":"CC BY 4.0","length_km":0.02465084,"spatial_confidence":"0"}},{"type":"Feature","geometry":{"type":"LineString","coordinates":[[139.47241210900006,-27.61182022022446],[139.47053527800006,-27.61232566722448],[139.46934509300002,-27.61272621122441],[139.46916198700012,-27.612792968224426],[139.4689788820001,-27.612882613224418],[139.46868896500007,-27.613113402224414],[139.467468262,-27.614303588224427],[139.46426391600005,-27.617549895224357],[139.46261596700003,-27.619253158224343],[139.45860290500002,-27.62352180422422],[139.45744323700012,-27.624771117224217],[139.45611572300004,-27.62603950422417],[139.4559783940001,-27.626199721224207],[139.45585632300003,-27.626379012224184],[139.4557189940001,-27.62661170922419],[139.45556640600012,-27.62695884622418],[139.45549011200012,-27.62729263222419],[139.45550537100007,-27.627498626224178],[139.45578002900004,-27.630092620224122],[139.45588684100005,-27.630752562224068],[139.45600891100003,-27.632062911224107],[139.45619201700003,-27.633666991224068],[139.45625305200008,-27.633884429224054],[139.45817565900006,-27.64000320322396],[139.4587249760001,-27.64147567622391],[139.45957946800002,-27.64403343122385],[139.46017456100003,-27.6459827412238],[139.46020507800006,-27.647199630223817]]},"properties":{"id":"ga:pipe0:369","layer":"pipelines_oil","name":"Balgowan to Stunsail","subtype":"Oil pipeline","status":"fully capable of operation.","country":"AU","state":"South Australia","source":"Geoscience Australia","source_url":"https://digital.atlas.gov.au/datasets/digitalatlas::gas-pipelines/about","license":"CC BY 4.0","length_km":0.04400164,"spatial_confidence":"0"}},{"type":"Feature","geometry":{"type":"LineString","coordinates":[[141.23204040500002,-26.669471740242535],[141.2325439450001,-26.6764984122424],[141.2320098880001,-26.678941726242357],[141.23188781700003,-26.679195403242385],[141.2316741940001,-26.679365157242344],[141.23063659700006,-26.67984199424234],[141.22929382300003,-26.68031310924231]]},"properties":{"id":"ga:pipe0:370","layer":"pipelines_oil","name":"Cuisinier 14 Flowline","subtype":"Oil pipeline","status":"fully capable of operation.","country":"AU","state":"Queensland","source":"Geoscience Australia","source_url":"https://digital.atlas.gov.au/datasets/digitalatlas::gas-pipelines/about","license":"CC BY 4.0","length_km":0.01266501,"spatial_confidence":"0"}},{"type":"Feature","geometry":{"type":"MultiLineString","coordinates":[[[141.22026833500001,-26.678828299242376],[141.22045898400006,-26.678779601242386],[141.22418976300003,-26.679465455242344]],[[141.2039184570001,-26.6815128322423],[141.2065429690001,-26.68297958324228],[141.206878662,-26.683071135242297],[141.21351623500004,-26.6822071072423],[141.2201080320001,-26.67886924624238],[141.22026833500001,-26.678828299242376]],[[141.22418976300003,-26.679465455242344],[141.22722898000006,-26.68002417424236]],[[141.22722898000006,-26.68002417424236],[141.22722931500005,-26.680024236242335]],[[141.22722931500005,-26.680024236242335],[141.22904968300008,-26.68035888624233]]]},"properties":{"id":"ga:pipe0:371","layer":"pipelines_oil","name":"Cuisinier 17 Flowline","subtype":"Proposed Oil pipeline","status":"proposed infrastructure.","country":"AU","state":"Queensland","source":"Geoscience Australia","source_url":"https://digital.atlas.gov.au/datasets/digitalatlas::gas-pipelines/about","license":"CC BY 4.0","length_km":0.026533680000000004,"spatial_confidence":"0"}},{"type":"Feature","geometry":{"type":"LineString","coordinates":[[141.24420166000004,-26.72318649224151],[141.24438476600005,-26.721891402241546],[141.24440002400002,-26.71112251224175],[141.24456787100007,-26.710815429241755],[141.2448577880001,-26.710588454241726],[141.24716186500007,-26.70965766824177],[141.24865722700008,-26.70962524324174]]},"properties":{"id":"ga:pipe0:372","layer":"pipelines_oil","name":"Cuisinier 19 Flowline","subtype":"Oil pipeline","status":"fully capable of operation.","country":"AU","state":"Queensland","source":"Geoscience Australia","source_url":"https://digital.atlas.gov.au/datasets/digitalatlas::gas-pipelines/about","license":"CC BY 4.0","length_km":0.01677572,"spatial_confidence":"0"}},{"type":"Feature","geometry":{"type":"MultiLineString","coordinates":[[[141.21441650400004,-26.665773391242627],[141.21382141100003,-26.66706085124261],[141.21372985800008,-26.668085097242578],[141.2137908940001,-26.671838759242505],[141.21910095200008,-26.678325652242375],[141.21955871600005,-26.678581237242362],[141.22418973600008,-26.679448155242383]],[[141.22418973600008,-26.679448155242383],[141.22723163900002,-26.68001759324231]],[[141.22723163900002,-26.68001759324231],[141.22723198300002,-26.680017657242335]],[[141.22723198300002,-26.680017657242335],[141.22903442400002,-26.68035507124232]]]},"properties":{"id":"ga:pipe0:373","layer":"pipelines_oil","name":"Cuisinier 21 Flowline","subtype":"Oil pipeline","status":"fully capable of operation.","country":"AU","state":"Queensland","source":"Geoscience Australia","source_url":"https://digital.atlas.gov.au/datasets/digitalatlas::gas-pipelines/about","license":"CC BY 4.0","length_km":0.02474853,"spatial_confidence":"0"}},{"type":"Feature","geometry":{"type":"LineString","coordinates":[[141.2293853760001,-26.65821838324276],[141.2299804690001,-26.658647536242796],[141.23016357400002,-26.659511565242724],[141.23022460900006,-26.659627913242737],[141.23027038600003,-26.65971183724276],[141.23034668000003,-26.65981483424275],[141.23040771500007,-26.65988540524273],[141.2305450440001,-26.659986495242713],[141.2306976320001,-26.660064696242724],[141.23214721700003,-26.660640716242753],[141.23229980500003,-26.660715102242737],[141.23243713400007,-26.660812377242713],[141.232528687,-26.660902022242716],[141.23262023900008,-26.66102981524271],[141.23269653300008,-26.661170958242707],[141.2327270510001,-26.661319732242738],[141.23274231000005,-26.661474227242728],[141.2327270510001,-26.66414070024265],[141.2327270510001,-26.66423416024267],[141.23268127400002,-26.66438674824266],[141.23262023900008,-26.664533614242675],[141.2322387700001,-26.66513442924265]]},"properties":{"id":"ga:pipe0:374","layer":"pipelines_oil","name":"Cuisinier 22 Flowline","subtype":"Oil pipeline","status":"fully capable of operation.","country":"AU","state":"Queensland","source":"Geoscience Australia","source_url":"https://digital.atlas.gov.au/datasets/digitalatlas::gas-pipelines/about","license":"CC BY 4.0","length_km":0.00884815,"spatial_confidence":"0"}},{"type":"Feature","geometry":{"type":"LineString","coordinates":[[141.240341187,-26.70129394424195],[141.24209594700005,-26.70264053224191],[141.24456787100007,-26.702919005241892]]},"properties":{"id":"ga:pipe0:375","layer":"pipelines_oil","name":"Cuisinier 24 Flowline","subtype":"Oil pipeline","status":"fully capable of operation.","country":"AU","state":"Queensland","source":"Geoscience Australia","source_url":"https://digital.atlas.gov.au/datasets/digitalatlas::gas-pipelines/about","license":"CC BY 4.0","length_km":0.00469946,"spatial_confidence":"0"}},{"type":"Feature","geometry":{"type":"LineString","coordinates":[[141.24874877900004,-26.709608077241786],[141.2459106450001,-26.708688735241775],[141.24545288100012,-26.70834350524178],[141.2438812260001,-26.705305098241826],[141.24386596700003,-26.70503425524188],[141.24409484900002,-26.702920913241886]]},"properties":{"id":"ga:pipe0:376","layer":"pipelines_oil","name":"Cuisinier 25 Flowline","subtype":"Oil pipeline","status":"fully capable of operation.","country":"AU","state":"Queensland","source":"Geoscience Australia","source_url":"https://digital.atlas.gov.au/datasets/digitalatlas::gas-pipelines/about","license":"CC BY 4.0","length_km":0.009374460000000001,"spatial_confidence":"0"}},{"type":"Feature","geometry":{"type":"MultiLineString","coordinates":[[[141.2290802000001,-26.680328368242332],[141.22740173300008,-26.679788588242346],[141.22731018100012,-26.67982482824239],[141.22723198300002,-26.680017657242335]],[[141.22723198300002,-26.680017657242335],[141.22722931500005,-26.680024236242335]],[[141.22722931500005,-26.680024236242335],[141.2271919950001,-26.680116263242326]],[[141.2271919950001,-26.680116263242326],[141.22713581100004,-26.680254808242346]],[[141.22713581100004,-26.680254808242346],[141.22698852500002,-26.680618000242355]],[[141.22698852500002,-26.680618000242355],[141.22697448700012,-26.68065261724233],[141.22436523400006,-26.684106826242253],[141.22398376500007,-26.686620711242234],[141.22386166800004,-26.6867885942422]],[[141.22386166800004,-26.6867885942422],[141.22384643600003,-26.68680953924222]],[[141.2225494380001,-26.688995360242178],[141.2225494380001,-26.688997268242176]]]},"properties":{"id":"ga:pipe0:377","layer":"pipelines_oil","name":"Cuisinier 6 Flowline","subtype":"Oil pipeline","status":"fully capable of operation.","country":"AU","state":"Queensland","source":"Geoscience Australia","source_url":"https://digital.atlas.gov.au/datasets/digitalatlas::gas-pipelines/about","license":"CC BY 4.0","length_km":0.00986186,"spatial_confidence":"0"}},{"type":"Feature","geometry":{"type":"MultiLineString","coordinates":[[[141.22233581500006,-26.673435210242488],[141.22285461400008,-26.673437118242493],[141.22317504900002,-26.673542022242504],[141.22402954100005,-26.67430686924245],[141.22418212900004,-26.674657821242466],[141.22418973600008,-26.679448155242383]],[[141.22418973600008,-26.679448155242383],[141.22418976300003,-26.679465455242344]],[[141.22418976300003,-26.679465455242344],[141.22418991000006,-26.67955780524234]],[[141.22418991000006,-26.67955780524234],[141.2241973880001,-26.684267043242276],[141.22386202100006,-26.68678594624224]],[[141.22386202100006,-26.68678594624224],[141.22386166800004,-26.6867885942422]],[[141.22386166800004,-26.6867885942422],[141.22384643600003,-26.686902999242236],[141.2236785890001,-26.687145232242223],[141.2227325440001,-26.688001632242184],[141.2226562500001,-26.6882114402422],[141.22261047400002,-26.688991546242153]]]},"properties":{"id":"ga:pipe0:378","layer":"pipelines_oil","name":"Cuisinier 7 Flowline","subtype":"Oil pipeline","status":"fully capable of operation.","country":"AU","state":"Queensland","source":"Geoscience Australia","source_url":"https://digital.atlas.gov.au/datasets/digitalatlas::gas-pipelines/about","license":"CC BY 4.0","length_km":0.01722941,"spatial_confidence":"0"}},{"type":"Feature","geometry":{"type":"MultiLineString","coordinates":[[[141.23217773400006,-26.66513442924265],[141.23185730000012,-26.666456222242616],[141.23143005400004,-26.66670417724263],[141.22933960000012,-26.675279616242417],[141.22860717800006,-26.676959990242384],[141.2279205320001,-26.678312301242357],[141.22723163900002,-26.68001759324231]],[[141.22723163900002,-26.68001759324231],[141.22722898000006,-26.68002417424236]],[[141.22722898000006,-26.68002417424236],[141.22719179400008,-26.680116226242315]],[[141.22719179400008,-26.680116226242315],[141.22713581100004,-26.680254808242346]],[[141.22713581100004,-26.680254808242346],[141.22698974600007,-26.680616378242345],[141.22698852500002,-26.680618000242355]],[[141.22698852500002,-26.680618000242355],[141.2243499760001,-26.68412399224226],[141.22398376500007,-26.686601638242216],[141.22386202100006,-26.68678594624224]],[[141.22386202100006,-26.68678594624224],[141.22384643600003,-26.68680953924222]]]},"properties":{"id":"ga:pipe0:379","layer":"pipelines_oil","name":"Cuisinier North 1 Flowline","subtype":"Oil pipeline","status":"fully capable of operation.","country":"AU","state":"Queensland","source":"Geoscience Australia","source_url":"https://digital.atlas.gov.au/datasets/digitalatlas::gas-pipelines/about","license":"CC BY 4.0","length_km":0.023659,"spatial_confidence":"0"}},{"type":"Feature","geometry":{"type":"LineString","coordinates":[[147.46006774900002,-38.12876892008336],[147.4837066230001,-38.14637848208324]]},"properties":{"id":"ga:pipe0:380","layer":"pipelines_oil","name":"Barracouta A to Shore","subtype":"Oil pipeline","status":"fully capable of operation.","country":"AU","state":"Victoria","source":"Geoscience Australia","source_url":"https://digital.atlas.gov.au/datasets/digitalatlas::gas-pipelines/about","license":"CC BY 4.0","length_km":0.02947699,"spatial_confidence":"0"}},{"type":"Feature","geometry":{"type":"MultiLineString","coordinates":[[[141.22257995600012,-26.689495086242164],[141.22259521500007,-26.689495086242164],[141.22261047400002,-26.689495086242164],[141.22264099100005,-26.689491271242144],[141.22291564900002,-26.689485549242175],[141.22335815400004,-26.689468383242158],[141.22343444800003,-26.6894626612422],[141.2235260010001,-26.689455031242165],[141.22364807100007,-26.689435958242193],[141.223815918,-26.68939018124216],[141.22392272900004,-26.68933677624215],[141.22399902300003,-26.689289092242166],[141.2240905760001,-26.689222335242157],[141.22456359900002,-26.688789367242176],[141.224716187,-26.68868255524216],[141.22477722200006,-26.68863677924219],[141.22486877400002,-26.688596724242192],[141.2249908450001,-26.68856048524219],[141.22511291500007,-26.688535689242197],[141.22523498500004,-26.68852615324216],[141.22558593700012,-26.68851661624218],[141.22618103000002,-26.68850707924219],[141.22631835900006,-26.6885070792422],[141.22711181600005,-26.68849372824219],[141.2272033690001,-26.68849372824219],[141.22732543900008,-26.68848800624216],[141.22834777800006,-26.68848800624216],[141.22933960000012,-26.68847274724222],[141.230316162,-26.688468932242195],[141.23130798300008,-26.688461303242157],[141.23146057100007,-26.688461303242157],[141.231628418,-26.68845939524217],[141.2324218750001,-26.688455581242188],[141.2333221440001,-26.688459395242155],[141.23446655300006,-26.688453673242197],[141.23625183100012,-26.688463210242173],[141.2373504640001,-26.68846702524218],[141.2383575440001,-26.68847274724222],[141.2391815190001,-26.688480376242175],[141.24003601100003,-26.68848228424218],[141.24006652800006,-26.68848228424218],[141.24134826700003,-26.68848609824216],[141.2426452640001,-26.688499450242155],[141.24278259300002,-26.688499450242155],[141.24296569800003,-26.688499450242155],[141.2436218260001,-26.688503264242183],[141.24443054200003,-26.688505172242184],[141.24592590300006,-26.688514708242167],[141.24652099600007,-26.6885070792422],[141.24742126500007,-26.68848800624216],[141.24844360400004,-26.68847083924221],[141.24922180200008,-26.68845939524217],[141.25013732900004,-26.688446044242202],[141.2502288820001,-26.688444137242186],[141.25024414100005,-26.688444137242197],[141.25025939900002,-26.688444137242186],[141.25027465800008,-26.688442229242188],[141.25027465800008,-26.688444137242186],[141.25028991700003,-26.688442229242188],[141.2503051760001,-26.688444137242186],[141.25041198700012,-26.688444137242186],[141.25050354000007,-26.688442229242188],[141.25141906700003,-26.688444137242186],[141.2524108890001,-26.688444137242197],[141.2534179690001,-26.688446044242202],[141.2542114260001,-26.688442229242188],[141.25494384800004,-26.688442229242188],[141.2562408450001,-26.688444137242186],[141.2574462890001,-26.688449859242162],[141.2584533690001,-26.688449859242162],[141.25946044900002,-26.688451766242167],[141.26094055200008,-26.688447951242164],[141.26103210400004,-26.688449859242162],[141.2610473630001,-26.688449859242162],[141.26106262200005,-26.688449859242162],[141.26109314000007,-26.68844985924217],[141.26110839800003,-26.68844985924217],[141.2611236570001,-26.688449859242162],[141.26121521000005,-26.688449859242162],[141.26197814900002,-26.688447951242154],[141.2631835940001,-26.688449859242162],[141.26437377900004,-26.688451766242167],[141.2654418950001,-26.688455581242188],[141.26643371600005,-26.688451766242167],[141.26730346700003,-26.688455581242188],[141.26831054700006,-26.688455581242188],[141.26887512200005,-26.688453673242186],[141.2692718510001,-26.688451766242167],[141.26940918000003,-26.688459395242155],[141.2695312500001,-26.688476562242162],[141.26977539100005,-26.688524245242153],[141.270767212,-26.688735961242166],[141.27146911600005,-26.68889236424217],[141.27162170400004,-26.688928603242164],[141.27177429200003,-26.68897628724214],[141.27273559600008,-26.68926429624218],[141.27365112300004,-26.689533233242155],[141.27406311000004,-26.689657210242146],[141.2753601070001,-26.690044402242147],[141.27647399900002,-26.69038200324215],[141.27748107900004,-26.690679549242144],[141.27844238300008,-26.690973281242133],[141.27903355600006,-26.69116048624212]],[[141.27903355600006,-26.69116048624212],[141.27912902800006,-26.691190719242122],[141.28027343700012,-26.69154167124214],[141.2804260250001,-26.69158554024211],[141.2806549070001,-26.691654204242127],[141.28146362300004,-26.691907882242095],[141.28263855000012,-26.69226646324209],[141.2827911380001,-26.69231033224212],[141.28288269000006,-26.692338942242124],[141.28303527800006,-26.692384719242092],[141.2841491700001,-26.692729949242086],[141.28511047400002,-26.693025588242087],[141.28556823700012,-26.693164824242064],[141.28564453100012,-26.69319152724207],[141.28573608400006,-26.693227767242064],[141.285827637,-26.693264007242107],[141.28596496600005,-26.693359374242064],[141.28608703600003,-26.693481444242103],[141.28620910600011,-26.693616866242074],[141.28630065900006,-26.693710326242087],[141.28642272900004,-26.693859099242058],[141.28652954100005,-26.69400215024207],[141.28663635300006,-26.69415283124205],[141.2867431640001,-26.69430541924208],[141.28686523400006,-26.69450378324206],[141.286956787,-26.69470405524208],[141.2871856690001,-26.69520759524202],[141.28739929200003,-26.69572639424203],[141.28742981000005,-26.695793151242047],[141.287445068,-26.69581413224202],[141.28746032700008,-26.69582557624202],[141.2874908450001,-26.69584083524203],[141.28753662100007,-26.69585800124204],[141.28759765600012,-26.695884704242058],[141.28776550300006,-26.695949553242055],[141.28781023800002,-26.69597080224204]],[[141.28781023800002,-26.69597080224204],[141.28784179700006,-26.69598579324204],[141.2879028320001,-26.69601249624204],[141.2880096440001,-26.696056365242015],[141.28804016100003,-26.69607162424202],[141.28804016100003,-26.69608688324204],[141.2880554200001,-26.69610786324201],[141.28808593700012,-26.69621849024204],[141.28843689000007,-26.697052001242024],[141.28871154800004,-26.69770049924199],[141.28897094700005,-26.69832801724201],[141.2892150880001,-26.698970794241994],[141.28927612300004,-26.699106215241983],[141.28933715800008,-26.699245452241968],[141.2894439700001,-26.69948959324196],[141.28958129900002,-26.699853896241976],[141.28959655800008,-26.699867248241965],[141.28959655800008,-26.699880599241975],[141.28961181600005,-26.699886321241944],[141.28965759300002,-26.699899672241955],[141.289733887,-26.699920653241982],[141.28981018100012,-26.69994163424196],[141.28982543900008,-26.699943541241968],[141.28984069800003,-26.699945449241973]]]},"properties":{"id":"ga:pipe0:381","layer":"pipelines_oil","name":"Cuisinier to Cook Flowline","subtype":"Oil pipeline","status":"fully capable of operation.","country":"AU","state":"Queensland","source":"Geoscience Australia","source_url":"https://digital.atlas.gov.au/datasets/digitalatlas::gas-pipelines/about","license":"CC BY 4.0","length_km":0.07232468,"spatial_confidence":"0"}},{"type":"Feature","geometry":{"type":"LineString","coordinates":[[142.6654968260001,-27.752851485221804],[142.66490173300008,-27.7523860922218],[142.6560668950001,-27.75242423922186],[142.6512908940001,-27.751071929221865],[142.64649963400007,-27.74669837922193],[142.64613342300004,-27.74642562822192],[142.64582824700005,-27.746068953221943],[142.64414978000002,-27.744531630222003],[142.6437072750001,-27.74422645522201],[142.64259338400007,-27.743097304221983],[142.64212036100002,-27.74277305522203],[142.63984680200008,-27.74154090822206],[142.638519287,-27.740112304222077],[142.63490295400004,-27.736158370222114],[142.6342468260001,-27.735536574222152],[142.63233947800006,-27.73336029022218],[142.63009643600003,-27.73143958922225],[142.62873840300006,-27.72943496622228],[142.62837219200003,-27.728700637222286],[142.62817382800006,-27.72792625322229],[142.62744140600012,-27.72636222722232],[142.62641906700003,-27.725328444222328],[142.62356567400002,-27.722778319222407],[142.61589050300006,-27.714258193222552],[142.61387634300002,-27.71314811622256],[142.61375427200005,-27.712898253222594],[142.61347961400008,-27.71195411622258],[142.61259460400004,-27.711278914222632],[142.61187744100005,-27.710567473222614],[142.61157226600005,-27.710672378222615],[142.6116333010001,-27.71078109622259]]},"properties":{"id":"ga:pipe0:382","layer":"pipelines_oil","name":"Currambar 1 Flowline","subtype":"Oil pipeline","status":"fully capable of operation.","country":"AU","state":"Queensland","source":"Geoscience Australia","source_url":"https://digital.atlas.gov.au/datasets/digitalatlas::gas-pipelines/about","license":"CC BY 4.0","length_km":0.07223428,"spatial_confidence":"0"}},{"type":"Feature","geometry":{"type":"MultiLineString","coordinates":[[[140.3116760250001,-28.514833449207917],[140.31166076700003,-28.514850615207884]],[[140.31166076700003,-28.514850615207884],[140.31163024900002,-28.51486968920791]],[[140.31163024900002,-28.51486968920791],[140.3112640380001,-28.515090941207927],[140.3041687010001,-28.515180587207904],[140.30120849600007,-28.51816177320786],[140.29919433600003,-28.51902770920781],[140.29876709000007,-28.51912689120784],[140.29629516600005,-28.518888473207813],[140.29557800300006,-28.518943786207835],[140.29470825200008,-28.518854140207843],[140.29161071800002,-28.519170760207817],[140.285834646,-28.51848621420783]],[[140.2857820810001,-28.518479984207833],[140.28514099100005,-28.518404006207845],[140.27172851600005,-28.52056693920783],[140.26921081500006,-28.519994735207792],[140.26533508300008,-28.519264220207834],[140.2546234130001,-28.519058227207818]],[[140.285834646,-28.51848621420783],[140.2857820810001,-28.518479984207833]],[[140.2546234130001,-28.519058227207818],[140.2542877200001,-28.519157409207807],[140.25382995600012,-28.519145965207812]]]},"properties":{"id":"ga:pipe0:383","layer":"pipelines_oil","name":"Derrilyn 1 Flowline","subtype":"Oil pipeline","status":"fully capable of operation.","country":"AU","state":"South Australia","source":"Geoscience Australia","source_url":"https://digital.atlas.gov.au/datasets/digitalatlas::gas-pipelines/about","license":"CC BY 4.0","length_km":0.05975392,"spatial_confidence":"0"}},{"type":"Feature","geometry":{"type":"MultiLineString","coordinates":[[[140.25431823700012,-28.51567268320793],[140.25502014200003,-28.51588058420787],[140.2548522950001,-28.516422271207862],[140.2546234130001,-28.519058227207818]],[[140.2546234130001,-28.519058227207818],[140.25460815400004,-28.5192337032078],[140.25386047400002,-28.519184112207807]]]},"properties":{"id":"ga:pipe0:384","layer":"pipelines_oil","name":"Derrilyn 2 Flowline","subtype":"Oil pipeline","status":"fully capable of operation.","country":"AU","state":"South Australia","source":"Geoscience Australia","source_url":"https://digital.atlas.gov.au/datasets/digitalatlas::gas-pipelines/about","license":"CC BY 4.0","length_km":0.004870480000000001,"spatial_confidence":"0"}},{"type":"Feature","geometry":{"type":"MultiLineString","coordinates":[[[140.04074096700003,-28.51663780120786],[140.0410156250001,-28.516885756207873],[140.04107666000004,-28.51704406620788],[140.04089355500003,-28.5194511402078],[140.0406799320001,-28.519912719207827],[140.04028320300006,-28.520282744207822],[140.0051116940001,-28.535198211207547],[140.0042114260001,-28.535646438207525],[140.0038757320001,-28.535911559207506],[140.00230407700008,-28.537912368207515]],[[140.00230407700008,-28.537912368207515],[139.99971008300008,-28.541219710207418],[139.99967956500006,-28.541494369207424],[139.99978637700008,-28.541906356207416],[140.00019836400008,-28.542757033207423],[140.0003051760001,-28.542888640207387],[140.0003814700001,-28.542886733207418]]]},"properties":{"id":"ga:pipe0:385","layer":"pipelines_oil","name":"Dirkala 1 Flowline","subtype":"Oil pipeline","status":"fully capable of operation.","country":"AU","state":"South Australia","source":"Geoscience Australia","source_url":"https://digital.atlas.gov.au/datasets/digitalatlas::gas-pipelines/about","license":"CC BY 4.0","length_km":0.052282260000000004,"spatial_confidence":"0"}},{"type":"Feature","geometry":{"type":"LineString","coordinates":[[140.04254150400004,-28.527267455207674],[140.041687012,-28.527000426207692],[140.04142761200012,-28.526748656207662],[140.04115295400004,-28.526256560207717],[140.0405731200001,-28.524297713207723],[140.04081726100003,-28.521417617207764],[140.04130554200003,-28.519199370207826],[140.04145813000002,-28.517696380207855],[140.04138183600003,-28.517190932207846],[140.04125976600005,-28.51698684620785],[140.040786743,-28.516624450207843]]},"properties":{"id":"ga:pipe0:386","layer":"pipelines_oil","name":"Dirkala South 1 Flowline","subtype":"Oil pipeline","status":"fully capable of operation.","country":"AU","state":"South Australia","source":"Geoscience Australia","source_url":"https://digital.atlas.gov.au/datasets/digitalatlas::gas-pipelines/about","license":"CC BY 4.0","length_km":0.01188052,"spatial_confidence":"0"}},{"type":"Feature","geometry":{"type":"MultiLineString","coordinates":[[[140.86825561500007,-28.087427138215638],[140.868347168,-28.08828926021562],[140.8697814940001,-28.08856773321565],[140.86982727100008,-28.088613509215616],[140.86982727100008,-28.08902931121563],[140.86930847200006,-28.091291427215594],[140.8690338130001,-28.092161178215544],[140.86840820300006,-28.09515762221552],[140.86585998500004,-28.11179161021519],[140.86529541000004,-28.11502075121514],[140.8648986820001,-28.117813109215053],[140.864517212,-28.121456145215024],[140.86634826700003,-28.124973296214947],[140.86634826700003,-28.125167846214936]],[[140.86634826700003,-28.125167846214936],[140.8657989500001,-28.12695884621493]]]},"properties":{"id":"ga:pipe0:387","layer":"pipelines_oil","name":"Dullingari 20 Flowline","subtype":"Oil pipeline","status":"fully capable of operation.","country":"AU","state":"South Australia","source":"Geoscience Australia","source_url":"https://digital.atlas.gov.au/datasets/digitalatlas::gas-pipelines/about","license":"CC BY 4.0","length_km":0.04172526,"spatial_confidence":"0"}},{"type":"Feature","geometry":{"type":"MultiLineString","coordinates":[[[140.89395141600005,-28.135465621214777],[140.8926239010001,-28.136108397214763],[140.88943481400008,-28.13897132821471],[140.8878619310001,-28.13940019221471]],[[140.87918090800008,-28.137870788214734],[140.8794708250001,-28.137292861214753]],[[140.87876894800002,-28.13884980121473],[140.87889099100005,-28.13843154821471],[140.87918090800008,-28.137870788214734]],[[140.8878619310001,-28.13940019221471],[140.88421630900007,-28.140394210214662],[140.8840179440001,-28.1404018392147],[140.87870788600003,-28.139059066214685],[140.87876894800002,-28.13884980121473]]]},"properties":{"id":"ga:pipe0:388","layer":"pipelines_oil","name":"Dullingari 36 Flowline","subtype":"Oil pipeline","status":"fully capable of operation.","country":"AU","state":"South Australia","source":"Geoscience Australia","source_url":"https://digital.atlas.gov.au/datasets/digitalatlas::gas-pipelines/about","license":"CC BY 4.0","length_km":0.01877683,"spatial_confidence":"0"}},{"type":"Feature","geometry":{"type":"MultiLineString","coordinates":[[[140.89617919900002,-28.110847472215234],[140.89665222200006,-28.110967635215193]],[[140.8668212890001,-28.126193999214923],[140.8669281010001,-28.12599754221497],[140.8675689700001,-28.125402450214967],[140.86795043900008,-28.125215529214934],[140.87036132800006,-28.12497520321494],[140.87551879900002,-28.12375068621501],[140.87641906700003,-28.123104094215005],[140.87747192400002,-28.121150969215034],[140.88078308100012,-28.121465682215007],[140.8815002440001,-28.121610640215017],[140.88223266600005,-28.12166404621502],[140.88284301800002,-28.121612548215026],[140.88763427700007,-28.118787765215085],[140.88972473100011,-28.11996841321506],[140.89147949200003,-28.120399474215027],[140.89189147900004,-28.120401381215025],[140.89212036100002,-28.120311736215037],[140.89244079600007,-28.119985579215022],[140.8934783940001,-28.11743164021508],[140.895767212,-28.111684798215183],[140.89595031700003,-28.110855102215204],[140.89617919900002,-28.110847472215234]],[[140.86653137200005,-28.127145766214912],[140.8668212890001,-28.126193999214923]]]},"properties":{"id":"ga:pipe0:389","layer":"pipelines_oil","name":"Dullingari 4 Flowline","subtype":"Oil pipeline","status":"fully capable of operation.","country":"AU","state":"South Australia","source":"Geoscience Australia","source_url":"https://digital.atlas.gov.au/datasets/digitalatlas::gas-pipelines/about","license":"CC BY 4.0","length_km":0.04036747,"spatial_confidence":"0"}},{"type":"Feature","geometry":{"type":"MultiLineString","coordinates":[[[140.89617919900002,-28.110847472215234],[140.89759826700003,-28.109642028215205],[140.89787292500012,-28.109300612215243],[140.90690612800006,-28.09238243021558],[140.90722656200012,-28.09201431221554],[140.90902710000012,-28.090637206215558],[140.90925598100011,-28.09034347421558],[140.90937805200008,-28.08995628321562],[140.90939331100003,-28.087612151215644],[140.90954589800003,-28.087059020215644],[140.90954589800003,-28.086360930215648]],[[140.89593505900007,-28.111051558215234],[140.89617919900002,-28.110847472215234]]]},"properties":{"id":"ga:pipe0:390","layer":"pipelines_oil","name":"Dullingari 57 Flowline","subtype":"Oil pipeline","status":"fully capable of operation.","country":"AU","state":"South Australia","source":"Geoscience Australia","source_url":"https://digital.atlas.gov.au/datasets/digitalatlas::gas-pipelines/about","license":"CC BY 4.0","length_km":0.02894632,"spatial_confidence":"0"}},{"type":"Feature","geometry":{"type":"MultiLineString","coordinates":[[[140.87918090800008,-28.137870788214734],[140.87792968700012,-28.137481688214745],[140.87791442900004,-28.137393950214758],[140.87863159200003,-28.13556098821475],[140.87614440900006,-28.134735106214805],[140.87539672900004,-28.134555816214807],[140.87356567400002,-28.133924483214813],[140.87306213400007,-28.13367271321479],[140.87254333500005,-28.13315582221483],[140.87210083000002,-28.1319866172148],[140.87178039600008,-28.13140296821485],[140.8710937500001,-28.13064956621487],[140.86994934100005,-28.1295566552149],[140.86967468300008,-28.12936019821489],[140.86859130900007,-28.129030227214912],[140.86810302700007,-28.12868499721492],[140.8675689700001,-28.128067016214917],[140.86778259300002,-28.127342223214914],[140.8666992190001,-28.127058028214915],[140.86662292500012,-28.1271724692149]],[[140.87951660200008,-28.137228011214752],[140.879241943,-28.137891768214722],[140.87918090800008,-28.137870788214734]]]},"properties":{"id":"ga:pipe0:391","layer":"pipelines_oil","name":"Dullingari Field Flowline","subtype":"Oil pipeline","status":"fully capable of operation.","country":"AU","state":"South Australia","source":"Geoscience Australia","source_url":"https://digital.atlas.gov.au/datasets/digitalatlas::gas-pipelines/about","license":"CC BY 4.0","length_km":0.020188209999999998,"spatial_confidence":"0"}},{"type":"Feature","geometry":{"type":"MultiLineString","coordinates":[[[140.85572814900002,-28.082513808215754],[140.85595703100012,-28.08244323621572],[140.85612487800006,-28.082479476215713],[140.85638427700007,-28.082784652215743],[140.8566741940001,-28.08419799721573],[140.85745239300002,-28.08645820521568],[140.85815429700006,-28.089334487215613],[140.86097717300004,-28.09604835421546],[140.86125183100012,-28.0963783252155],[140.86169433600003,-28.096679687215456],[140.8646392820001,-28.097206115215442],[140.86488342300004,-28.09738159121548],[140.8651275630001,-28.09777831921547],[140.86541748000002,-28.10763359021528],[140.8639984130001,-28.120418548215042],[140.86402893100012,-28.120670318215026],[140.8641510010001,-28.120998382215053],[140.86634826700003,-28.125167846214936]],[[140.86634826700003,-28.125167846214936],[140.8667755130001,-28.125974654214914],[140.8668212890001,-28.126193999214923]],[[140.8668212890001,-28.126193999214923],[140.86683654800004,-28.12629699621492],[140.86657714800003,-28.127151488214928]]]},"properties":{"id":"ga:pipe0:392","layer":"pipelines_oil","name":"Dullingari North 2 Flowline","subtype":"Oil pipeline","status":"fully capable of operation.","country":"AU","state":"South Australia","source":"Geoscience Australia","source_url":"https://digital.atlas.gov.au/datasets/digitalatlas::gas-pipelines/about","license":"CC BY 4.0","length_km":0.04978544,"spatial_confidence":"0"}},{"type":"Feature","geometry":{"type":"LineString","coordinates":[[140.865570068,-28.128103255214917],[140.86544799800004,-28.128459929214912],[140.8624572750001,-28.130079268214875],[140.8623504640001,-28.130208968214866],[140.85861206100003,-28.141275405214685],[140.85771179200003,-28.144786834214578],[140.85838317900004,-28.14684677021456],[140.8248596190001,-28.155948638214415],[140.82359314000007,-28.156442641214376],[140.82229614300002,-28.15682983321436],[140.8210296630001,-28.157018660214362],[140.81762695300006,-28.157896041214347],[140.81646728500004,-28.158002852214363],[140.81590271000005,-28.15795707621433],[140.81390380900007,-28.157567977214384],[140.76977539100005,-28.148521422214543],[140.76896667500012,-28.14824485721452],[140.76797485400004,-28.14775657621452],[140.76342773400006,-28.144649505214577],[140.76200866700003,-28.1440029132146],[140.759872437,-28.14352607621459],[140.72816467300004,-28.137023925214766],[140.7238616940001,-28.136285781214752],[140.72131347700008,-28.13576507521474],[140.68043518100012,-28.127361297214936],[140.6795043950001,-28.127365111214903],[140.678894043,-28.12724876321491]]},"properties":{"id":"ga:pipe0:393","layer":"pipelines_oil","name":"Dullingari to Strzelecki Junction Trunkline","subtype":"Oil pipeline","status":"fully capable of operation.","country":"AU","state":"South Australia","source":"Geoscience Australia","source_url":"https://digital.atlas.gov.au/datasets/digitalatlas::gas-pipelines/about","license":"CC BY 4.0","length_km":0.20631197,"spatial_confidence":"0"}},{"type":"Feature","geometry":{"type":"LineString","coordinates":[[140.10322570800008,-28.63951682920566],[140.10411071800002,-28.639114379205704],[140.10534668000003,-28.639543532205668],[140.10710144000006,-28.63977241420571],[140.10729980500003,-28.638612746205713],[140.10734558100012,-28.636800765205745],[140.107528687,-28.63653373620576],[140.10762023900008,-28.633739470205793],[140.1074676510001,-28.633514403205805],[140.1075439450001,-28.632387160205784],[140.10906982400002,-28.632457732205822],[140.110046387,-28.632389068205786],[140.11006164600008,-28.630561828205817],[140.11077880900007,-28.62637138320593],[140.1109924320001,-28.6261539452059],[140.111999512,-28.625774383205922],[140.1133575440001,-28.62503623920591],[140.11375427200005,-28.624639510205938],[140.11326599100005,-28.620584487206024],[140.11369323700012,-28.62054252520602],[140.113388062,-28.617492675206098],[140.11347961400008,-28.617263793206064],[140.1139984130001,-28.61666107120607],[140.114440918,-28.61648940920607]]},"properties":{"id":"ga:pipe0:394","layer":"pipelines_oil","name":"Dunoon 2 Flowline","subtype":"Proposed Oil pipeline","status":"proposed infrastructure.","country":"AU","state":"South Australia","source":"Geoscience Australia","source_url":"https://digital.atlas.gov.au/datasets/digitalatlas::gas-pipelines/about","license":"CC BY 4.0","length_km":0.03272858,"spatial_confidence":"0"}},{"type":"Feature","geometry":{"type":"MultiLineString","coordinates":[[[147.11137810700006,-38.223611666082604],[147.11076355000012,-38.22407150208262],[146.9869689940001,-38.21430206208267],[146.88696289100005,-38.204341887082755],[146.81072998000002,-38.19562148908284],[146.7809906010001,-38.19216537408285],[146.76899719200003,-38.191692351082885],[146.71791076700003,-38.19292831308288],[146.62182617200006,-38.185272216082936],[146.5965728760001,-38.18537902708291],[146.59481811500007,-38.18186187608295],[146.56307983400006,-38.172706603083036],[146.52574157700008,-38.16667175208306],[146.50997924800004,-38.16129684308309],[146.4967346190001,-38.15758895808314],[146.48011779800004,-38.15525436308317],[146.46858215300006,-38.1491737360832],[146.4433288570001,-38.14488601608325],[146.41732788100012,-38.14456176708324],[146.39697265600012,-38.13763427608329],[146.35530090300006,-38.13158798108336],[146.3342132570001,-38.14123535108328],[146.30438232400002,-38.14437484608321],[146.25257873500004,-38.14538192608324],[146.1973419190001,-38.15455245908313],[146.19183349600007,-38.15656661908316],[146.1907348630001,-38.15722274708317],[146.1869812010001,-38.15580749408317],[146.18579101600005,-38.15632629308313],[146.14366149900002,-38.162918090083075],[146.13523864700005,-38.16510772608308],[146.07592773400006,-38.1621398920831],[146.05677795400004,-38.16282653708308],[146.01094055200008,-38.16956329208305],[145.98123168900008,-38.173137664083015],[145.97599792500012,-38.17309188708299],[145.97326660200008,-38.174442290082986],[145.97244262700008,-38.17780303908298],[145.9409179690001,-38.18337631108294],[145.93714904800004,-38.183570861082934],[145.93710327100007,-38.1859436030829],[145.93049621600005,-38.1875648490829],[145.91613772100004,-38.186221946082945]],[[145.91613772100004,-38.186221946082945],[145.8941955570001,-38.18416976808291],[145.89050293000003,-38.18428802408291],[145.86900329600007,-38.18262863108291],[145.75556945800008,-38.18699264408293],[145.7380218510001,-38.18733978208292],[145.71357727100008,-38.18806838908291],[145.71141052200005,-38.190185546082866],[145.588226318,-38.19381713808286],[145.57877943200003,-38.19353574108284]],[[145.4812841800001,-38.20603083408278],[145.47714233400006,-38.20734786908277],[145.47027587900004,-38.196605681082865],[145.428070068,-38.19144439608286],[145.40875244100005,-38.18924713008288],[145.40669250500002,-38.19040298408287],[145.3703460690001,-38.18766784608289],[145.3684905450001,-38.1879020530829]],[[145.3684905450001,-38.1879020530829],[145.36566162100007,-38.18825912408289],[145.36228942900004,-38.190052031082914],[145.3569071490001,-38.19038726408289]],[[145.3569071490001,-38.19038726408289],[145.33129882800006,-38.19198226808285],[145.32228070500003,-38.19378513508286]],[[145.52743549100012,-38.19358288308286],[145.52526855500003,-38.19247436408287],[145.50149536100002,-38.20183944608279],[145.49232482900004,-38.20609283308275],[145.4882308860001,-38.20730776308274]],[[145.57877943200003,-38.19353574108284],[145.5667114260001,-38.19317626908288],[145.56344204100003,-38.19466737308283]],[[145.56344204100003,-38.19466737308283],[145.56219482400002,-38.195236205082836],[145.5279083250001,-38.19382476708286],[145.52743549100012,-38.19358288308286]],[[145.32228070500003,-38.19378513508286],[145.28590393100012,-38.201057433082795],[145.28452354600006,-38.20287006108276]],[[145.28452354600006,-38.20287006108276],[145.28439331100003,-38.203041076082805],[145.28230511900006,-38.203361932082764]],[[145.28230511900006,-38.203361932082764],[145.2722778320001,-38.20490264808278],[145.25044250500002,-38.21213912908272],[145.24160766600005,-38.22064971808263],[145.24040222200006,-38.229114531082615],[145.23954772900004,-38.23015212908258],[145.23822021500007,-38.23999404808251],[145.2325744630001,-38.24234008708246],[145.2219848630001,-38.253059386082406],[145.22215271000005,-38.25989913808237],[145.21539306600005,-38.26005935608232],[145.2153268840001,-38.264460444082296]],[[145.48445887000003,-38.20568342208279],[145.48410034200003,-38.205135344082784],[145.4812841800001,-38.20603083408278]],[[145.4882308860001,-38.20730776308274],[145.4859619140001,-38.20798110908272],[145.48445887000003,-38.20568342208279]],[[147.16157531700003,-38.221042632082664],[147.15849304200003,-38.22059631208263],[147.11293029800004,-38.22245025508262],[147.11137810700006,-38.223611666082604]],[[145.2153268840001,-38.264460444082296],[145.21527099600007,-38.26817703108232],[145.2123404040001,-38.268275415082265]],[[145.2123404040001,-38.268275415082265],[145.2099304200001,-38.268356322082305],[145.20989327900008,-38.269263167082286]],[[145.20989327900008,-38.269263167082286],[145.20974731400008,-38.27282714708227],[145.20022032600002,-38.27317720908227]],[[145.20022032600002,-38.27317720908227],[145.19334411600005,-38.27342987008225],[145.1903533940001,-38.276012420082225],[145.19022682800005,-38.277237652082185]],[[145.19022682800005,-38.277237652082185],[145.18988994900008,-38.28049881908217]],[[145.18988994900008,-38.28049881908217],[145.18980407700008,-38.28133010808218],[145.19871521000005,-38.288665770082126],[145.19892007400006,-38.28871039808213]],[[145.19892007400006,-38.28871039808213],[145.20974731400008,-38.291069030082106],[145.20986938500005,-38.29994583008204],[145.2127075200001,-38.29992294208205]]]},"properties":{"id":"ga:pipe0:395","layer":"pipelines_oil","name":"Dutson to Hastings","subtype":"Oil pipeline","status":"fully capable of operation.","country":"AU","state":"Victoria","source":"Geoscience Australia","source_url":"https://digital.atlas.gov.au/datasets/digitalatlas::gas-pipelines/about","license":"CC BY 4.0","length_km":2.09656861,"spatial_confidence":"0"}},{"type":"Feature","geometry":{"type":"LineString","coordinates":[[143.3710632320001,-26.797971724240046],[143.3713989260001,-26.804117202239947],[143.3711395260001,-26.80466651823993],[143.3704986570001,-26.805002212239916]]},"properties":{"id":"ga:pipe0:396","layer":"pipelines_oil","name":"Endeavour 19 Flowline","subtype":"Oil pipeline","status":"fully capable of operation.","country":"AU","state":"Queensland","source":"Geoscience Australia","source_url":"https://digital.atlas.gov.au/datasets/digitalatlas::gas-pipelines/about","license":"CC BY 4.0","length_km":0.00748559,"spatial_confidence":"0"}},{"type":"Feature","geometry":{"type":"LineString","coordinates":[[143.37358093300008,-26.786689757240268],[143.37373352100008,-26.785766601240283],[143.37373352100008,-26.78573226824026],[143.37374877900004,-26.78569793624027],[143.37374877900004,-26.7856616962403],[143.3737640380001,-26.78562736424031],[143.37377929700006,-26.785594939240276],[143.37380981400008,-26.785562514240315],[143.37382507300003,-26.785531997240287],[143.3738403320001,-26.785501479240267],[143.37387085000012,-26.785474776240257],[143.37390136700003,-26.785446166240302],[143.37393188500005,-26.785421370240265],[143.37396240200007,-26.785396575240316],[143.3739929200001,-26.78537559424028],[143.37402343700012,-26.7853546132403],[143.37405395500002,-26.78533554024027],[143.37408447300004,-26.78531837424031],[143.37413024900002,-26.7853050222403],[143.37416076700003,-26.785291671240305],[143.374206543,-26.78528213424026],[143.37423706100003,-26.785272597240287],[143.374282837,-26.78526687524031],[143.3743286130001,-26.78526306124029],[143.37435913100012,-26.78526115324028],[143.37673950200008,-26.7852268212403],[143.37690734900002,-26.785221099240275],[143.3769226070001,-26.785221099240264],[143.3769531250001,-26.785221099240275],[143.377624512,-26.785217284240264],[143.37800598100011,-26.785205840240263],[143.37821960400004,-26.785203933240307],[143.37843322800006,-26.785202025240306],[143.37858581500006,-26.785198211240285],[143.37882995600012,-26.785194396240275],[143.3789825440001,-26.78520965524028],[143.37911987300004,-26.785255431240255],[143.37925720200008,-26.7853317252403],[143.3793640140001,-26.785434722240307],[143.37997436500007,-26.786186217240278],[143.38032531700003,-26.786447524240273],[143.38047790500002,-26.786567687240233],[143.38058471700003,-26.786659240240244],[143.380630493,-26.78668785024026],[143.38111877400002,-26.787067412240226],[143.38122558600003,-26.787172317240234],[143.38130188000002,-26.787298202240265],[143.3817291260001,-26.78823280224024],[143.3817596440001,-26.78833770724024],[143.38183593700012,-26.788467406240194],[143.38194274900002,-26.788574218240203],[143.38252258300008,-26.78900146424021]]},"properties":{"id":"ga:pipe0:397","layer":"pipelines_oil","name":"Endeavour 35 Flowline","subtype":"Oil pipeline","status":"fully capable of operation.","country":"AU","state":"Queensland","source":"Geoscience Australia","source_url":"https://digital.atlas.gov.au/datasets/digitalatlas::gas-pipelines/about","license":"CC BY 4.0","length_km":0.01176207,"spatial_confidence":"0"}},{"type":"Feature","geometry":{"type":"LineString","coordinates":[[143.358581543,-26.82183837823955],[143.35853576700003,-26.8207664482396],[143.36886596700003,-26.820594787239575],[143.36996460000012,-26.820714950239587],[143.37449646000005,-26.820642470239573],[143.37460327100007,-26.824234008239515],[143.375335693,-26.824897765239495]]},"properties":{"id":"ga:pipe0:398","layer":"pipelines_oil","name":"Endeavour 37 Flowline","subtype":"Oil pipeline","status":"fully capable of operation.","country":"AU","state":"Queensland","source":"Geoscience Australia","source_url":"https://digital.atlas.gov.au/datasets/digitalatlas::gas-pipelines/about","license":"CC BY 4.0","length_km":0.021623720000000003,"spatial_confidence":"0"}},{"type":"Feature","geometry":{"type":"MultiLineString","coordinates":[[[143.38316345200008,-26.78904151824023],[143.3840179440001,-26.7891635882402],[143.38406372100008,-26.789171218240213],[143.38410949700005,-26.7891807552402],[143.3841705320001,-26.78919029124019],[143.38421630900007,-26.789203643240192],[143.38426208500005,-26.7892189022402],[143.38430786100002,-26.789234160240223],[143.3843536380001,-26.789251327240223],[143.38441467300004,-26.789270400240202],[143.38446044900002,-26.789289473240185],[143.3845062260001,-26.789310454240216],[143.384536743,-26.789333343240195],[143.3845825200001,-26.789358138240193],[143.38462829600007,-26.789384841240192],[143.38467407200005,-26.789411544240203],[143.38471984900002,-26.7894382472402],[143.38475036600005,-26.789468764240237],[143.38479614300002,-26.789499282240186],[143.38482666000004,-26.78953170724022],[143.3854064940001,-26.790029525240197],[143.385437012,-26.790061950240165],[143.38546752900004,-26.790094375240194],[143.38549804700006,-26.790126800240166],[143.38552856400008,-26.790161132240208],[143.3855590820001,-26.7901973712402],[143.38558960000012,-26.790233611240183],[143.38562011700003,-26.79026985124017],[143.3856353760001,-26.79030799824017],[143.38569641100003,-26.79038619924017],[143.38572692900004,-26.790424346240172],[143.38574218700012,-26.790462493240167],[143.38577270500002,-26.790498733240202],[143.38580322300004,-26.790534972240202],[143.38583374000007,-26.7905693042402],[143.38587951700003,-26.79060363724017],[143.38591003400006,-26.7906379692402],[143.38594055200008,-26.790668487240165],[143.3859710690001,-26.790699004240196],[143.38601684600008,-26.790729522240206],[143.38606262200005,-26.790756225240145],[143.38609314000007,-26.79078483524016],[143.38613891600005,-26.79081153824017],[143.38618469200003,-26.790836333240165],[143.38658142100007,-26.79107093724017],[143.38746643100012,-26.791845321240174],[143.39006042500012,-26.79487037624008],[143.3901062010001,-26.79490661524007],[143.3901367190001,-26.794944762240075],[143.39016723600002,-26.794982909240066],[143.3901824950001,-26.795022963240093],[143.3902130130001,-26.79506301824008],[143.39024353000002,-26.79510307224009],[143.3902587890001,-26.79514694124011],[143.3902893070001,-26.795188903240057],[143.39030456500006,-26.795232772240087],[143.39031982400002,-26.795274733240113],[143.39033508300008,-26.795320510240078],[143.39035034200003,-26.795364379240098],[143.3903656010001,-26.795410155240084],[143.39038085900006,-26.795455932240102],[143.390396118,-26.79550170824008],[143.390396118,-26.79554748424006],[143.390396118,-26.795593261240082],[143.39041137700008,-26.79564094424007],[143.39041137700008,-26.79568862824011],[143.39041137700008,-26.795734405240076],[143.39041137700008,-26.79578018124005],[143.39041137700008,-26.79582786524009],[143.390396118,-26.79587554824009],[143.390396118,-26.795921325240055],[143.3883361820001,-26.808919906239826],[143.38850402800006,-26.811475753239773],[143.38850402800006,-26.8115177142398],[143.38850402800006,-26.81156158323975],[143.38850402800006,-26.81160545223979],[143.38850402800006,-26.811647414239786],[143.3884887700001,-26.811691283239767],[143.3884887700001,-26.811733245239772],[143.3884887700001,-26.811775207239783],[143.38847351100003,-26.811817168239752],[143.38783264200003,-26.814746856239694],[143.38700866700003,-26.817010879239653],[143.38561398000002,-26.82538817823951]],[[143.38561398000002,-26.82538817823951],[143.38526916500007,-26.82745933423946],[143.38525390600012,-26.827520369239455],[143.38525390600012,-26.82758140523949],[143.38525390600012,-26.827642440239476],[143.38523864700005,-26.827701568239444],[143.38523864700005,-26.827762603239417],[143.38525390600012,-26.827823638239472],[143.38525390600012,-26.82788467323946],[143.38525390600012,-26.82794570823944],[143.38526916500007,-26.828004836239472],[143.38528442400002,-26.828065871239456],[143.38529968300008,-26.82812309223943],[143.38531494100005,-26.828184127239464],[143.3853302000001,-26.82824134723943],[143.38534545900006,-26.82830047523946],[143.38537597700008,-26.828357696239433],[143.38539123500004,-26.828414916239463],[143.38542175300006,-26.82847022923943],[143.38545227100008,-26.82852554223944],[143.3854827880001,-26.828580855239455],[143.38551330600012,-26.828632354239463],[143.3855590820001,-26.828685759239416],[143.38659668000003,-26.830175399239433],[143.38729858400006,-26.83111762923938],[143.3877410890001,-26.83178710823937],[143.39137268100012,-26.837018966239274],[143.3921356200001,-26.83791923423926],[143.3921661380001,-26.837957381239256],[143.39219665500002,-26.837995528239258],[143.3922119140001,-26.838033675239252],[143.3922424320001,-26.838071822239254],[143.39227294900002,-26.838111876239257],[143.39228820800008,-26.83815383823927],[143.3927307130001,-26.83897399823924],[143.39996337900004,-26.849285125239064],[143.40295410200008,-26.853666305238974],[143.4029846190001,-26.853708266238936],[143.403015137,-26.853748321238946],[143.40304565400004,-26.853786468238937],[143.40307617200006,-26.853824614238945],[143.40312194800003,-26.853862761238936],[143.40315246600005,-26.853897094238967],[143.40319824200003,-26.85393142623895],[143.40322876000005,-26.853965758238946],[143.4043731690001,-26.85488510023895],[143.404403687,-26.85491752523892],[143.4044494630001,-26.85494995023895],[143.40447998000002,-26.85498237523892],[143.40451049800004,-26.855016707238903],[143.40454101600005,-26.85505104023893],[143.40457153300008,-26.85508727923892],[143.4046020510001,-26.85512351923891],[143.404632568,-26.855161666238914],[143.40466308600003,-26.855201720238924],[143.40469360400004,-26.855239867238918],[143.40470886200012,-26.855281829238937],[143.40472412100007,-26.855321883238933],[143.4047546390001,-26.85536384523889],[143.40476989700005,-26.85540580623892],[143.40478515600012,-26.855447768238932],[143.40480041500007,-26.85549163723889],[143.40481567400002,-26.855535506238922],[143.40483093300008,-26.85557937523894],[143.40495300300006,-26.85605430523891],[143.404968262,-26.85609626723888],[143.40498352100008,-26.85613822823891],[143.40499877900004,-26.856178283238908],[143.4050140380001,-26.856220244238916],[143.40502929700006,-26.856260299238933],[143.40504455600012,-26.856300353238872],[143.40507507300003,-26.856340407238875],[143.40568542500012,-26.857442855238897],[143.40617370600012,-26.85808372423888],[143.40734863300008,-26.85985565123884],[143.41625976600005,-26.872585296238576],[143.41629028300008,-26.872625350238586],[143.41630554200003,-26.872665404238585],[143.41633606000005,-26.8727073662386],[143.416351318,-26.87274932823856],[143.41638183600003,-26.872791289238577],[143.4163970950001,-26.8728351582386],[143.41641235400004,-26.87287712023855],[143.41642761200012,-26.87292289623858],[143.41644287100007,-26.87296676523855],[143.41645813000002,-26.873012542238584],[143.4169158940001,-26.87485504123857],[143.4169158940001,-26.874898910238525],[143.41693115200007,-26.87494277923855],[143.41694641100003,-26.874986648238522],[143.4169616700001,-26.875030517238535],[143.41699218700012,-26.875072478238557],[143.41700744600007,-26.87511444023852],[143.41702270500002,-26.87515449423853],[143.41705322300004,-26.875196456238527],[143.41706848100011,-26.875236510238548],[143.41709899900002,-26.87527465723854],[143.41712951700003,-26.875312804238536],[143.41716003400006,-26.87535095123854],[143.41719055200008,-26.87538719123852],[143.4172973630001,-26.87552261323854],[143.41712951700003,-26.87673759423849],[143.41488647500012,-26.878309249238495],[143.40332031200012,-26.88544082523836],[143.40287780800008,-26.88567352223835],[143.40258789100005,-26.885856627238322],[143.4024963380001,-26.885910033238318],[143.4024200440001,-26.885967254238334],[143.4023437500001,-26.88602638123832],[143.40225219700005,-26.886087417238297],[143.40217590300006,-26.886152266238312],[143.402114868,-26.886217116238303],[143.40203857400002,-26.886285781238318],[143.4019775390001,-26.886356353238277],[143.4019012450001,-26.886430739238342],[143.40184021000005,-26.886505126238326],[143.40177917500012,-26.88658142023832],[143.40173339800003,-26.886659621238323],[143.4016723630001,-26.88673973023833],[143.401626587,-26.88682174623829],[143.40158081100003,-26.886905669238327],[143.40153503400006,-26.886989593238297],[143.40148925800008,-26.887075423238276],[143.40145874000007,-26.887163161238323],[143.4014129640001,-26.887250899238317],[143.40138244600007,-26.88734054523831],[143.40136718700012,-26.887430190238298],[143.4013366700001,-26.887521743238313],[143.40132141100003,-26.8876132962383],[143.40130615200007,-26.88770675623827],[143.4012908940001,-26.887798308238278],[143.40127563500005,-26.887891768238294],[143.40127563500005,-26.887985228238307],[143.40127563500005,-26.888078689238252],[143.40127563500005,-26.88817214923827],[143.40132141100003,-26.88952445923825],[143.40132141100003,-26.889568328238227],[143.40132141100003,-26.889610290238227],[143.40130615200007,-26.889654159238255],[143.40130615200007,-26.88969612023822],[143.40130615200007,-26.889739989238247],[143.4012908940001,-26.889783858238264],[143.4012908940001,-26.88982582023821],[143.40127563500005,-26.889867782238223],[143.4012603760001,-26.889909743238256],[143.4012603760001,-26.889949798238252],[143.40083752200007,-26.891201370238228]],[[143.40083752200007,-26.891201370238228],[143.40083313000002,-26.891214370238195],[143.40112304700006,-26.891681670238214]]]},"properties":{"id":"ga:pipe0:399","layer":"pipelines_oil","name":"Endeavour to Mulberry","subtype":"Oil pipeline","status":"fully capable of operation.","country":"AU","state":"Queensland","source":"Geoscience Australia","source_url":"https://digital.atlas.gov.au/datasets/digitalatlas::gas-pipelines/about","license":"CC BY 4.0","length_km":0.1255531,"spatial_confidence":"0"}},{"type":"Feature","geometry":{"type":"LineString","coordinates":[[139.5914306640001,-28.13730239821474],[139.5914306640001,-28.13644790521473]]},"properties":{"id":"ga:pipe0:400","layer":"pipelines_oil","name":"Sturt 3 Flowline","subtype":"Oil pipeline","status":"fully capable of operation.","country":"AU","state":"South Australia","source":"Geoscience Australia","source_url":"https://digital.atlas.gov.au/datasets/digitalatlas::gas-pipelines/about","license":"CC BY 4.0","length_km":0.0008544900000000001,"spatial_confidence":"0"}},{"type":"Feature","geometry":{"type":"LineString","coordinates":[[139.5914306640001,-28.13730239821474],[139.5914306640001,-28.13644790521473]]},"properties":{"id":"ga:pipe0:401","layer":"pipelines_oil","name":"Sturt 7 Flowline","subtype":"Oil pipeline","status":"fully capable of operation.","country":"AU","state":"South Australia","source":"Geoscience Australia","source_url":"https://digital.atlas.gov.au/datasets/digitalatlas::gas-pipelines/about","license":"CC BY 4.0","length_km":0.0008544900000000001,"spatial_confidence":"0"}},{"type":"Feature","geometry":{"type":"LineString","coordinates":[[141.22384643600003,-26.68680953924222],[141.2226257320001,-26.687911986242185],[141.2225494380001,-26.688159942242187],[141.2225494380001,-26.688995360242178]]},"properties":{"id":"ga:pipe0:402","layer":"pipelines_oil","name":"Cuisinier 6 Flowline","subtype":"Oil pipeline","status":"fully capable of operation.","country":"AU","state":"Queensland","source":"Geoscience Australia","source_url":"https://digital.atlas.gov.au/datasets/digitalatlas::gas-pipelines/about","license":"CC BY 4.0","length_km":0.0027396900000000004,"spatial_confidence":"0"}},{"type":"Feature","geometry":{"type":"LineString","coordinates":[[141.22384643600003,-26.68680953924222],[141.2226257320001,-26.687911986242185],[141.2225494380001,-26.688159942242187],[141.2225494380001,-26.688995360242178]]},"properties":{"id":"ga:pipe0:403","layer":"pipelines_oil","name":"Cuisinier North 1 Flowline","subtype":"Oil pipeline","status":"fully capable of operation.","country":"AU","state":"Queensland","source":"Geoscience Australia","source_url":"https://digital.atlas.gov.au/datasets/digitalatlas::gas-pipelines/about","license":"CC BY 4.0","length_km":0.0027396900000000004,"spatial_confidence":"0"}},{"type":"Feature","geometry":{"type":"MultiLineString","coordinates":[[[143.10720629966272,-6.338386398587421],[143.17164791922897,-6.377559715796646],[143.17915568073184,-6.403673598753978],[143.20105331844854,-6.411134463066674],[143.2210740157895,-6.44843714467234],[143.23921777275476,-6.459627414645716],[143.2551717659484,-6.482007706866216],[143.26205388065938,-6.498169781233592],[143.28019763762467,-6.521791063565702],[143.29709010100612,-6.542303379414391],[143.3058491560928,-6.559085557013893],[143.33900843606375,-6.580839390298294],[143.34776749115045,-6.590162170211141],[143.35402395906945,-6.605699747170878],[143.37654724357807,-6.615022059212896],[143.42785028051426,-6.667223749156128],[143.46789167519623,-6.690215589657843],[143.50480483591866,-6.709478190563111],[143.53358458834632,-6.711963632008542],[143.5460975241844,-6.721905270861506],[143.56924645548492,-6.726254673946437],[143.58676456565826,-6.741166617324212],[143.594897973953,-6.764776255780254],[143.59927750149635,-6.772231691527337],[143.61929819883733,-6.773474252955146],[143.64620101088926,-6.79149103370024],[143.65308312560023,-6.799567302714598],[143.65808829993543,-6.824416509170085],[143.72315556629357,-6.86727835652886],[143.75881743343223,-6.90392528045331],[143.78572024548416,-6.931253343251623],[143.81012047036842,-6.941811488950709],[143.82513599337418,-6.944295724114816],[143.87956726426995,-6.972863484418364],[143.90146490198663,-6.992735681989567],[143.93274724158184,-7.039307828428984],[143.9346241819576,-7.062902600521864],[143.97654251701525,-7.095809087209542],[144.01408132452957,-7.133058874083863],[144.04473801733292,-7.164718810913262],[144.08603070559866,-7.189548595720552],[144.1273233938644,-7.235480116083385],[144.1704930225059,-7.272097845443836],[144.189888073055,-7.304368623239024],[144.19614454097405,-7.316779841087167],[144.22367299981786,-7.321744231604617],[144.2374372292398,-7.344703818263215],[144.2386885228236,-7.366421254828867],[144.23368334848834,-7.37945120616497],[144.24869887149407,-7.403648668570582],[144.24619628432643,-7.430326382726709],[144.2374372292398,-7.458863539284335],[144.23368334848834,-7.48367694577253],[144.24306805036693,-7.502286074556586],[144.2612118073322,-7.517172804608154],[144.26934521562694,-7.528337517262958],[144.26934521562697,-7.547564959313297],[144.28686332580028,-7.563690541943559],[144.29124285334365,-7.591598779399157],[144.29562238088698,-7.615784453330044],[144.32002260577127,-7.648029894521748],[144.32502778010652,-7.677792754655724],[144.3425458902799,-7.700113532490675],[144.4370185558576,-7.848888513545623],[144.52586040030818,-7.986457997293438],[144.5552657995277,-8.016816218979402]]]},"properties":{"id":"gem:P1077:0","layer":"pipelines_oil","name":"GEM pipeline P1077","subtype":"liquid pipeline","status":"unknown","country":"PG","state":null,"source":"Global Energy Monitor","source_url":null,"license":"CC BY 4.0","gem_project_id":"P1077"}}]}