{"type":"FeatureCollection","features":[{"type":"Feature","geometry":{"type":"Point","coordinates":[148.57211,-22.98207]},"properties":{"plume_id":"emit:EMIT_L2B_CH4PLM_002_20230119T040223_000578","provider":"NASA EMIT","instrument":"EMIT","datetime_utc":"2023-01-19T04:02:23Z","scene_id":"EMIT_L2B_CH4PLM_002_20230119T040223_000578","provider_url":"https://earth.jpl.nasa.gov/emit/data/data-portal/Greenhouse-Gases/","nearest_name":"Aquila-Capcoal","nearest_layer":"coal_mines","nearest_km":6.16,"association":"low","facility_name":"Aquila-Capcoal","facility_layer":"coal_mines","facility_km":6.16,"notes":["rate needs EARTHDATA_TOKEN"]}},{"type":"Feature","geometry":{"type":"Point","coordinates":[148.69574,-22.98038]},"properties":{"plume_id":"emit:EMIT_L2B_CH4PLM_002_20230119T040223_000579","provider":"NASA EMIT","instrument":"EMIT","datetime_utc":"2023-01-19T04:02:23Z","scene_id":"EMIT_L2B_CH4PLM_002_20230119T040223_000579","provider_url":"https://earth.jpl.nasa.gov/emit/data/data-portal/Greenhouse-Gases/","nearest_name":"Foxleigh","nearest_layer":"coal_mines","nearest_km":7.44,"association":"low","facility_name":"Foxleigh","facility_layer":"coal_mines","facility_km":7.44,"notes":["rate needs EARTHDATA_TOKEN"]}},{"type":"Feature","geometry":{"type":"Point","coordinates":[151.07563,-32.68722]},"properties":{"plume_id":"emit:EMIT_L2B_CH4PLM_002_20230125T004744_000584","provider":"NASA EMIT","instrument":"EMIT","datetime_utc":"2023-01-25T00:47:44Z","scene_id":"EMIT_L2B_CH4PLM_002_20230125T004744_000584","provider_url":"https://earth.jpl.nasa.gov/emit/data/data-portal/Greenhouse-Gases/","nearest_name":"Bulga","nearest_layer":"coal_mines","nearest_km":3.22,"association":"low","facility_name":"Bulga","facility_layer":"coal_mines","facility_km":3.22,"notes":["rate needs EARTHDATA_TOKEN"]}},{"type":"Feature","geometry":{"type":"Point","coordinates":[151.07627,-32.46549]},"properties":{"plume_id":"emit:EMIT_L2B_CH4PLM_002_20230125T004744_000586","provider":"NASA EMIT","instrument":"EMIT","datetime_utc":"2023-01-25T00:47:44Z","scene_id":"EMIT_L2B_CH4PLM_002_20230125T004744_000586","provider_url":"https://earth.jpl.nasa.gov/emit/data/data-portal/Greenhouse-Gases/","nearest_name":"Ashton","nearest_layer":"coal_mines","nearest_km":0.29,"association":"high","facility_name":"Ashton","facility_layer":"coal_mines","facility_km":0.29,"notes":["rate needs EARTHDATA_TOKEN","also reported by UNEP IMEO"]}},{"type":"Feature","geometry":{"type":"Point","coordinates":[141.4246,-32.0233]},"properties":{"plume_id":"emit:EMIT_L2B_CH4PLM_002_20230318T045250_000849","provider":"NASA EMIT","instrument":"EMIT","datetime_utc":"2023-03-18T04:52:50Z","scene_id":"EMIT_L2B_CH4PLM_002_20230318T045250_000849","provider_url":"https://earth.jpl.nasa.gov/emit/data/data-portal/Greenhouse-Gases/","association":"none within 10 km","notes":["rate needs EARTHDATA_TOKEN"]}},{"type":"Feature","geometry":{"type":"Point","coordinates":[144.39847,-21.71473]},"properties":{"plume_id":"emit:EMIT_L2B_CH4PLM_002_20230903T010049_001659","provider":"NASA EMIT","instrument":"EMIT","datetime_utc":"2023-09-03T01:00:49Z","scene_id":"EMIT_L2B_CH4PLM_002_20230903T010049_001659","provider_url":"https://earth.jpl.nasa.gov/emit/data/data-portal/Greenhouse-Gases/","association":"none within 10 km","notes":["rate needs EARTHDATA_TOKEN"]}},{"type":"Feature","geometry":{"type":"Point","coordinates":[151.4379,-33.12155]},"properties":{"plume_id":"emit:EMIT_L2B_CH4PLM_002_20230915T042628_001340","provider":"NASA EMIT","instrument":"EMIT","datetime_utc":"2023-09-15T04:26:28Z","scene_id":"EMIT_L2B_CH4PLM_002_20230915T042628_001340","provider_url":"https://earth.jpl.nasa.gov/emit/data/data-portal/Greenhouse-Gases/","nearest_name":"Mandalong","nearest_layer":"coal_mines","nearest_km":2.31,"association":"medium","facility_name":"Mandalong","facility_layer":"coal_mines","facility_km":2.31,"notes":["rate needs EARTHDATA_TOKEN"]}},{"type":"Feature","geometry":{"type":"Point","coordinates":[148.58044,-22.99941]},"properties":{"plume_id":"emit:EMIT_L2B_CH4PLM_002_20231128T234458_001979","provider":"NASA EMIT","instrument":"EMIT","datetime_utc":"2023-11-28T23:44:58Z","scene_id":"EMIT_L2B_CH4PLM_002_20231128T234458_001979","provider_url":"https://earth.jpl.nasa.gov/emit/data/data-portal/Greenhouse-Gases/","nearest_name":"Aquila-Capcoal","nearest_layer":"coal_mines","nearest_km":8.25,"association":"low","facility_name":"Aquila-Capcoal","facility_layer":"coal_mines","facility_km":8.25,"notes":["rate needs EARTHDATA_TOKEN"]}},{"type":"Feature","geometry":{"type":"Point","coordinates":[151.23922,-32.73123]},"properties":{"plume_id":"emit:EMIT_L2B_CH4PLM_002_20231130T220644_001993","provider":"NASA EMIT","instrument":"EMIT","datetime_utc":"2023-11-30T22:06:44Z","scene_id":"EMIT_L2B_CH4PLM_002_20231130T220644_001993","provider_url":"https://earth.jpl.nasa.gov/emit/data/data-portal/Greenhouse-Gases/","association":"none within 10 km","notes":["rate needs EARTHDATA_TOKEN"]}},{"type":"Feature","geometry":{"type":"Point","coordinates":[150.59939,-34.25889]},"properties":{"plume_id":"emit:EMIT_L2B_CH4PLM_002_20240225T041108_002881","provider":"NASA EMIT","instrument":"EMIT","datetime_utc":"2024-02-25T04:11:08Z","scene_id":"EMIT_L2B_CH4PLM_002_20240225T041108_002881","provider_url":"https://earth.jpl.nasa.gov/emit/data/data-portal/Greenhouse-Gases/","nearest_name":"Tahmoor","nearest_layer":"coal_mines","nearest_km":2.04,"association":"medium","facility_name":"Tahmoor","facility_layer":"coal_mines","facility_km":2.04,"notes":["rate needs EARTHDATA_TOKEN"]}},{"type":"Feature","geometry":{"type":"Point","coordinates":[150.72363,-34.19191]},"properties":{"plume_id":"emit:EMIT_L2B_CH4PLM_002_20240225T041108_002884","provider":"NASA EMIT","instrument":"EMIT","datetime_utc":"2024-02-25T04:11:08Z","scene_id":"EMIT_L2B_CH4PLM_002_20240225T041108_002884","provider_url":"https://earth.jpl.nasa.gov/emit/data/data-portal/Greenhouse-Gases/","nearest_name":"Tower","nearest_layer":"gas_plants","nearest_km":3.09,"association":"low","facility_name":"Tower","facility_layer":"gas_plants","facility_km":3.09,"notes":["rate needs EARTHDATA_TOKEN"]}},{"type":"Feature","geometry":{"type":"Point","coordinates":[150.04,-24.6]},"properties":{"plume_id":"imeo:0003ac2b-54ac-42f6-8ffe-ebee218386fc","provider":"UNEP IMEO","instrument":"Sentinel-5P/TROPOMI - ESA","datetime_utc":"2025-09-26T03:46:19","emission_kg_hr":10000.0,"uncertainty_kg_hr":4000.0,"sector":"Oil and Gas","scene_id":"S5P_OFFL_L2__CH4____20250926T030315_20250926T044444_41211_03_020800_20250927T190418","provider_url":"https://methanedata.unep.org/plumes","nearest_name":"Dawson","nearest_layer":"coal_mines","nearest_km":2.69,"association":"medium","facility_name":"Dawson","facility_layer":"coal_mines","facility_km":2.69,"notes":["also reported by SRON"]}},{"type":"Feature","geometry":{"type":"Point","coordinates":[150.77088,-34.20724]},"properties":{"plume_id":"imeo:0107f3cb-ff9d-483e-a11a-6e8dba4dd3f2","provider":"UNEP IMEO","instrument":"EnMAP - DLR","datetime_utc":"2024-04-15T00:42:52","emission_kg_hr":712.0,"uncertainty_kg_hr":101.0,"sector":"Coal","scene_id":"ENMAP01-____L1B-DT0000069141_20240415T004252Z_016_V010402_20240425T113454Z","provider_url":"https://methanedata.unep.org/plumes","nearest_name":"Appin","nearest_layer":"gas_plants","nearest_km":2.05,"association":"medium","facility_name":"Appin","facility_layer":"gas_plants","facility_km":2.05,"notes":["source AUS_S_010"]}},{"type":"Feature","geometry":{"type":"Point","coordinates":[148.32297,-23.29948]},"properties":{"plume_id":"imeo:0218a06a-f5a9-42b6-8bf1-a2fabd5710f1","provider":"UNEP IMEO","instrument":"EMIT - NASA","datetime_utc":"2024-10-31T00:54:58","emission_kg_hr":2361.0,"uncertainty_kg_hr":771.0,"sector":"Coal","scene_id":"EMIT_L1B_RAD_001_20241031T005458_2430501_043","provider_url":"https://methanedata.unep.org/plumes","nearest_name":"Kestrel","nearest_layer":"coal_mines","nearest_km":7.99,"association":"low","facility_name":"Kestrel","facility_layer":"coal_mines","facility_km":7.99,"notes":["source AUS_S_007"]}},{"type":"Feature","geometry":{"type":"Point","coordinates":[151.00974,-32.55983]},"properties":{"plume_id":"imeo:0439f946-76dc-4bc5-9933-d35f0e394504","provider":"UNEP IMEO","instrument":"EnMAP - DLR","datetime_utc":"2024-09-20T00:38:51","emission_kg_hr":1301.0,"uncertainty_kg_hr":455.0,"sector":"Coal","scene_id":"ENMAP01-____L1B-DT0000093262_20240920T003851Z_005_V010402_20240926T235404Z","provider_url":"https://methanedata.unep.org/plumes","nearest_name":"United-Wambo","nearest_layer":"coal_mines","nearest_km":0.18,"association":"high","facility_name":"United-Wambo","facility_layer":"coal_mines","facility_km":0.18,"notes":["source AUS_S_117"]}},{"type":"Feature","geometry":{"type":"Point","coordinates":[149.09,-25.62]},"properties":{"plume_id":"imeo:0476ca07-b9fc-4efc-8745-a36d5ddf7542","provider":"UNEP IMEO","instrument":"Sentinel-5P/TROPOMI - ESA","datetime_utc":"2025-06-11T03:51:06","emission_kg_hr":9000.0,"uncertainty_kg_hr":5000.0,"sector":"Oil and Gas","scene_id":"S5P_OFFL_L2__CH4____20250611T031521_20250611T045651_39693_03_020800_20250613T062947","provider_url":"https://methanedata.unep.org/plumes","association":"none within 10 km","notes":["also reported by SRON"]}},{"type":"Feature","geometry":{"type":"Point","coordinates":[150.96371,-34.20237]},"properties":{"plume_id":"imeo:055fcccc-583e-4796-9bb1-efeb61c7225d","provider":"UNEP IMEO","instrument":"EMIT - NASA","datetime_utc":"2025-11-05T22:41:56","emission_kg_hr":904.0,"uncertainty_kg_hr":78.0,"sector":"Coal","scene_id":"EMIT_L1B_RAD_001_20251105T224156_2530915_033","provider_url":"https://methanedata.unep.org/plumes","nearest_name":"Metropolitan","nearest_layer":"coal_mines","nearest_km":3.1,"association":"low","facility_name":"Metropolitan","facility_layer":"coal_mines","facility_km":3.1,"notes":["source AUS_S_001"]}},{"type":"Feature","geometry":{"type":"Point","coordinates":[148.53,-22.99]},"properties":{"plume_id":"imeo:057d1658-6c5b-4bad-a672-2a3bd9f57e03","provider":"UNEP IMEO","instrument":"Sentinel-5P/TROPOMI - ESA","datetime_utc":"2024-06-14T03:36:56","emission_kg_hr":6000.0,"uncertainty_kg_hr":2000.0,"sector":"Coal","scene_id":"S5P_OFFL_L2__CH4____20240614T030011_20240614T044141_34557_03_020600_20240616T141155","provider_url":"https://methanedata.unep.org/plumes","nearest_name":"German Creek","nearest_layer":"gas_plants","nearest_km":7.07,"association":"low","facility_name":"German Creek","facility_layer":"gas_plants","facility_km":7.07}},{"type":"Feature","geometry":{"type":"Point","coordinates":[151.07529,-32.47055]},"properties":{"plume_id":"imeo:06209580-e6e0-406b-a4e0-01c160e343cb","provider":"UNEP IMEO","instrument":"EnMAP - DLR","datetime_utc":"2025-09-13T00:21:25","emission_kg_hr":1241.0,"uncertainty_kg_hr":277.0,"sector":"Coal","scene_id":"ENMAP01-____L1B-DT0000152458_20250913T002125Z_002_V010502_20250918T133423Z","provider_url":"https://methanedata.unep.org/plumes","nearest_name":"Ashton","nearest_layer":"coal_mines","nearest_km":0.55,"association":"high","facility_name":"Ashton","facility_layer":"coal_mines","facility_km":0.55,"notes":["source AUS_S_043"]}},{"type":"Feature","geometry":{"type":"Point","coordinates":[148.95,-23.29]},"properties":{"plume_id":"imeo:06c462e3-9840-49dd-8e58-86b01f719b63","provider":"UNEP IMEO","instrument":"Sentinel-5P/TROPOMI - ESA","datetime_utc":"2025-09-30T04:11:50","emission_kg_hr":10000.0,"uncertainty_kg_hr":4000.0,"sector":"Coal","scene_id":"S5P_OFFL_L2__CH4____20250930T032809_20250930T050938_41268_03_020800_20251001T193359","provider_url":"https://methanedata.unep.org/plumes","nearest_name":"Yarrabee","nearest_layer":"coal_mines","nearest_km":8.39,"association":"low","facility_name":"Yarrabee","facility_layer":"coal_mines","facility_km":8.39,"notes":["also reported by SRON"]}},{"type":"Feature","geometry":{"type":"Point","coordinates":[150.98,-32.82]},"properties":{"plume_id":"imeo:06e04b22-7f8d-4569-9430-231c59caea86","provider":"UNEP IMEO","instrument":"Sentinel-5P/TROPOMI - ESA","datetime_utc":"2025-08-26T03:25:14","emission_kg_hr":69000.0,"uncertainty_kg_hr":41000.0,"sector":"Coal","scene_id":"S5P_OFFL_L2__CH4____20250826T024727_20250826T042857_40771_03_020800_20250827T183307","provider_url":"https://methanedata.unep.org/plumes","association":"none within 10 km","notes":["also reported by SRON"]}},{"type":"Feature","geometry":{"type":"Point","coordinates":[151.46083,-33.11434]},"properties":{"plume_id":"imeo:06fb75f2-3b1b-48da-943d-873b0b765b38","provider":"UNEP IMEO","instrument":"EMIT - NASA","datetime_utc":"2023-09-15T04:26:28","emission_kg_hr":4310.0,"uncertainty_kg_hr":1362.0,"sector":"Coal","scene_id":"EMIT_L1B_RAD_001_20230915T042628_2325802_007","provider_url":"https://methanedata.unep.org/plumes","nearest_name":"Mandalong","nearest_layer":"coal_mines","nearest_km":0.39,"association":"high","facility_name":"Mandalong","facility_layer":"coal_mines","facility_km":0.39,"notes":["source AUS_S_008"]}},{"type":"Feature","geometry":{"type":"Point","coordinates":[150.77088,-34.20724]},"properties":{"plume_id":"imeo:073c457e-2559-4bc5-addf-954a29de0ffa","provider":"UNEP IMEO","instrument":"EnMAP - DLR","datetime_utc":"2026-04-02T00:32:33","emission_kg_hr":1627.0,"uncertainty_kg_hr":453.0,"sector":"Coal","scene_id":"ENMAP01-____L1B-DT0000187258_20260402T003233Z_010_V010506_20260404T074639Z","provider_url":"https://methanedata.unep.org/plumes","nearest_name":"Appin","nearest_layer":"gas_plants","nearest_km":2.05,"association":"medium","facility_name":"Appin","facility_layer":"gas_plants","facility_km":2.05,"notes":["source AUS_S_010"]}},{"type":"Feature","geometry":{"type":"Point","coordinates":[151.57,-33.15115]},"properties":{"plume_id":"imeo:0745adc2-d16a-4eca-be9e-e3cf8edaaa65","provider":"UNEP IMEO","instrument":"EMIT - NASA","datetime_utc":"2025-11-19T01:16:37","emission_kg_hr":3203.0,"uncertainty_kg_hr":1038.0,"sector":"Coal","scene_id":"EMIT_L1B_RAD_001_20251119T011637_2532301_013","provider_url":"https://methanedata.unep.org/plumes","nearest_name":"Chain Valley","nearest_layer":"coal_mines","nearest_km":2.28,"association":"medium","facility_name":"Chain Valley","facility_layer":"coal_mines","facility_km":2.28,"notes":["source AUS_S_083"]}},{"type":"Feature","geometry":{"type":"Point","coordinates":[148.9,-23.3]},"properties":{"plume_id":"imeo:075ee9a3-4b30-469e-91b1-7bad3f057831","provider":"UNEP IMEO","instrument":"Sentinel-5P/TROPOMI - ESA","datetime_utc":"2026-04-11T03:57:22","emission_kg_hr":12000.0,"uncertainty_kg_hr":8000.0,"sector":"Coal","scene_id":"S5P_OFFL_L2__CH4____20260411T031643_20260411T045813_44006_03_020901_20260412T192547","provider_url":"https://methanedata.unep.org/plumes","association":"none within 10 km","notes":["also reported by SRON"]}},{"type":"Feature","geometry":{"type":"Point","coordinates":[148.58253,-22.98772]},"properties":{"plume_id":"imeo:07d464d1-1544-4320-b596-9cdb70281004","provider":"UNEP IMEO","instrument":"EMIT - NASA","datetime_utc":"2023-11-28T23:44:58","emission_kg_hr":1791.0,"uncertainty_kg_hr":585.0,"sector":"Coal","scene_id":"EMIT_L1B_RAD_001_20231128T234458_2333215_021","provider_url":"https://methanedata.unep.org/plumes","nearest_name":"Aquila-Capcoal","nearest_layer":"coal_mines","nearest_km":7.11,"association":"low","facility_name":"Aquila-Capcoal","facility_layer":"coal_mines","facility_km":7.11,"notes":["source AUS_S_013"]}},{"type":"Feature","geometry":{"type":"Point","coordinates":[147.99512,-21.88795]},"properties":{"plume_id":"imeo:07dfba4c-d246-4c0f-b6ba-403e2bcbd9e6","provider":"UNEP IMEO","instrument":"EMIT - NASA","datetime_utc":"2025-05-18T03:32:25","emission_kg_hr":2970.0,"uncertainty_kg_hr":842.0,"sector":"Coal","scene_id":"EMIT_L1B_RAD_001_20250518T033225_2513803_004","provider_url":"https://methanedata.unep.org/plumes","nearest_name":"Grosvenor","nearest_layer":"coal_mines","nearest_km":1.65,"association":"medium","facility_name":"Grosvenor","facility_layer":"coal_mines","facility_km":1.65,"notes":["source AUS_S_028"]}},{"type":"Feature","geometry":{"type":"Point","coordinates":[150.8162,-32.6024]},"properties":{"plume_id":"imeo:08289633-f1f6-42a0-af5c-d22ea0a1be88","provider":"UNEP IMEO","instrument":"Sentinel-5P/TROPOMI - ESA","datetime_utc":"2023-09-17T00:00:00","emission_kg_hr":48870.0,"sector":"Coal","provider_url":"https://methanedata.unep.org/plumes","association":"none within 10 km"}},{"type":"Feature","geometry":{"type":"Point","coordinates":[148.3338,-23.3043]},"properties":{"plume_id":"imeo:086ee554-fdf0-4f4a-bcde-0b0d39827201","provider":"UNEP IMEO","instrument":"EMIT - NASA","datetime_utc":"2024-12-26T02:44:12","emission_kg_hr":116.0,"uncertainty_kg_hr":147.0,"sector":"Coal","scene_id":"EMIT_L1B_RAD_001_20241226T024412_2436102_045","provider_url":"https://methanedata.unep.org/plumes","nearest_name":"Kestrel","nearest_layer":"coal_mines","nearest_km":7.84,"association":"low","facility_name":"Kestrel","facility_layer":"coal_mines","facility_km":7.84,"notes":["source AUS_S_036","also reported by UNEP IMEO"]}},{"type":"Feature","geometry":{"type":"Point","coordinates":[149.8754,-30.5172]},"properties":{"plume_id":"imeo:0b01b5e6-1813-46c8-a0d4-d3066bd650ea","provider":"UNEP IMEO","instrument":"EMIT - NASA","datetime_utc":"2024-12-29T01:56:29","emission_kg_hr":0.0,"uncertainty_kg_hr":94.0,"sector":"Coal","scene_id":"EMIT_L1B_RAD_001_20241229T015629_2436401_034","provider_url":"https://methanedata.unep.org/plumes","nearest_name":"Narrabri","nearest_layer":"coal_mines","nearest_km":1.87,"association":"medium","facility_name":"Narrabri","facility_layer":"coal_mines","facility_km":1.87,"notes":["source AUS_S_193"]}},{"type":"Feature","geometry":{"type":"Point","coordinates":[147.99512,-21.88795]},"properties":{"plume_id":"imeo:0b2960b2-8ed2-4b2b-8994-3d76ebe98d10","provider":"UNEP IMEO","instrument":"EnMAP - DLR","datetime_utc":"2024-07-21T00:54:10","emission_kg_hr":809.0,"uncertainty_kg_hr":361.0,"sector":"Coal","scene_id":"ENMAP01-____L1B-DT0000083436_20240721T005410Z_008_V010502_20250410T132041Z","provider_url":"https://methanedata.unep.org/plumes","nearest_name":"Grosvenor","nearest_layer":"coal_mines","nearest_km":1.65,"association":"medium","facility_name":"Grosvenor","facility_layer":"coal_mines","facility_km":1.65,"notes":["source AUS_S_028"]}},{"type":"Feature","geometry":{"type":"Point","coordinates":[148.02174,-21.87776]},"properties":{"plume_id":"imeo:0cd475aa-cd99-4bb4-b064-9a5977d156c4","provider":"UNEP IMEO","instrument":"EnMAP - DLR","datetime_utc":"2024-07-21T00:54:10","emission_kg_hr":173.0,"uncertainty_kg_hr":191.0,"sector":"Coal","scene_id":"ENMAP01-____L1B-DT0000083436_20240721T005410Z_008_V010502_20250410T132041Z","provider_url":"https://methanedata.unep.org/plumes","nearest_name":"Grosvenor","nearest_layer":"coal_mines","nearest_km":3.04,"association":"low","facility_name":"Grosvenor","facility_layer":"coal_mines","facility_km":3.04,"notes":["source AUS_S_029"]}},{"type":"Feature","geometry":{"type":"Point","coordinates":[151.07525,-32.47124]},"properties":{"plume_id":"imeo:0db556ee-d143-4a04-a9dc-ef965dd621b1","provider":"UNEP IMEO","instrument":"EnMAP - DLR","datetime_utc":"2022-09-18T00:35:33","emission_kg_hr":2224.0,"uncertainty_kg_hr":955.0,"sector":"Coal","scene_id":"ENMAP01-____L1B-DT0000003668_20220918T003533Z_001_V010502_20250410T143535Z","provider_url":"https://methanedata.unep.org/plumes","nearest_name":"Ashton","nearest_layer":"coal_mines","nearest_km":0.61,"association":"high","facility_name":"Ashton","facility_layer":"coal_mines","facility_km":0.61,"notes":["source AUS_S_112"]}},{"type":"Feature","geometry":{"type":"Point","coordinates":[150.60399,-34.24458]},"properties":{"plume_id":"imeo:0df68f79-7da1-4bb7-aa8b-b868cccdec0a","provider":"UNEP IMEO","instrument":"EnMAP - DLR","datetime_utc":"2024-01-13T00:33:03","emission_kg_hr":2161.0,"uncertainty_kg_hr":567.0,"sector":"Coal","scene_id":"ENMAP01-____L1B-DT0000058166_20240113T003303Z_012_V010502_20250410T162918Z","provider_url":"https://methanedata.unep.org/plumes","nearest_name":"Tahmoor","nearest_layer":"coal_mines","nearest_km":2.36,"association":"medium","facility_name":"Tahmoor","facility_layer":"coal_mines","facility_km":2.36,"notes":["source AUS_S_015"]}},{"type":"Feature","geometry":{"type":"Point","coordinates":[151.41904,-33.161]},"properties":{"plume_id":"imeo:0e8bd27b-d852-4a28-bfaf-06b6bef25e23","provider":"UNEP IMEO","instrument":"EMIT - NASA","datetime_utc":"2025-11-19T01:16:37","emission_kg_hr":1443.0,"uncertainty_kg_hr":385.0,"sector":"Coal","scene_id":"EMIT_L1B_RAD_001_20251119T011637_2532301_013","provider_url":"https://methanedata.unep.org/plumes","nearest_name":"Mandalong","nearest_layer":"coal_mines","nearest_km":6.25,"association":"low","facility_name":"Mandalong","facility_layer":"coal_mines","facility_km":6.25,"notes":["source AUS_S_084"]}},{"type":"Feature","geometry":{"type":"Point","coordinates":[151.00974,-32.55983]},"properties":{"plume_id":"imeo:0ec313ce-7809-4eb0-9222-7f791f0d6dc7","provider":"UNEP IMEO","instrument":"EMIT - NASA","datetime_utc":"2024-10-26T03:25:28","emission_kg_hr":2476.0,"uncertainty_kg_hr":447.0,"sector":"Coal","scene_id":"EMIT_L1B_RAD_001_20241026T032528_2430002_062","provider_url":"https://methanedata.unep.org/plumes","nearest_name":"United-Wambo","nearest_layer":"coal_mines","nearest_km":0.18,"association":"high","facility_name":"United-Wambo","facility_layer":"coal_mines","facility_km":0.18,"notes":["source AUS_S_117"]}},{"type":"Feature","geometry":{"type":"Point","coordinates":[148.53776,-22.98053]},"properties":{"plume_id":"imeo:0ec7283e-56b2-485b-a998-3da17808da92","provider":"UNEP IMEO","instrument":"EMIT - NASA","datetime_utc":"2023-01-19T04:02:23","emission_kg_hr":1556.0,"uncertainty_kg_hr":590.0,"sector":"Coal","scene_id":"EMIT_L1B_RAD_001_20230119T040223_2301902_019","provider_url":"https://methanedata.unep.org/plumes","nearest_name":"German Creek","nearest_layer":"gas_plants","nearest_km":5.87,"association":"low","facility_name":"German Creek","facility_layer":"gas_plants","facility_km":5.87,"notes":["source AUS_S_079"]}},{"type":"Feature","geometry":{"type":"Point","coordinates":[148.58253,-22.98772]},"properties":{"plume_id":"imeo:0ef19b00-cc7b-4ba7-901e-30e64d2096b4","provider":"UNEP IMEO","instrument":"PRISMA - ASI","datetime_utc":"2021-10-31T00:23:21","emission_kg_hr":1001.0,"uncertainty_kg_hr":424.0,"sector":"Coal","scene_id":"PRS_L1_STD_OFFL_20211031002321_20211031002325_0001","provider_url":"https://methanedata.unep.org/plumes","nearest_name":"Aquila-Capcoal","nearest_layer":"coal_mines","nearest_km":7.11,"association":"low","facility_name":"Aquila-Capcoal","facility_layer":"coal_mines","facility_km":7.11,"notes":["source AUS_S_013"]}},{"type":"Feature","geometry":{"type":"Point","coordinates":[147.96944,-21.65978]},"properties":{"plume_id":"imeo:100c0059-447a-4fb4-80a5-c4b3408bd88f","provider":"UNEP IMEO","instrument":"EnMAP - DLR","datetime_utc":"2026-05-27T00:54:22","emission_kg_hr":1123.0,"uncertainty_kg_hr":303.0,"sector":"Coal","scene_id":"ENMAP01-____L1B-DT0000194838_20260527T005422Z_001_V010506_20260527T175903Z","provider_url":"https://methanedata.unep.org/plumes","nearest_name":"Centurion","nearest_layer":"coal_mines","nearest_km":1.54,"association":"medium","facility_name":"Centurion","facility_layer":"coal_mines","facility_km":1.54,"notes":["source AUS_S_104"]}},{"type":"Feature","geometry":{"type":"Point","coordinates":[150.72,-34.18144]},"properties":{"plume_id":"imeo:102e84c5-6053-458e-9a49-7ac9857baec9","provider":"UNEP IMEO","instrument":"EnMAP - DLR","datetime_utc":"2024-01-21T00:40:03","emission_kg_hr":3402.0,"uncertainty_kg_hr":1064.0,"sector":"Coal","scene_id":"ENMAP01-____L1B-DT0000058476_20240121T004003Z_017_V010502_20250410T160438Z","provider_url":"https://methanedata.unep.org/plumes","nearest_name":"Tower","nearest_layer":"gas_plants","nearest_km":4.21,"association":"low","facility_name":"Tower","facility_layer":"gas_plants","facility_km":4.21,"notes":["source AUS_S_014"]}},{"type":"Feature","geometry":{"type":"Point","coordinates":[148.2,-21.45]},"properties":{"plume_id":"imeo:10ebbda2-1a16-42eb-9738-bb3237924fd2","provider":"UNEP IMEO","instrument":"Sentinel-5P/TROPOMI - ESA","datetime_utc":"2024-08-22T03:43:45","emission_kg_hr":21000.0,"uncertainty_kg_hr":8000.0,"sector":"Coal","scene_id":"S5P_OFFL_L2__CH4____20240822T030316_20240822T044445_35536_03_020600_20240823T185152","provider_url":"https://methanedata.unep.org/plumes","association":"none within 10 km"}},{"type":"Feature","geometry":{"type":"Point","coordinates":[148.58093,-22.98808]},"properties":{"plume_id":"imeo:112fde9c-ea30-4ef5-84bb-3faf5a502116","provider":"UNEP IMEO","instrument":"EMIT - NASA","datetime_utc":"2024-10-31T00:54:58","emission_kg_hr":2449.0,"uncertainty_kg_hr":846.0,"sector":"Coal","scene_id":"EMIT_L1B_RAD_001_20241031T005458_2430501_043","provider_url":"https://methanedata.unep.org/plumes","nearest_name":"Aquila-Capcoal","nearest_layer":"coal_mines","nearest_km":7.08,"association":"low","facility_name":"Aquila-Capcoal","facility_layer":"coal_mines","facility_km":7.08,"notes":["source AUS_S_089"]}},{"type":"Feature","geometry":{"type":"Point","coordinates":[147.96,-21.87]},"properties":{"plume_id":"imeo:11c8a4b5-9df4-4a12-80ca-ad22ad69aaed","provider":"UNEP IMEO","instrument":"Sentinel-5P/TROPOMI - ESA","datetime_utc":"2025-04-24T03:50:55","emission_kg_hr":19000.0,"uncertainty_kg_hr":7000.0,"sector":"Coal","scene_id":"S5P_OFFL_L2__CH4____20250424T031107_20250424T045237_39012_03_020800_20250425T192113","provider_url":"https://methanedata.unep.org/plumes","nearest_name":"Moranbah North","nearest_layer":"coal_mines","nearest_km":0.37,"association":"high","facility_name":"Moranbah North","facility_layer":"coal_mines","facility_km":0.37,"notes":["also reported by SRON"]}},{"type":"Feature","geometry":{"type":"Point","coordinates":[148.59326,-23.04752]},"properties":{"plume_id":"imeo:130bce2f-c531-4d7b-8fce-bec06d579be8","provider":"UNEP IMEO","instrument":"EMIT - NASA","datetime_utc":"2023-11-28T23:44:58","emission_kg_hr":873.0,"uncertainty_kg_hr":303.0,"sector":"Coal","scene_id":"EMIT_L1B_RAD_001_20231128T234458_2333215_021","provider_url":"https://methanedata.unep.org/plumes","association":"none within 10 km","notes":["source AUS_S_006"]}},{"type":"Feature","geometry":{"type":"Point","coordinates":[148.56658,-23.04631]},"properties":{"plume_id":"imeo:13de55e0-5614-46ce-ab1a-0c80164aeb2f","provider":"UNEP IMEO","instrument":"PRISMA - ASI","datetime_utc":"2024-07-18T00:13:19","emission_kg_hr":435.0,"uncertainty_kg_hr":205.0,"sector":"Coal","scene_id":"PRS_L1_STD_OFFL_20240718001319_20240718001323_0001","provider_url":"https://methanedata.unep.org/plumes","nearest_name":"Oaky Creek","nearest_layer":"coal_mines","nearest_km":8.37,"association":"low","facility_name":"Oaky Creek","facility_layer":"coal_mines","facility_km":8.37,"notes":["source AUS_S_024"]}},{"type":"Feature","geometry":{"type":"Point","coordinates":[150.57836,-34.24827]},"properties":{"plume_id":"imeo:140eb46c-df37-4a91-8026-0511482ee3eb","provider":"UNEP IMEO","instrument":"EMIT - NASA","datetime_utc":"2025-11-05T22:41:56","emission_kg_hr":431.0,"uncertainty_kg_hr":93.0,"sector":"Coal","scene_id":"EMIT_L1B_RAD_001_20251105T224156_2530915_033","provider_url":"https://methanedata.unep.org/plumes","nearest_name":"Tahmoor","nearest_layer":"gas_plants","nearest_km":0.11,"association":"high","facility_name":"Tahmoor","facility_layer":"gas_plants","facility_km":0.11,"notes":["source AUS_S_057","also reported by UNEP IMEO"]}},{"type":"Feature","geometry":{"type":"Point","coordinates":[148.24902,-21.97255]},"properties":{"plume_id":"imeo:1489caee-f70d-4a25-947e-8a61b97b10f7","provider":"UNEP IMEO","instrument":"EMIT - NASA","datetime_utc":"2024-07-21T02:42:34","emission_kg_hr":1488.0,"uncertainty_kg_hr":554.0,"sector":"Coal","scene_id":"EMIT_L1B_RAD_001_20240721T024234_2420301_009","provider_url":"https://methanedata.unep.org/plumes","nearest_name":"Carborough Downs","nearest_layer":"coal_mines","nearest_km":4.78,"association":"low","facility_name":"Carborough Downs","facility_layer":"coal_mines","facility_km":4.78,"notes":["source AUS_S_116"]}},{"type":"Feature","geometry":{"type":"Point","coordinates":[148.32297,-23.29948]},"properties":{"plume_id":"imeo:14d03fff-9a0f-4808-bb83-c2d20f1e0828","provider":"UNEP IMEO","instrument":"PRISMA - ASI","datetime_utc":"2024-08-22T00:16:38","emission_kg_hr":1050.0,"uncertainty_kg_hr":333.0,"sector":"Coal","scene_id":"PRS_L1_STD_OFFL_20240822001638_20240822001642_0001","provider_url":"https://methanedata.unep.org/plumes","nearest_name":"Kestrel","nearest_layer":"coal_mines","nearest_km":7.99,"association":"low","facility_name":"Kestrel","facility_layer":"coal_mines","facility_km":7.99,"notes":["source AUS_S_007"]}},{"type":"Feature","geometry":{"type":"Point","coordinates":[150.72,-34.18144]},"properties":{"plume_id":"imeo:15b9d61b-b3b6-4500-ad41-0b0c5676a27d","provider":"UNEP IMEO","instrument":"EnMAP - DLR","datetime_utc":"2023-08-08T00:35:32","emission_kg_hr":3090.0,"uncertainty_kg_hr":887.0,"sector":"Coal","scene_id":"ENMAP01-____L1B-DT0000032359_20230808T003532Z_018_V010502_20250417T022344Z","provider_url":"https://methanedata.unep.org/plumes","nearest_name":"Tower","nearest_layer":"gas_plants","nearest_km":4.21,"association":"low","facility_name":"Tower","facility_layer":"gas_plants","facility_km":4.21,"notes":["source AUS_S_014"]}},{"type":"Feature","geometry":{"type":"Point","coordinates":[148.32297,-23.29948]},"properties":{"plume_id":"imeo:161df081-0ac5-4235-b954-a4b8eaafc6e3","provider":"UNEP IMEO","instrument":"EMIT - NASA","datetime_utc":"2023-05-05T00:44:44","emission_kg_hr":3101.0,"uncertainty_kg_hr":943.0,"sector":"Coal","scene_id":"EMIT_L1B_RAD_001_20230505T004444_2312416_007","provider_url":"https://methanedata.unep.org/plumes","nearest_name":"Kestrel","nearest_layer":"coal_mines","nearest_km":7.99,"association":"low","facility_name":"Kestrel","facility_layer":"coal_mines","facility_km":7.99,"notes":["source AUS_S_007"]}},{"type":"Feature","geometry":{"type":"Point","coordinates":[151.46083,-33.11434]},"properties":{"plume_id":"imeo:1704f7c8-bff2-4f81-b06a-7a29a2a997bc","provider":"UNEP IMEO","instrument":"EMIT - NASA","datetime_utc":"2025-11-22T23:43:27","emission_kg_hr":1754.0,"uncertainty_kg_hr":334.0,"sector":"Coal","scene_id":"EMIT_L1B_RAD_001_20251122T234327_2532615_013","provider_url":"https://methanedata.unep.org/plumes","nearest_name":"Mandalong","nearest_layer":"coal_mines","nearest_km":0.39,"association":"high","facility_name":"Mandalong","facility_layer":"coal_mines","facility_km":0.39,"notes":["source AUS_S_008"]}},{"type":"Feature","geometry":{"type":"Point","coordinates":[148.0713,-23.1315]},"properties":{"plume_id":"imeo:170c19e2-7baa-4d92-bae6-162ea28dcbda","provider":"UNEP IMEO","instrument":"Sentinel-5P/TROPOMI - ESA","datetime_utc":"2023-08-16T00:00:00","emission_kg_hr":47202.0,"sector":"Coal","provider_url":"https://methanedata.unep.org/plumes","association":"none within 10 km"}},{"type":"Feature","geometry":{"type":"Point","coordinates":[150.72,-34.18144]},"properties":{"plume_id":"imeo:1881854b-252a-4faf-9c9e-4f055cf395b4","provider":"UNEP IMEO","instrument":"EnMAP - DLR","datetime_utc":"2024-01-13T00:33:03","emission_kg_hr":1967.0,"uncertainty_kg_hr":592.0,"sector":"Coal","scene_id":"ENMAP01-____L1B-DT0000058166_20240113T003303Z_012_V010502_20250410T162918Z","provider_url":"https://methanedata.unep.org/plumes","nearest_name":"Tower","nearest_layer":"gas_plants","nearest_km":4.21,"association":"low","facility_name":"Tower","facility_layer":"gas_plants","facility_km":4.21,"notes":["source AUS_S_014"]}},{"type":"Feature","geometry":{"type":"Point","coordinates":[112.71145,-7.52715]},"properties":{"plume_id":"imeo:18cc7a98-68c9-44ad-aa08-bd1859d1080b","provider":"UNEP IMEO","instrument":"EMIT - NASA","datetime_utc":"2024-01-04T01:34:45","emission_kg_hr":273.0,"uncertainty_kg_hr":112.0,"sector":"Other","scene_id":"EMIT_L1B_RAD_001_20240104T013445_2400401_003","provider_url":"https://methanedata.unep.org/plumes","association":"none within 10 km","notes":["source IDN_S_004"]}},{"type":"Feature","geometry":{"type":"Point","coordinates":[148.32297,-23.29948]},"properties":{"plume_id":"imeo:1a356664-694e-4264-9762-f4aa6fe9e9d5","provider":"UNEP IMEO","instrument":"PRISMA - ASI","datetime_utc":"2024-09-20T00:16:34","emission_kg_hr":1579.0,"uncertainty_kg_hr":584.0,"sector":"Coal","scene_id":"PRS_L1_STD_OFFL_20240920001634_20240920001638_0001","provider_url":"https://methanedata.unep.org/plumes","nearest_name":"Kestrel","nearest_layer":"coal_mines","nearest_km":7.99,"association":"low","facility_name":"Kestrel","facility_layer":"coal_mines","facility_km":7.99,"notes":["source AUS_S_007"]}},{"type":"Feature","geometry":{"type":"Point","coordinates":[148.14,-21.13]},"properties":{"plume_id":"imeo:1a8aab6a-569b-41a7-bdc5-6ba19161995c","provider":"UNEP IMEO","instrument":"Sentinel-5P/TROPOMI - ESA","datetime_utc":"2025-08-25T03:47:18","emission_kg_hr":15000.0,"uncertainty_kg_hr":6000.0,"sector":"Coal","scene_id":"S5P_OFFL_L2__CH4____20250825T030634_20250825T044804_40757_03_020800_20250826T190120","provider_url":"https://methanedata.unep.org/plumes","association":"none within 10 km","notes":["also reported by SRON"]}},{"type":"Feature","geometry":{"type":"Point","coordinates":[148.58,-23.09]},"properties":{"plume_id":"imeo:1b15aa0e-e34e-4eb2-83b9-901a627b9442","provider":"UNEP IMEO","instrument":"Sentinel-5P/TROPOMI - ESA","datetime_utc":"2025-06-11T03:51:47","emission_kg_hr":11000.0,"uncertainty_kg_hr":6000.0,"sector":"Coal","scene_id":"S5P_OFFL_L2__CH4____20250611T031521_20250611T045651_39693_03_020800_20250613T062947","provider_url":"https://methanedata.unep.org/plumes","nearest_name":"Oaky Creek","nearest_layer":"coal_mines","nearest_km":9.67,"association":"low","facility_name":"Oaky Creek","facility_layer":"coal_mines","facility_km":9.67,"notes":["also reported by SRON"]}},{"type":"Feature","geometry":{"type":"Point","coordinates":[148.26,-21.96]},"properties":{"plume_id":"imeo:1b7e5b96-7db1-41a7-92ad-31f05970f10a","provider":"UNEP IMEO","instrument":"Sentinel-5P/TROPOMI - ESA","datetime_utc":"2024-11-09T04:01:55","emission_kg_hr":9000.0,"uncertainty_kg_hr":4000.0,"sector":"Coal","scene_id":"S5P_OFFL_L2__CH4____20241109T031322_20241109T045451_36657_03_020701_20241112T151452","provider_url":"https://methanedata.unep.org/plumes","nearest_name":"Carborough Downs","nearest_layer":"coal_mines","nearest_km":5.34,"association":"low","facility_name":"Carborough Downs","facility_layer":"coal_mines","facility_km":5.34}},{"type":"Feature","geometry":{"type":"Point","coordinates":[148.01,-21.89]},"properties":{"plume_id":"imeo:1bf89bad-818a-4866-8dbe-f2fb607c35b1","provider":"UNEP IMEO","instrument":"Sentinel-5P/TROPOMI - ESA","datetime_utc":"2024-10-20T03:37:27","emission_kg_hr":10000.0,"uncertainty_kg_hr":6000.0,"sector":"Coal","scene_id":"S5P_OFFL_L2__CH4____20241020T025031_20241020T043200_36373_03_020701_20241021T185237","provider_url":"https://methanedata.unep.org/plumes","nearest_name":"Grosvenor","nearest_layer":"coal_mines","nearest_km":2.58,"association":"medium","facility_name":"Grosvenor","facility_layer":"coal_mines","facility_km":2.58}},{"type":"Feature","geometry":{"type":"Point","coordinates":[148.02381,-21.96771]},"properties":{"plume_id":"imeo:1d9f72ff-a5dc-4398-94d6-03ea39c60f7a","provider":"UNEP IMEO","instrument":"EnMAP - DLR","datetime_utc":"2024-07-21T00:54:10","emission_kg_hr":3161.0,"uncertainty_kg_hr":1234.0,"sector":"Coal","scene_id":"ENMAP01-____L1B-DT0000083436_20240721T005410Z_008_V010502_20250410T132041Z","provider_url":"https://methanedata.unep.org/plumes","nearest_name":"Moranbah","nearest_layer":"gas_plants","nearest_km":1.93,"association":"medium","facility_name":"Moranbah","facility_layer":"gas_plants","facility_km":1.93,"notes":["source AUS_S_050"]}},{"type":"Feature","geometry":{"type":"Point","coordinates":[150.96371,-34.20237]},"properties":{"plume_id":"imeo:1dd9494b-9bd8-4939-8a42-c84bea9c55e8","provider":"UNEP IMEO","instrument":"EMIT - NASA","datetime_utc":"2026-02-24T03:06:11","sector":"Coal","scene_id":"EMIT_L1B_RAD_001_20260224T030611_2605502_044","provider_url":"https://methanedata.unep.org/plumes","nearest_name":"Metropolitan","nearest_layer":"coal_mines","nearest_km":3.1,"association":"low","facility_name":"Metropolitan","facility_layer":"coal_mines","facility_km":3.1,"notes":["source AUS_S_001"]}},{"type":"Feature","geometry":{"type":"Point","coordinates":[149.9689,-24.6508]},"properties":{"plume_id":"imeo:1e15ae4d-48bf-4dba-8905-87225415c0e8","provider":"UNEP IMEO","instrument":"Sentinel-5P/TROPOMI - ESA","datetime_utc":"2024-06-04T00:00:00","emission_kg_hr":5420.0,"sector":"Coal","provider_url":"https://methanedata.unep.org/plumes","nearest_name":"Dawson","nearest_layer":"coal_mines","nearest_km":9.88,"association":"low","facility_name":"Dawson","facility_layer":"coal_mines","facility_km":9.88}},{"type":"Feature","geometry":{"type":"Point","coordinates":[151.07529,-32.47055]},"properties":{"plume_id":"imeo:1e30e06c-5cfa-4e36-8801-2ceea76ced46","provider":"UNEP IMEO","instrument":"EMIT - NASA","datetime_utc":"2024-09-02T00:48:49","emission_kg_hr":1970.0,"uncertainty_kg_hr":812.0,"sector":"Coal","scene_id":"EMIT_L1B_RAD_001_20240902T004849_2424516_047","provider_url":"https://methanedata.unep.org/plumes","nearest_name":"Ashton","nearest_layer":"coal_mines","nearest_km":0.55,"association":"high","facility_name":"Ashton","facility_layer":"coal_mines","facility_km":0.55,"notes":["source AUS_S_043"]}},{"type":"Feature","geometry":{"type":"Point","coordinates":[148.91,-25.82]},"properties":{"plume_id":"imeo:1e5cda53-76b8-4e6d-9f1e-092f0a4f4f73","provider":"UNEP IMEO","instrument":"Sentinel-5P/TROPOMI - ESA","datetime_utc":"2024-06-19T03:42:28","emission_kg_hr":8000.0,"uncertainty_kg_hr":7000.0,"sector":"Oil and Gas","scene_id":"S5P_OFFL_L2__CH4____20240619T030637_20240619T044807_34628_03_020600_20240620T190425","provider_url":"https://methanedata.unep.org/plumes","nearest_name":"Comet Ridge to Wallumbilla Trunkline","nearest_layer":"pipelines_gas","nearest_km":0.61,"association":"linear-only"}},{"type":"Feature","geometry":{"type":"Point","coordinates":[150.03,-24.64]},"properties":{"plume_id":"imeo:1f349517-aa5a-49ca-a706-c60b4f34054b","provider":"UNEP IMEO","instrument":"Sentinel-5P/TROPOMI - ESA","datetime_utc":"2025-07-13T03:51:58","emission_kg_hr":6000.0,"uncertainty_kg_hr":3000.0,"sector":"Oil and Gas","scene_id":"S5P_OFFL_L2__CH4____20250713T031529_20250713T045658_40147_03_020800_20250714T191242","provider_url":"https://methanedata.unep.org/plumes","nearest_name":"Dawson","nearest_layer":"coal_mines","nearest_km":3.91,"association":"low","facility_name":"Dawson","facility_layer":"coal_mines","facility_km":3.91,"notes":["also reported by SRON"]}},{"type":"Feature","geometry":{"type":"Point","coordinates":[150.60399,-34.24458]},"properties":{"plume_id":"imeo:1f7a23d8-d890-4bd6-a9f8-09bed575686e","provider":"UNEP IMEO","instrument":"EnMAP - DLR","datetime_utc":"2023-08-12T00:38:53","emission_kg_hr":1224.0,"uncertainty_kg_hr":415.0,"sector":"Coal","scene_id":"ENMAP01-____L1B-DT0000032471_20230812T003853Z_018_V010502_20250410T153042Z","provider_url":"https://methanedata.unep.org/plumes","nearest_name":"Tahmoor","nearest_layer":"coal_mines","nearest_km":2.36,"association":"medium","facility_name":"Tahmoor","facility_layer":"coal_mines","facility_km":2.36,"notes":["source AUS_S_015"]}},{"type":"Feature","geometry":{"type":"Point","coordinates":[151.46083,-33.11434]},"properties":{"plume_id":"imeo:2140f2c3-b11e-4462-9c3e-ad05e58d694d","provider":"UNEP IMEO","instrument":"EnMAP - DLR","datetime_utc":"2024-07-20T00:31:58","emission_kg_hr":5597.0,"uncertainty_kg_hr":2488.0,"sector":"Coal","scene_id":"ENMAP01-____L1B-DT0000083300_20240720T003158Z_016_V010502_20250923T004103Z","provider_url":"https://methanedata.unep.org/plumes","nearest_name":"Mandalong","nearest_layer":"coal_mines","nearest_km":0.39,"association":"high","facility_name":"Mandalong","facility_layer":"coal_mines","facility_km":0.39,"notes":["source AUS_S_008"]}},{"type":"Feature","geometry":{"type":"Point","coordinates":[150.58178,-34.24862]},"properties":{"plume_id":"imeo:21c04ba2-30c3-45c7-b45e-dffc8f32d0f4","provider":"UNEP IMEO","instrument":"EMIT - NASA","datetime_utc":"2024-02-25T04:11:08","emission_kg_hr":1022.0,"uncertainty_kg_hr":235.0,"sector":"Coal","scene_id":"EMIT_L1B_RAD_001_20240225T041108_2405603_042","provider_url":"https://methanedata.unep.org/plumes","nearest_name":"Tahmoor","nearest_layer":"coal_mines","nearest_km":0.32,"association":"high","facility_name":"Tahmoor","facility_layer":"coal_mines","facility_km":0.32,"notes":["source AUS_S_058"]}},{"type":"Feature","geometry":{"type":"Point","coordinates":[150.72,-34.18144]},"properties":{"plume_id":"imeo:236c7c92-7716-4db6-884d-a4d0832a4c9f","provider":"UNEP IMEO","instrument":"EMIT - NASA","datetime_utc":"2024-02-25T04:11:08","emission_kg_hr":2079.0,"uncertainty_kg_hr":439.0,"sector":"Coal","scene_id":"EMIT_L1B_RAD_001_20240225T041108_2405603_042","provider_url":"https://methanedata.unep.org/plumes","nearest_name":"Tower","nearest_layer":"gas_plants","nearest_km":4.21,"association":"low","facility_name":"Tower","facility_layer":"gas_plants","facility_km":4.21,"notes":["source AUS_S_014"]}},{"type":"Feature","geometry":{"type":"Point","coordinates":[151.07529,-32.47055]},"properties":{"plume_id":"imeo:24a10699-cc91-4cf7-82d5-4e2ee1617975","provider":"UNEP IMEO","instrument":"EnMAP - DLR","datetime_utc":"2024-09-20T00:38:51","emission_kg_hr":904.0,"uncertainty_kg_hr":362.0,"sector":"Coal","scene_id":"ENMAP01-____L1B-DT0000093262_20240920T003851Z_005_V010402_20240926T235404Z","provider_url":"https://methanedata.unep.org/plumes","nearest_name":"Ashton","nearest_layer":"coal_mines","nearest_km":0.55,"association":"high","facility_name":"Ashton","facility_layer":"coal_mines","facility_km":0.55,"notes":["source AUS_S_043"]}},{"type":"Feature","geometry":{"type":"Point","coordinates":[148.32756,-23.32355]},"properties":{"plume_id":"imeo:2527301e-5d84-468c-9145-ee50fd14563b","provider":"UNEP IMEO","instrument":"EMIT - NASA","datetime_utc":"2024-12-26T02:44:12","emission_kg_hr":120.0,"uncertainty_kg_hr":147.0,"sector":"Coal","scene_id":"EMIT_L1B_RAD_001_20241226T024412_2436102_045","provider_url":"https://methanedata.unep.org/plumes","association":"none within 10 km","notes":["source AUS_S_092"]}},{"type":"Feature","geometry":{"type":"Point","coordinates":[148.58093,-22.98808]},"properties":{"plume_id":"imeo:2534930e-ce83-4b23-81c5-5f5c5cd1d686","provider":"UNEP IMEO","instrument":"PRISMA - ASI","datetime_utc":"2024-08-22T00:16:29","emission_kg_hr":970.0,"uncertainty_kg_hr":313.0,"sector":"Coal","scene_id":"PRS_L1_STD_OFFL_20240822001629_20240822001634_0001","provider_url":"https://methanedata.unep.org/plumes","nearest_name":"Aquila-Capcoal","nearest_layer":"coal_mines","nearest_km":7.08,"association":"low","facility_name":"Aquila-Capcoal","facility_layer":"coal_mines","facility_km":7.08,"notes":["source AUS_S_089"]}},{"type":"Feature","geometry":{"type":"Point","coordinates":[148.61079,-22.97398]},"properties":{"plume_id":"imeo:25cd1d3b-9b08-4d23-a7b1-68141cac8adf","provider":"UNEP IMEO","instrument":"EMIT - NASA","datetime_utc":"2023-05-05T00:44:44","emission_kg_hr":2293.0,"uncertainty_kg_hr":722.0,"sector":"Coal","scene_id":"EMIT_L1B_RAD_001_20230505T004444_2312416_007","provider_url":"https://methanedata.unep.org/plumes","nearest_name":"Aquila-Capcoal","nearest_layer":"coal_mines","nearest_km":7.57,"association":"low","facility_name":"Aquila-Capcoal","facility_layer":"coal_mines","facility_km":7.57,"notes":["source AUS_S_041"]}},{"type":"Feature","geometry":{"type":"Point","coordinates":[147.65,-21.14]},"properties":{"plume_id":"imeo:26c38d16-5742-4f36-8665-debd30b401ad","provider":"UNEP IMEO","instrument":"Sentinel-5P/TROPOMI - ESA","datetime_utc":"2024-09-23T03:43:50","emission_kg_hr":14000.0,"uncertainty_kg_hr":6000.0,"sector":"Coal","scene_id":"S5P_OFFL_L2__CH4____20240923T025957_20240923T044126_35990_03_020701_20240924T183431","provider_url":"https://methanedata.unep.org/plumes","association":"none within 10 km"}},{"type":"Feature","geometry":{"type":"Point","coordinates":[148.16168,-21.73445]},"properties":{"plume_id":"imeo:272bed7d-477b-4b5d-a548-d6fd020277b2","provider":"UNEP IMEO","instrument":"EMIT - NASA","datetime_utc":"2026-05-22T01:30:50","emission_kg_hr":1316.0,"uncertainty_kg_hr":522.0,"sector":"Coal","scene_id":"EMIT_L1B_RAD_001_20260522T013050_2614201_004","provider_url":"https://methanedata.unep.org/plumes","nearest_name":"Ironbark No 1","nearest_layer":"coal_mines","nearest_km":0.31,"association":"high","facility_name":"Ironbark No 1","facility_layer":"coal_mines","facility_km":0.31,"notes":["source AUS_S_191"]}},{"type":"Feature","geometry":{"type":"Point","coordinates":[149.8754,-30.5172]},"properties":{"plume_id":"imeo:273d9028-f1c1-4e76-922a-227af61cd06b","provider":"UNEP IMEO","instrument":"EnMAP - DLR","datetime_utc":"2026-05-15T00:45:52","emission_kg_hr":637.0,"uncertainty_kg_hr":208.0,"sector":"Coal","scene_id":"ENMAP01-____L1B-DT0000194831_20260515T004552Z_002_V010506_20260516T014642Z","provider_url":"https://methanedata.unep.org/plumes","nearest_name":"Narrabri","nearest_layer":"coal_mines","nearest_km":1.87,"association":"medium","facility_name":"Narrabri","facility_layer":"coal_mines","facility_km":1.87,"notes":["source AUS_S_193"]}},{"type":"Feature","geometry":{"type":"Point","coordinates":[151.24,-32.71]},"properties":{"plume_id":"imeo:27b9340a-1515-4837-90d2-ef83dbba847f","provider":"UNEP IMEO","instrument":"Sentinel-5P/TROPOMI - ESA","datetime_utc":"2025-11-18T03:51:25","emission_kg_hr":33000.0,"uncertainty_kg_hr":13000.0,"sector":"Coal","scene_id":"S5P_OFFL_L2__CH4____20251118T030459_20251118T044628_41963_03_020800_20251119T205245","provider_url":"https://methanedata.unep.org/plumes","association":"none within 10 km","notes":["also reported by SRON"]}},{"type":"Feature","geometry":{"type":"Point","coordinates":[148.32297,-23.29948]},"properties":{"plume_id":"imeo:28e4476c-188f-4ca7-be6b-ca87c7cc5f4b","provider":"UNEP IMEO","instrument":"PRISMA - ASI","datetime_utc":"2025-04-11T00:16:39","emission_kg_hr":2501.0,"uncertainty_kg_hr":1006.0,"sector":"Coal","scene_id":"PRS_L1_STD_OFFL_20250411001639_20250411001643_0001","provider_url":"https://methanedata.unep.org/plumes","nearest_name":"Kestrel","nearest_layer":"coal_mines","nearest_km":7.99,"association":"low","facility_name":"Kestrel","facility_layer":"coal_mines","facility_km":7.99,"notes":["source AUS_S_007"]}},{"type":"Feature","geometry":{"type":"Point","coordinates":[150.82421,-34.21989]},"properties":{"plume_id":"imeo:2935b82b-0c45-4ae2-bdd1-58cd6ea9245d","provider":"UNEP IMEO","instrument":"EMIT - NASA","datetime_utc":"2026-02-24T03:06:11","emission_kg_hr":1541.0,"uncertainty_kg_hr":425.0,"sector":"Coal","scene_id":"EMIT_L1B_RAD_001_20260224T030611_2605502_044","provider_url":"https://methanedata.unep.org/plumes","nearest_name":"Appin","nearest_layer":"coal_mines","nearest_km":3.01,"association":"low","facility_name":"Appin","facility_layer":"coal_mines","facility_km":3.01,"notes":["source AUS_S_016"]}},{"type":"Feature","geometry":{"type":"Point","coordinates":[150.60399,-34.24458]},"properties":{"plume_id":"imeo:29c377d1-6633-4b1e-ba4b-ae89ed474fe8","provider":"UNEP IMEO","instrument":"EMIT - NASA","datetime_utc":"2024-02-25T04:11:08","emission_kg_hr":3886.0,"uncertainty_kg_hr":863.0,"sector":"Coal","scene_id":"EMIT_L1B_RAD_001_20240225T041108_2405603_042","provider_url":"https://methanedata.unep.org/plumes","nearest_name":"Tahmoor","nearest_layer":"coal_mines","nearest_km":2.36,"association":"medium","facility_name":"Tahmoor","facility_layer":"coal_mines","facility_km":2.36,"notes":["source AUS_S_015"]}},{"type":"Feature","geometry":{"type":"Point","coordinates":[151.57045,-33.06432]},"properties":{"plume_id":"imeo:29f98687-579f-40bf-9c6d-6be61ef3c1cb","provider":"UNEP IMEO","instrument":"EMIT - NASA","datetime_utc":"2025-11-19T01:16:49","emission_kg_hr":578.0,"uncertainty_kg_hr":193.0,"sector":"Coal","scene_id":"EMIT_L1B_RAD_001_20251119T011649_2532301_014","provider_url":"https://methanedata.unep.org/plumes","nearest_name":"Myuna","nearest_layer":"coal_mines","nearest_km":0.3,"association":"high","facility_name":"Myuna","facility_layer":"coal_mines","facility_km":0.3,"notes":["source AUS_S_004"]}},{"type":"Feature","geometry":{"type":"Point","coordinates":[150.75601,-33.86703]},"properties":{"plume_id":"imeo:2bcee6a3-8b95-4004-8362-2aca0ca3c263","provider":"UNEP IMEO","instrument":"EnMAP - DLR","datetime_utc":"2024-01-13T00:32:59","emission_kg_hr":415.0,"uncertainty_kg_hr":140.0,"sector":"Waste","scene_id":"ENMAP01-____L1B-DT0000058166_20240113T003259Z_011_V010502_20250325T145346Z","provider_url":"https://methanedata.unep.org/plumes","nearest_name":"NSW Border to Sydney","nearest_layer":"pipelines_gas","nearest_km":6.6,"association":"linear-only","notes":["source AUS_S_213"]}},{"type":"Feature","geometry":{"type":"Point","coordinates":[150.60399,-34.24458]},"properties":{"plume_id":"imeo:2c9b8b91-d935-4d9f-9178-094a08c400b7","provider":"UNEP IMEO","instrument":"EMIT - NASA","datetime_utc":"2024-11-05T23:14:32","emission_kg_hr":2490.0,"uncertainty_kg_hr":637.0,"sector":"Coal","scene_id":"EMIT_L1B_RAD_001_20241105T231432_2431015_039","provider_url":"https://methanedata.unep.org/plumes","nearest_name":"Tahmoor","nearest_layer":"coal_mines","nearest_km":2.36,"association":"medium","facility_name":"Tahmoor","facility_layer":"coal_mines","facility_km":2.36,"notes":["source AUS_S_015"]}},{"type":"Feature","geometry":{"type":"Point","coordinates":[151.11148,-32.7083]},"properties":{"plume_id":"imeo:2cb19e20-e34a-445c-b03b-abea512dfe4e","provider":"UNEP IMEO","instrument":"EnMAP - DLR","datetime_utc":"2025-09-13T00:21:25","emission_kg_hr":629.0,"uncertainty_kg_hr":137.0,"sector":"Coal","scene_id":"ENMAP01-____L1B-DT0000152458_20250913T002125Z_002_V010502_20250918T133423Z","provider_url":"https://methanedata.unep.org/plumes","nearest_name":"Bulga","nearest_layer":"coal_mines","nearest_km":2.38,"association":"medium","facility_name":"Bulga","facility_layer":"coal_mines","facility_km":2.38,"notes":["source AUS_S_197"]}},{"type":"Feature","geometry":{"type":"Point","coordinates":[151.07529,-32.47055]},"properties":{"plume_id":"imeo:2d5cb200-251f-4f08-b232-9fa4185bc6d9","provider":"UNEP IMEO","instrument":"EnMAP - DLR","datetime_utc":"2024-04-15T00:42:26","emission_kg_hr":415.0,"uncertainty_kg_hr":126.0,"sector":"Coal","scene_id":"ENMAP01-____L1B-DT0000069141_20240415T004226Z_010_V010502_20250411T131247Z","provider_url":"https://methanedata.unep.org/plumes","nearest_name":"Ashton","nearest_layer":"coal_mines","nearest_km":0.55,"association":"high","facility_name":"Ashton","facility_layer":"coal_mines","facility_km":0.55,"notes":["source AUS_S_043"]}},{"type":"Feature","geometry":{"type":"Point","coordinates":[148.59326,-23.04752]},"properties":{"plume_id":"imeo:2de8ef4d-e1de-40c0-9157-dc7ac082dc65","provider":"UNEP IMEO","instrument":"EMIT - NASA","datetime_utc":"2023-05-05T00:44:44","emission_kg_hr":816.0,"uncertainty_kg_hr":278.0,"sector":"Coal","scene_id":"EMIT_L1B_RAD_001_20230505T004444_2312416_007","provider_url":"https://methanedata.unep.org/plumes","association":"none within 10 km","notes":["source AUS_S_006"]}},{"type":"Feature","geometry":{"type":"Point","coordinates":[148.26032,-21.99396]},"properties":{"plume_id":"imeo:2df30f6f-4f9f-4dd8-b80d-f29f1b8daf16","provider":"UNEP IMEO","instrument":"EMIT - NASA","datetime_utc":"2025-01-23T01:04:14","emission_kg_hr":471.0,"uncertainty_kg_hr":162.0,"sector":"Coal","scene_id":"EMIT_L1B_RAD_001_20250123T010414_2502216_028","provider_url":"https://methanedata.unep.org/plumes","nearest_name":"Poitrel","nearest_layer":"coal_mines","nearest_km":5.87,"association":"low","facility_name":"Poitrel","facility_layer":"coal_mines","facility_km":5.87,"notes":["source AUS_S_115"]}},{"type":"Feature","geometry":{"type":"Point","coordinates":[147.43,-21.62]},"properties":{"plume_id":"imeo:2e4e5fed-e941-4d35-8d08-efe516c3355b","provider":"UNEP IMEO","instrument":"Sentinel-5P/TROPOMI - ESA","datetime_utc":"2025-10-18T03:34:43","emission_kg_hr":22000.0,"uncertainty_kg_hr":11000.0,"sector":"Coal","scene_id":"S5P_OFFL_L2__CH4____20251018T024751_20251018T042920_41523_03_020800_20251019T184806","provider_url":"https://methanedata.unep.org/plumes","association":"none within 10 km","notes":["also reported by SRON"]}},{"type":"Feature","geometry":{"type":"Point","coordinates":[150.72,-34.18144]},"properties":{"plume_id":"imeo:2e5b0630-0b98-4d96-a886-913ccc42d9dc","provider":"UNEP IMEO","instrument":"EMIT - NASA","datetime_utc":"2026-02-24T03:06:11","sector":"Coal","scene_id":"EMIT_L1B_RAD_001_20260224T030611_2605502_044","provider_url":"https://methanedata.unep.org/plumes","nearest_name":"Tower","nearest_layer":"gas_plants","nearest_km":4.21,"association":"low","facility_name":"Tower","facility_layer":"gas_plants","facility_km":4.21,"notes":["source AUS_S_014"]}},{"type":"Feature","geometry":{"type":"Point","coordinates":[150.96371,-34.20237]},"properties":{"plume_id":"imeo:2ed8e324-5fbc-46ed-b541-92e306b6184c","provider":"UNEP IMEO","instrument":"EMIT - NASA","datetime_utc":"2025-01-04T23:28:16","emission_kg_hr":1180.0,"uncertainty_kg_hr":309.0,"sector":"Coal","scene_id":"EMIT_L1B_RAD_001_20250104T232816_2500415_042","provider_url":"https://methanedata.unep.org/plumes","nearest_name":"Metropolitan","nearest_layer":"coal_mines","nearest_km":3.1,"association":"low","facility_name":"Metropolitan","facility_layer":"coal_mines","facility_km":3.1,"notes":["source AUS_S_001"]}},{"type":"Feature","geometry":{"type":"Point","coordinates":[148.59326,-23.04752]},"properties":{"plume_id":"imeo:2f356a99-529b-4c8d-88f0-9a18d61d32cc","provider":"UNEP IMEO","instrument":"EMIT - NASA","datetime_utc":"2025-12-20T04:31:23","emission_kg_hr":883.0,"uncertainty_kg_hr":283.0,"sector":"Coal","scene_id":"EMIT_L1B_RAD_001_20251220T043123_2535403_044","provider_url":"https://methanedata.unep.org/plumes","association":"none within 10 km","notes":["source AUS_S_006"]}},{"type":"Feature","geometry":{"type":"Point","coordinates":[148.02174,-21.87776]},"properties":{"plume_id":"imeo:2f459b25-8e82-4fad-a7d7-6dbb824c5d2c","provider":"UNEP IMEO","instrument":"EMIT - NASA","datetime_utc":"2024-12-30T01:05:44","emission_kg_hr":387.0,"uncertainty_kg_hr":111.0,"sector":"Coal","scene_id":"EMIT_L1B_RAD_001_20241230T010544_2436501_027","provider_url":"https://methanedata.unep.org/plumes","nearest_name":"Grosvenor","nearest_layer":"coal_mines","nearest_km":3.04,"association":"low","facility_name":"Grosvenor","facility_layer":"coal_mines","facility_km":3.04,"notes":["source AUS_S_029"]}},{"type":"Feature","geometry":{"type":"Point","coordinates":[147.99512,-21.88795]},"properties":{"plume_id":"imeo:2f71ebc6-1d82-416a-908b-70a49a334018","provider":"UNEP IMEO","instrument":"PRISMA - ASI","datetime_utc":"2024-08-23T00:32:49","emission_kg_hr":601.0,"uncertainty_kg_hr":262.0,"sector":"Coal","scene_id":"PRS_L1_STD_OFFL_20240823003249_20240823003253_0001","provider_url":"https://methanedata.unep.org/plumes","nearest_name":"Grosvenor","nearest_layer":"coal_mines","nearest_km":1.65,"association":"medium","facility_name":"Grosvenor","facility_layer":"coal_mines","facility_km":1.65,"notes":["source AUS_S_028"]}},{"type":"Feature","geometry":{"type":"Point","coordinates":[147.93,-21.89]},"properties":{"plume_id":"imeo:2ff9863b-bc0b-4753-a35d-1c6ccb0102cb","provider":"UNEP IMEO","instrument":"Sentinel-5P/TROPOMI - ESA","datetime_utc":"2024-06-24T03:49:57","emission_kg_hr":20000.0,"uncertainty_kg_hr":10000.0,"sector":"Coal","scene_id":"S5P_OFFL_L2__CH4____20240624T031300_20240624T045430_34699_03_020600_20240625T190508","provider_url":"https://methanedata.unep.org/plumes","nearest_name":"Moranbah North","nearest_layer":"coal_mines","nearest_km":3.45,"association":"low","facility_name":"Moranbah North","facility_layer":"coal_mines","facility_km":3.45}},{"type":"Feature","geometry":{"type":"Point","coordinates":[148.47,-21.82]},"properties":{"plume_id":"imeo:3049c6d8-7ba1-4e21-99e5-98f5ce30eff5","provider":"UNEP IMEO","instrument":"Sentinel-5P/TROPOMI - ESA","datetime_utc":"2026-05-30T03:40:52","emission_kg_hr":23000.0,"uncertainty_kg_hr":10000.0,"sector":"Coal","scene_id":"S5P_OFFL_L2__CH4____20260530T030330_20260530T044500_44701_03_020901_20260531T190356","provider_url":"https://methanedata.unep.org/plumes","nearest_name":"Coppabella","nearest_layer":"coal_mines","nearest_km":5.19,"association":"low","facility_name":"Coppabella","facility_layer":"coal_mines","facility_km":5.19,"notes":["also reported by SRON"]}},{"type":"Feature","geometry":{"type":"Point","coordinates":[148.03363,-21.94734]},"properties":{"plume_id":"imeo:326fdac2-575a-469e-a41b-d4e0f011ce1e","provider":"UNEP IMEO","instrument":"PRISMA - ASI","datetime_utc":"2024-04-28T00:16:13","emission_kg_hr":955.0,"uncertainty_kg_hr":488.0,"sector":"Coal","scene_id":"PRS_L1_STD_OFFL_20240428001613_20240428001617_0001","provider_url":"https://methanedata.unep.org/plumes","nearest_name":"Moranbah","nearest_layer":"gas_plants","nearest_km":3.31,"association":"low","facility_name":"Moranbah","facility_layer":"gas_plants","facility_km":3.31,"notes":["source AUS_S_196"]}},{"type":"Feature","geometry":{"type":"Point","coordinates":[149.8754,-30.5172]},"properties":{"plume_id":"imeo:32e4688a-c894-4c51-9551-1110bb265509","provider":"UNEP IMEO","instrument":"EMIT - NASA","datetime_utc":"2026-03-13T04:25:41","emission_kg_hr":1261.0,"uncertainty_kg_hr":389.0,"sector":"Coal","scene_id":"EMIT_L1B_RAD_001_20260313T042541_2607203_018","provider_url":"https://methanedata.unep.org/plumes","nearest_name":"Narrabri","nearest_layer":"coal_mines","nearest_km":1.87,"association":"medium","facility_name":"Narrabri","facility_layer":"coal_mines","facility_km":1.87,"notes":["source AUS_S_193"]}},{"type":"Feature","geometry":{"type":"Point","coordinates":[150.76425,-34.38507]},"properties":{"plume_id":"imeo:33244907-29ca-465f-849b-e2ee54ba762d","provider":"UNEP IMEO","instrument":"EMIT - NASA","datetime_utc":"2025-11-05T22:41:56","emission_kg_hr":294.0,"uncertainty_kg_hr":44.0,"sector":"Coal","scene_id":"EMIT_L1B_RAD_001_20251105T224156_2530915_033","provider_url":"https://methanedata.unep.org/plumes","nearest_name":"Dendrobium","nearest_layer":"coal_mines","nearest_km":6.63,"association":"low","facility_name":"Dendrobium","facility_layer":"coal_mines","facility_km":6.63,"notes":["source AUS_S_003"]}},{"type":"Feature","geometry":{"type":"Point","coordinates":[150.72,-34.18144]},"properties":{"plume_id":"imeo:341e83f8-ceea-4f87-afe4-4d0adbedb5a0","provider":"UNEP IMEO","instrument":"EnMAP - DLR","datetime_utc":"2024-04-15T00:42:52","emission_kg_hr":2659.0,"uncertainty_kg_hr":359.0,"sector":"Coal","scene_id":"ENMAP01-____L1B-DT0000069141_20240415T004252Z_016_V010402_20240425T113454Z","provider_url":"https://methanedata.unep.org/plumes","nearest_name":"Tower","nearest_layer":"gas_plants","nearest_km":4.21,"association":"low","facility_name":"Tower","facility_layer":"gas_plants","facility_km":4.21,"notes":["source AUS_S_014"]}},{"type":"Feature","geometry":{"type":"Point","coordinates":[148.24902,-21.97255]},"properties":{"plume_id":"imeo:3440162c-8bf5-424d-9bd2-167a18fa1cbb","provider":"UNEP IMEO","instrument":"EMIT - NASA","datetime_utc":"2025-05-18T03:32:25","emission_kg_hr":782.0,"uncertainty_kg_hr":239.0,"sector":"Coal","scene_id":"EMIT_L1B_RAD_001_20250518T033225_2513803_004","provider_url":"https://methanedata.unep.org/plumes","nearest_name":"Carborough Downs","nearest_layer":"coal_mines","nearest_km":4.78,"association":"low","facility_name":"Carborough Downs","facility_layer":"coal_mines","facility_km":4.78,"notes":["source AUS_S_116"]}},{"type":"Feature","geometry":{"type":"Point","coordinates":[151.42,-33.15]},"properties":{"plume_id":"imeo:34948fe1-95d5-43eb-beef-7e640c1e0d74","provider":"UNEP IMEO","instrument":"Sentinel-5P/TROPOMI - ESA","datetime_utc":"2026-01-09T04:17:54","emission_kg_hr":64000.0,"uncertainty_kg_hr":26000.0,"sector":"Coal","scene_id":"S5P_OFFL_L2__CH4____20260109T033101_20260109T051231_42701_03_020901_20260110T194540","provider_url":"https://methanedata.unep.org/plumes","nearest_name":"Mandalong","nearest_layer":"coal_mines","nearest_km":5.31,"association":"low","facility_name":"Mandalong","facility_layer":"coal_mines","facility_km":5.31,"notes":["also reported by SRON"]}},{"type":"Feature","geometry":{"type":"Point","coordinates":[151.46083,-33.11434]},"properties":{"plume_id":"imeo:352555ff-98ee-47df-820c-4ff8b3a37430","provider":"UNEP IMEO","instrument":"EnMAP - DLR","datetime_utc":"2024-05-27T00:31:48","emission_kg_hr":1996.0,"uncertainty_kg_hr":495.0,"sector":"Coal","scene_id":"ENMAP01-____L1B-DT0000075796_20240527T003148Z_018_V010502_20250921T163820Z","provider_url":"https://methanedata.unep.org/plumes","nearest_name":"Mandalong","nearest_layer":"coal_mines","nearest_km":0.39,"association":"high","facility_name":"Mandalong","facility_layer":"coal_mines","facility_km":0.39,"notes":["source AUS_S_008"]}},{"type":"Feature","geometry":{"type":"Point","coordinates":[150.60399,-34.24458]},"properties":{"plume_id":"imeo:35931ce9-76e9-4e83-8ea2-e7cc8eaf8f73","provider":"UNEP IMEO","instrument":"EMIT - NASA","datetime_utc":"2025-11-05T22:41:56","emission_kg_hr":1048.0,"uncertainty_kg_hr":185.0,"sector":"Coal","scene_id":"EMIT_L1B_RAD_001_20251105T224156_2530915_033","provider_url":"https://methanedata.unep.org/plumes","nearest_name":"Tahmoor","nearest_layer":"coal_mines","nearest_km":2.36,"association":"medium","facility_name":"Tahmoor","facility_layer":"coal_mines","facility_km":2.36,"notes":["source AUS_S_015"]}},{"type":"Feature","geometry":{"type":"Point","coordinates":[148.4,-22.18]},"properties":{"plume_id":"imeo:361aa55c-7a15-4174-af2c-844f5cf66b01","provider":"UNEP IMEO","instrument":"Sentinel-5P/TROPOMI - ESA","datetime_utc":"2025-10-23T03:40:49","emission_kg_hr":26000.0,"uncertainty_kg_hr":15000.0,"sector":"Coal","scene_id":"S5P_OFFL_L2__CH4____20251023T025336_20251023T043505_41594_03_020800_20251024T190327","provider_url":"https://methanedata.unep.org/plumes","nearest_name":"Olive Downs","nearest_layer":"coal_mines","nearest_km":4.53,"association":"low","facility_name":"Olive Downs","facility_layer":"coal_mines","facility_km":4.53,"notes":["also reported by SRON"]}},{"type":"Feature","geometry":{"type":"Point","coordinates":[150.72,-34.18144]},"properties":{"plume_id":"imeo:363ed616-a22c-41c9-9ff2-9568dc4fcb01","provider":"UNEP IMEO","instrument":"EnMAP - DLR","datetime_utc":"2024-09-20T00:39:18","emission_kg_hr":3409.0,"uncertainty_kg_hr":1170.0,"sector":"Coal","scene_id":"ENMAP01-____L1B-DT0000093262_20240920T003918Z_011_V010402_20240927T000420Z","provider_url":"https://methanedata.unep.org/plumes","nearest_name":"Tower","nearest_layer":"gas_plants","nearest_km":4.21,"association":"low","facility_name":"Tower","facility_layer":"gas_plants","facility_km":4.21,"notes":["source AUS_S_014"]}},{"type":"Feature","geometry":{"type":"Point","coordinates":[150.72,-34.18144]},"properties":{"plume_id":"imeo:36a2cb84-b691-4234-bda2-3e5f955b785d","provider":"UNEP IMEO","instrument":"EnMAP - DLR","datetime_utc":"2023-06-07T00:28:56","emission_kg_hr":1842.0,"uncertainty_kg_hr":533.0,"sector":"Coal","scene_id":"ENMAP01-____L1B-DT0000020904_20230607T002856Z_009_V010502_20250417T025417Z","provider_url":"https://methanedata.unep.org/plumes","nearest_name":"Tower","nearest_layer":"gas_plants","nearest_km":4.21,"association":"low","facility_name":"Tower","facility_layer":"gas_plants","facility_km":4.21,"notes":["source AUS_S_014"]}},{"type":"Feature","geometry":{"type":"Point","coordinates":[150.09,-24.43]},"properties":{"plume_id":"imeo:36e018d7-b80c-4715-909b-67f85ca66df1","provider":"UNEP IMEO","instrument":"Sentinel-5P/TROPOMI - ESA","datetime_utc":"2024-06-08T03:48:50","emission_kg_hr":11000.0,"uncertainty_kg_hr":4000.0,"sector":"Oil and Gas","scene_id":"S5P_OFFL_L2__CH4____20240608T031241_20240608T045410_34472_03_020600_20240612T205512","provider_url":"https://methanedata.unep.org/plumes","nearest_name":"Fairview to Gladstone GLNG Transmission Pipeline","nearest_layer":"pipelines_gas","nearest_km":7.39,"association":"linear-only"}},{"type":"Feature","geometry":{"type":"Point","coordinates":[151.00974,-32.55983]},"properties":{"plume_id":"imeo:37a0aa51-dc20-4bb4-9af5-3fea12d850d3","provider":"UNEP IMEO","instrument":"EMIT - NASA","datetime_utc":"2024-09-02T00:48:49","emission_kg_hr":2781.0,"uncertainty_kg_hr":1110.0,"sector":"Coal","scene_id":"EMIT_L1B_RAD_001_20240902T004849_2424516_047","provider_url":"https://methanedata.unep.org/plumes","nearest_name":"United-Wambo","nearest_layer":"coal_mines","nearest_km":0.18,"association":"high","facility_name":"United-Wambo","facility_layer":"coal_mines","facility_km":0.18,"notes":["source AUS_S_117"]}},{"type":"Feature","geometry":{"type":"Point","coordinates":[148.36,-23.54]},"properties":{"plume_id":"imeo:37d5aa3b-563f-438a-a022-2bed0eb06d10","provider":"UNEP IMEO","instrument":"Sentinel-5P/TROPOMI - ESA","datetime_utc":"2025-09-26T03:46:46","emission_kg_hr":17000.0,"uncertainty_kg_hr":6000.0,"sector":"Coal","scene_id":"S5P_OFFL_L2__CH4____20250926T030315_20250926T044444_41211_03_020800_20250927T190418","provider_url":"https://methanedata.unep.org/plumes","association":"none within 10 km","notes":["also reported by SRON"]}},{"type":"Feature","geometry":{"type":"Point","coordinates":[148.53776,-22.98053]},"properties":{"plume_id":"imeo:37e659dd-a8be-4643-b016-766b0f90360a","provider":"UNEP IMEO","instrument":"PRISMA - ASI","datetime_utc":"2024-08-22T00:16:29","emission_kg_hr":157.0,"uncertainty_kg_hr":116.0,"sector":"Coal","scene_id":"PRS_L1_STD_OFFL_20240822001629_20240822001634_0001","provider_url":"https://methanedata.unep.org/plumes","nearest_name":"German Creek","nearest_layer":"gas_plants","nearest_km":5.87,"association":"low","facility_name":"German Creek","facility_layer":"gas_plants","facility_km":5.87,"notes":["source AUS_S_079"]}},{"type":"Feature","geometry":{"type":"Point","coordinates":[112.71145,-7.52715]},"properties":{"plume_id":"imeo:381df9a2-719d-46cb-97f0-67d5a69c360d","provider":"UNEP IMEO","instrument":"EnMAP - DLR","datetime_utc":"2024-09-15T03:18:52","emission_kg_hr":1354.0,"uncertainty_kg_hr":407.0,"sector":"Other","scene_id":"ENMAP01-____L1B-DT0000094072_20240915T031852Z_001_V010502_20250924T052608Z","provider_url":"https://methanedata.unep.org/plumes","association":"none within 10 km","notes":["source IDN_S_004"]}},{"type":"Feature","geometry":{"type":"Point","coordinates":[148.02174,-21.87776]},"properties":{"plume_id":"imeo:386c1beb-07e3-4ef6-ae54-0b0c08847e05","provider":"UNEP IMEO","instrument":"PRISMA - ASI","datetime_utc":"2022-11-06T00:22:56","emission_kg_hr":576.0,"uncertainty_kg_hr":334.0,"sector":"Coal","scene_id":"PRS_L1_STD_OFFL_20221106002256_20221106002300_0001","provider_url":"https://methanedata.unep.org/plumes","nearest_name":"Grosvenor","nearest_layer":"coal_mines","nearest_km":3.04,"association":"low","facility_name":"Grosvenor","facility_layer":"coal_mines","facility_km":3.04,"notes":["source AUS_S_029"]}},{"type":"Feature","geometry":{"type":"Point","coordinates":[148.41,-21.75]},"properties":{"plume_id":"imeo:3b82eebc-3b0e-4f95-afda-58ba6bd91d97","provider":"UNEP IMEO","instrument":"Sentinel-5P/TROPOMI - ESA","datetime_utc":"2024-09-02T03:37:07","emission_kg_hr":17000.0,"uncertainty_kg_hr":6000.0,"sector":"Coal","scene_id":"S5P_OFFL_L2__CH4____20240902T025535_20240902T043704_35692_03_020600_20240903T183351","provider_url":"https://methanedata.unep.org/plumes","nearest_name":"South Walker Creek","nearest_layer":"coal_mines","nearest_km":4.1,"association":"low","facility_name":"South Walker Creek","facility_layer":"coal_mines","facility_km":4.1}},{"type":"Feature","geometry":{"type":"Point","coordinates":[147.99512,-21.88795]},"properties":{"plume_id":"imeo:3b9cd44b-dea3-4d00-87c2-c078b8c14f1a","provider":"UNEP IMEO","instrument":"PRISMA - ASI","datetime_utc":"2022-11-06T00:22:56","emission_kg_hr":2204.0,"uncertainty_kg_hr":944.0,"sector":"Coal","scene_id":"PRS_L1_STD_OFFL_20221106002256_20221106002300_0001","provider_url":"https://methanedata.unep.org/plumes","nearest_name":"Grosvenor","nearest_layer":"coal_mines","nearest_km":1.65,"association":"medium","facility_name":"Grosvenor","facility_layer":"coal_mines","facility_km":1.65,"notes":["source AUS_S_028"]}},{"type":"Feature","geometry":{"type":"Point","coordinates":[151.57,-33.15115]},"properties":{"plume_id":"imeo:3bf846f5-36b1-4bc1-832e-84a3bd9d1435","provider":"UNEP IMEO","instrument":"EMIT - NASA","datetime_utc":"2023-09-19T02:52:13","emission_kg_hr":3994.0,"uncertainty_kg_hr":1167.0,"sector":"Coal","scene_id":"EMIT_L1B_RAD_001_20230919T025213_2326201_007","provider_url":"https://methanedata.unep.org/plumes","nearest_name":"Chain Valley","nearest_layer":"coal_mines","nearest_km":2.28,"association":"medium","facility_name":"Chain Valley","facility_layer":"coal_mines","facility_km":2.28,"notes":["source AUS_S_083"]}},{"type":"Feature","geometry":{"type":"Point","coordinates":[112.71145,-7.52715]},"properties":{"plume_id":"imeo:3c9ef086-2f83-49da-86e1-c0b2e158d86b","provider":"UNEP IMEO","instrument":"EMIT - NASA","datetime_utc":"2025-05-18T06:43:00","emission_kg_hr":1940.0,"uncertainty_kg_hr":653.0,"sector":"Other","scene_id":"EMIT_L1B_RAD_001_20250518T064300_2513805_004","provider_url":"https://methanedata.unep.org/plumes","association":"none within 10 km","notes":["source IDN_S_004"]}},{"type":"Feature","geometry":{"type":"Point","coordinates":[151.57,-33.15115]},"properties":{"plume_id":"imeo:3e513bfc-d521-427d-a39e-aaa85ab3cff1","provider":"UNEP IMEO","instrument":"EMIT - NASA","datetime_utc":"2024-09-23T00:23:42","emission_kg_hr":711.0,"uncertainty_kg_hr":192.0,"sector":"Coal","scene_id":"EMIT_L1B_RAD_001_20240923T002342_2426615_013","provider_url":"https://methanedata.unep.org/plumes","nearest_name":"Chain Valley","nearest_layer":"coal_mines","nearest_km":2.28,"association":"medium","facility_name":"Chain Valley","facility_layer":"coal_mines","facility_km":2.28,"notes":["source AUS_S_083"]}},{"type":"Feature","geometry":{"type":"Point","coordinates":[148.35,-21.77]},"properties":{"plume_id":"imeo:40418a00-3f20-4729-b2b7-8f17fdc56c05","provider":"UNEP IMEO","instrument":"Sentinel-5P/TROPOMI - ESA","datetime_utc":"2024-06-09T03:30:59","emission_kg_hr":37000.0,"uncertainty_kg_hr":13000.0,"sector":"Coal","scene_id":"S5P_OFFL_L2__CH4____20240609T025341_20240609T043511_34486_03_020600_20240613T102711","provider_url":"https://methanedata.unep.org/plumes","nearest_name":"South Walker Creek","nearest_layer":"coal_mines","nearest_km":9.59,"association":"low","facility_name":"South Walker Creek","facility_layer":"coal_mines","facility_km":9.59}},{"type":"Feature","geometry":{"type":"Point","coordinates":[151.57,-33.15115]},"properties":{"plume_id":"imeo:4046de95-b6c9-43ab-8b95-59a2779764ba","provider":"UNEP IMEO","instrument":"EMIT - NASA","datetime_utc":"2024-08-29T02:22:31","emission_kg_hr":2457.0,"uncertainty_kg_hr":463.0,"sector":"Coal","scene_id":"EMIT_L1B_RAD_001_20240829T022231_2424201_059","provider_url":"https://methanedata.unep.org/plumes","nearest_name":"Chain Valley","nearest_layer":"coal_mines","nearest_km":2.28,"association":"medium","facility_name":"Chain Valley","facility_layer":"coal_mines","facility_km":2.28,"notes":["source AUS_S_083"]}},{"type":"Feature","geometry":{"type":"Point","coordinates":[148.58253,-22.98772]},"properties":{"plume_id":"imeo:406a6a80-31e5-4ba6-9193-754c9d9d9c42","provider":"UNEP IMEO","instrument":"EMIT - NASA","datetime_utc":"2023-01-19T04:02:23","emission_kg_hr":5683.0,"uncertainty_kg_hr":1717.0,"sector":"Coal","scene_id":"EMIT_L1B_RAD_001_20230119T040223_2301902_019","provider_url":"https://methanedata.unep.org/plumes","nearest_name":"Aquila-Capcoal","nearest_layer":"coal_mines","nearest_km":7.11,"association":"low","facility_name":"Aquila-Capcoal","facility_layer":"coal_mines","facility_km":7.11,"notes":["source AUS_S_013"]}},{"type":"Feature","geometry":{"type":"Point","coordinates":[148.62,-23.93]},"properties":{"plume_id":"imeo:406b13db-c7bb-46d6-8d3a-7a67ed234a43","provider":"UNEP IMEO","instrument":"Sentinel-5P/TROPOMI - ESA","datetime_utc":"2024-09-13T03:30:27","emission_kg_hr":31000.0,"uncertainty_kg_hr":12000.0,"sector":"Coal","scene_id":"S5P_OFFL_L2__CH4____20240913T024813_20240913T042942_35848_03_020701_20240915T083651","provider_url":"https://methanedata.unep.org/plumes","association":"none within 10 km"}},{"type":"Feature","geometry":{"type":"Point","coordinates":[150.75601,-33.86703]},"properties":{"plume_id":"imeo:4099c962-9eb4-4d22-adc9-a093348ba9b4","provider":"UNEP IMEO","instrument":"EMIT - NASA","datetime_utc":"2025-11-22T23:43:16","emission_kg_hr":2180.0,"uncertainty_kg_hr":580.0,"sector":"Waste","scene_id":"EMIT_L1B_RAD_001_20251122T234316_2532615_012","provider_url":"https://methanedata.unep.org/plumes","nearest_name":"NSW Border to Sydney","nearest_layer":"pipelines_gas","nearest_km":6.6,"association":"linear-only","notes":["source AUS_S_213"]}},{"type":"Feature","geometry":{"type":"Point","coordinates":[151.08977,-32.42731]},"properties":{"plume_id":"imeo:40c674d0-5408-4d0d-a475-93d072e2258c","provider":"UNEP IMEO","instrument":"EnMAP - DLR","datetime_utc":"2024-09-20T00:38:51","emission_kg_hr":446.0,"uncertainty_kg_hr":246.0,"sector":"Coal","scene_id":"ENMAP01-____L1B-DT0000093262_20240920T003851Z_005_V010402_20240926T235404Z","provider_url":"https://methanedata.unep.org/plumes","nearest_name":"Ravensworth East","nearest_layer":"coal_mines","nearest_km":2.84,"association":"medium","facility_name":"Ravensworth East","facility_layer":"coal_mines","facility_km":2.84,"notes":["source AUS_S_023"]}},{"type":"Feature","geometry":{"type":"Point","coordinates":[150.72,-34.18144]},"properties":{"plume_id":"imeo:4157a31d-922a-4569-9ceb-ea1053c368dd","provider":"UNEP IMEO","instrument":"EnMAP - DLR","datetime_utc":"2024-12-25T00:28:57","emission_kg_hr":1611.0,"uncertainty_kg_hr":407.0,"sector":"Coal","scene_id":"ENMAP01-____L1B-DT0000107875_20241225T002857Z_012_V010502_20250103T002130Z","provider_url":"https://methanedata.unep.org/plumes","nearest_name":"Tower","nearest_layer":"gas_plants","nearest_km":4.21,"association":"low","facility_name":"Tower","facility_layer":"gas_plants","facility_km":4.21,"notes":["source AUS_S_014"]}},{"type":"Feature","geometry":{"type":"Point","coordinates":[150.11,-24.75]},"properties":{"plume_id":"imeo:42d9ff82-b611-4391-bbd0-ab26528f6d52","provider":"UNEP IMEO","instrument":"Sentinel-5P/TROPOMI - ESA","datetime_utc":"2025-07-08T03:45:34","emission_kg_hr":24000.0,"uncertainty_kg_hr":8000.0,"sector":"Coal","scene_id":"S5P_OFFL_L2__CH4____20250708T030915_20250708T045044_40076_03_020800_20250709T190509","provider_url":"https://methanedata.unep.org/plumes","nearest_name":"Dawson's Valley Lateral","nearest_layer":"pipelines_gas","nearest_km":8.87,"association":"linear-only","notes":["also reported by SRON"]}},{"type":"Feature","geometry":{"type":"Point","coordinates":[148.59326,-23.04752]},"properties":{"plume_id":"imeo:430e7cde-0c9a-43e8-8ccc-4c6bf101b609","provider":"UNEP IMEO","instrument":"EMIT - NASA","datetime_utc":"2025-07-14T04:51:08","emission_kg_hr":299.0,"uncertainty_kg_hr":66.0,"sector":"Coal","scene_id":"EMIT_L1B_RAD_001_20250714T045108_2519504_014","provider_url":"https://methanedata.unep.org/plumes","association":"none within 10 km","notes":["source AUS_S_006"]}},{"type":"Feature","geometry":{"type":"Point","coordinates":[150.77088,-34.20724]},"properties":{"plume_id":"imeo:431a25d7-6042-4e92-9cd2-cdb81553cb56","provider":"UNEP IMEO","instrument":"EnMAP - DLR","datetime_utc":"2026-06-03T00:39:37","emission_kg_hr":1021.0,"uncertainty_kg_hr":373.0,"sector":"Coal","scene_id":"ENMAP01-____L1B-DT0000198761_20260603T003937Z_001_V010506_20260604T011840Z","provider_url":"https://methanedata.unep.org/plumes","nearest_name":"Appin","nearest_layer":"gas_plants","nearest_km":2.05,"association":"medium","facility_name":"Appin","facility_layer":"gas_plants","facility_km":2.05,"notes":["source AUS_S_010"]}},{"type":"Feature","geometry":{"type":"Point","coordinates":[150.60399,-34.24458]},"properties":{"plume_id":"imeo:4347adf9-0dd9-430e-9aa7-bd2e83d6b933","provider":"UNEP IMEO","instrument":"EnMAP - DLR","datetime_utc":"2024-04-26T00:28:45","emission_kg_hr":1959.0,"uncertainty_kg_hr":579.0,"sector":"Coal","scene_id":"ENMAP01-____L1B-DT0000070704_20240426T002845Z_017_V010502_20250410T155300Z","provider_url":"https://methanedata.unep.org/plumes","nearest_name":"Tahmoor","nearest_layer":"coal_mines","nearest_km":2.36,"association":"medium","facility_name":"Tahmoor","facility_layer":"coal_mines","facility_km":2.36,"notes":["source AUS_S_015"]}},{"type":"Feature","geometry":{"type":"Point","coordinates":[148.59571,-22.98019]},"properties":{"plume_id":"imeo:44dcddd0-a748-4ea5-95db-50883654e4d9","provider":"UNEP IMEO","instrument":"PRISMA - ASI","datetime_utc":"2021-10-31T00:23:21","emission_kg_hr":2583.0,"uncertainty_kg_hr":1011.0,"sector":"Coal","scene_id":"PRS_L1_STD_OFFL_20211031002321_20211031002325_0001","provider_url":"https://methanedata.unep.org/plumes","nearest_name":"Aquila-Capcoal","nearest_layer":"coal_mines","nearest_km":7.04,"association":"low","facility_name":"Aquila-Capcoal","facility_layer":"coal_mines","facility_km":7.04,"notes":["source AUS_S_042"]}},{"type":"Feature","geometry":{"type":"Point","coordinates":[151.46083,-33.11434]},"properties":{"plume_id":"imeo:45869f30-1e7f-4e6a-a5b9-a17e5155b61c","provider":"UNEP IMEO","instrument":"EMIT - NASA","datetime_utc":"2024-03-25T00:29:24","emission_kg_hr":1313.0,"uncertainty_kg_hr":142.0,"sector":"Coal","scene_id":"EMIT_L1B_RAD_001_20240325T002924_2408415_023","provider_url":"https://methanedata.unep.org/plumes","nearest_name":"Mandalong","nearest_layer":"coal_mines","nearest_km":0.39,"association":"high","facility_name":"Mandalong","facility_layer":"coal_mines","facility_km":0.39,"notes":["source AUS_S_008"]}},{"type":"Feature","geometry":{"type":"Point","coordinates":[148.32297,-23.29948]},"properties":{"plume_id":"imeo:4593bddd-10c2-49d8-9cc9-9079705f4b45","provider":"UNEP IMEO","instrument":"EMIT - NASA","datetime_utc":"2025-07-14T04:51:08","emission_kg_hr":2873.0,"uncertainty_kg_hr":484.0,"sector":"Coal","scene_id":"EMIT_L1B_RAD_001_20250714T045108_2519504_014","provider_url":"https://methanedata.unep.org/plumes","nearest_name":"Kestrel","nearest_layer":"coal_mines","nearest_km":7.99,"association":"low","facility_name":"Kestrel","facility_layer":"coal_mines","facility_km":7.99,"notes":["source AUS_S_007","also reported by UNEP IMEO"]}},{"type":"Feature","geometry":{"type":"Point","coordinates":[150.76871,-33.89054]},"properties":{"plume_id":"imeo:477a71a2-8654-41c6-af51-8d8fece1a964","provider":"UNEP IMEO","instrument":"EnMAP - DLR","datetime_utc":"2024-12-25T00:28:53","emission_kg_hr":514.0,"uncertainty_kg_hr":171.0,"sector":"Waste","scene_id":"ENMAP01-____L1B-DT0000107875_20241225T002853Z_011_V010502_20241228T063433Z","provider_url":"https://methanedata.unep.org/plumes","nearest_name":"NSW Border to Sydney","nearest_layer":"pipelines_gas","nearest_km":5.02,"association":"linear-only","notes":["source AUS_S_212"]}},{"type":"Feature","geometry":{"type":"Point","coordinates":[151.08977,-32.42731]},"properties":{"plume_id":"imeo:4a5fea8e-f2db-4870-b58b-1e249cce0acf","provider":"UNEP IMEO","instrument":"EnMAP - DLR","datetime_utc":"2023-09-27T00:32:17","emission_kg_hr":610.0,"uncertainty_kg_hr":252.0,"sector":"Coal","scene_id":"ENMAP01-____L1B-DT0000043975_20230927T003217Z_003_V010502_20250417T082141Z","provider_url":"https://methanedata.unep.org/plumes","nearest_name":"Ravensworth East","nearest_layer":"coal_mines","nearest_km":2.84,"association":"medium","facility_name":"Ravensworth East","facility_layer":"coal_mines","facility_km":2.84,"notes":["source AUS_S_023"]}},{"type":"Feature","geometry":{"type":"Point","coordinates":[147.96944,-21.65978]},"properties":{"plume_id":"imeo:4b245fda-57a5-46cb-8aad-20763f2b8d24","provider":"UNEP IMEO","instrument":"EMIT - NASA","datetime_utc":"2025-03-21T02:32:50","emission_kg_hr":838.0,"uncertainty_kg_hr":273.0,"sector":"Coal","scene_id":"EMIT_L1B_RAD_001_20250321T023250_2508002_004","provider_url":"https://methanedata.unep.org/plumes","nearest_name":"Centurion","nearest_layer":"coal_mines","nearest_km":1.54,"association":"medium","facility_name":"Centurion","facility_layer":"coal_mines","facility_km":1.54,"notes":["source AUS_S_104"]}},{"type":"Feature","geometry":{"type":"Point","coordinates":[147.96944,-21.65978]},"properties":{"plume_id":"imeo:4b886fd3-f86e-4808-bf3b-5234a3d3ba56","provider":"UNEP IMEO","instrument":"EMIT - NASA","datetime_utc":"2024-07-17T04:19:29","emission_kg_hr":531.0,"uncertainty_kg_hr":276.0,"sector":"Coal","scene_id":"EMIT_L1B_RAD_001_20240717T041929_2419902_021","provider_url":"https://methanedata.unep.org/plumes","nearest_name":"Centurion","nearest_layer":"coal_mines","nearest_km":1.54,"association":"medium","facility_name":"Centurion","facility_layer":"coal_mines","facility_km":1.54,"notes":["source AUS_S_104"]}},{"type":"Feature","geometry":{"type":"Point","coordinates":[148.34,-21.48]},"properties":{"plume_id":"imeo:4b946cee-c725-40fb-bc43-4cec57c453b8","provider":"UNEP IMEO","instrument":"Sentinel-5P/TROPOMI - ESA","datetime_utc":"2024-06-19T03:43:39","emission_kg_hr":14000.0,"uncertainty_kg_hr":6000.0,"sector":"Coal","scene_id":"S5P_OFFL_L2__CH4____20240619T030637_20240619T044807_34628_03_020600_20240620T190425","provider_url":"https://methanedata.unep.org/plumes","nearest_name":"Hail Creek","nearest_layer":"coal_mines","nearest_km":7.47,"association":"low","facility_name":"Hail Creek","facility_layer":"coal_mines","facility_km":7.47}},{"type":"Feature","geometry":{"type":"Point","coordinates":[148.4,-22.7]},"properties":{"plume_id":"imeo:4bc820f3-8a2d-4849-88c7-902a6941369e","provider":"UNEP IMEO","instrument":"Sentinel-5P/TROPOMI - ESA","datetime_utc":"2025-09-25T04:05:43","emission_kg_hr":15000.0,"uncertainty_kg_hr":8000.0,"sector":"Coal","scene_id":"S5P_OFFL_L2__CH4____20250925T032224_20250925T050353_41197_03_020800_20250926T192631","provider_url":"https://methanedata.unep.org/plumes","association":"none within 10 km","notes":["also reported by SRON"]}},{"type":"Feature","geometry":{"type":"Point","coordinates":[150.79894,-34.29165]},"properties":{"plume_id":"imeo:4cffe912-1665-4f1e-9b03-a7084eaba386","provider":"UNEP IMEO","instrument":"EMIT - NASA","datetime_utc":"2024-02-25T04:11:08","emission_kg_hr":1284.0,"uncertainty_kg_hr":349.0,"sector":"Coal","scene_id":"EMIT_L1B_RAD_001_20240225T041108_2405603_042","provider_url":"https://methanedata.unep.org/plumes","nearest_name":"Appin","nearest_layer":"coal_mines","nearest_km":8.9,"association":"low","facility_name":"Appin","facility_layer":"coal_mines","facility_km":8.9,"notes":["source AUS_S_002"]}},{"type":"Feature","geometry":{"type":"Point","coordinates":[148.58093,-22.98808]},"properties":{"plume_id":"imeo:4d3962ab-bf8a-47f2-b125-8c45b351eb42","provider":"UNEP IMEO","instrument":"EMIT - NASA","datetime_utc":"2025-07-14T04:51:08","emission_kg_hr":775.0,"uncertainty_kg_hr":108.0,"sector":"Coal","scene_id":"EMIT_L1B_RAD_001_20250714T045108_2519504_014","provider_url":"https://methanedata.unep.org/plumes","nearest_name":"Aquila-Capcoal","nearest_layer":"coal_mines","nearest_km":7.08,"association":"low","facility_name":"Aquila-Capcoal","facility_layer":"coal_mines","facility_km":7.08,"notes":["source AUS_S_089"]}},{"type":"Feature","geometry":{"type":"Point","coordinates":[151.07529,-32.47055]},"properties":{"plume_id":"imeo:4dade02d-98ce-4456-ad46-ee7d42b24977","provider":"UNEP IMEO","instrument":"EnMAP - DLR","datetime_utc":"2024-12-25T00:28:31","emission_kg_hr":1323.0,"uncertainty_kg_hr":194.0,"sector":"Coal","scene_id":"ENMAP01-____L1B-DT0000107875_20241225T002831Z_006_V010502_20250103T002224Z","provider_url":"https://methanedata.unep.org/plumes","nearest_name":"Ashton","nearest_layer":"coal_mines","nearest_km":0.55,"association":"high","facility_name":"Ashton","facility_layer":"coal_mines","facility_km":0.55,"notes":["source AUS_S_043"]}},{"type":"Feature","geometry":{"type":"Point","coordinates":[151.01,-32.54]},"properties":{"plume_id":"imeo:4e6b7a7a-7b01-4e14-a05c-44804e0b0e37","provider":"UNEP IMEO","instrument":"Sentinel-5P/TROPOMI - ESA","datetime_utc":"2026-05-09T03:30:52","emission_kg_hr":10000.0,"uncertainty_kg_hr":3000.0,"sector":"Coal","scene_id":"S5P_OFFL_L2__CH4____20260509T025510_20260509T043641_44403_03_020901_20260510T190501","provider_url":"https://methanedata.unep.org/plumes","nearest_name":"Hunter Valley Operations","nearest_layer":"coal_mines","nearest_km":1.87,"association":"medium","facility_name":"Hunter Valley Operations","facility_layer":"coal_mines","facility_km":1.87,"notes":["also reported by SRON"]}},{"type":"Feature","geometry":{"type":"Point","coordinates":[148.31613,-23.33093]},"properties":{"plume_id":"imeo:4ea39a06-2e1f-4050-9c99-5f04e641fd5e","provider":"UNEP IMEO","instrument":"EMIT - NASA","datetime_utc":"2023-01-23T02:25:56","emission_kg_hr":806.0,"uncertainty_kg_hr":238.0,"sector":"Coal","scene_id":"EMIT_L1B_RAD_001_20230123T022556_2302301_023","provider_url":"https://methanedata.unep.org/plumes","association":"none within 10 km","notes":["source AUS_S_037"]}},{"type":"Feature","geometry":{"type":"Point","coordinates":[148.89,-25.8]},"properties":{"plume_id":"imeo:4ef9477c-9e67-4b74-addf-7c467a99fd15","provider":"UNEP IMEO","instrument":"Sentinel-5P/TROPOMI - ESA","datetime_utc":"2025-06-12T03:32:24","emission_kg_hr":9000.0,"uncertainty_kg_hr":4000.0,"sector":"Oil and Gas","scene_id":"S5P_OFFL_L2__CH4____20250612T025621_20250612T043751_39707_03_020800_20250613T185902","provider_url":"https://methanedata.unep.org/plumes","nearest_name":"Comet Ridge to Wallumbilla Trunkline","nearest_layer":"pipelines_gas","nearest_km":2.07,"association":"linear-only","notes":["also reported by SRON"]}},{"type":"Feature","geometry":{"type":"Point","coordinates":[150.76871,-33.89054]},"properties":{"plume_id":"imeo:4fbcc70e-29dc-45fd-9da3-754e02216d17","provider":"UNEP IMEO","instrument":"EnMAP - DLR","datetime_utc":"2025-01-21T00:28:27","emission_kg_hr":701.0,"uncertainty_kg_hr":208.0,"sector":"Waste","scene_id":"ENMAP01-____L1B-DT0000112352_20250121T002827Z_006_V010502_20250417T022320Z","provider_url":"https://methanedata.unep.org/plumes","nearest_name":"NSW Border to Sydney","nearest_layer":"pipelines_gas","nearest_km":5.02,"association":"linear-only","notes":["source AUS_S_212"]}},{"type":"Feature","geometry":{"type":"Point","coordinates":[148.32,-21.52]},"properties":{"plume_id":"imeo:4fe57018-ad7b-42a8-846b-4745e5701ea3","provider":"UNEP IMEO","instrument":"Sentinel-5P/TROPOMI - ESA","datetime_utc":"2024-10-08T04:02:36","emission_kg_hr":12000.0,"uncertainty_kg_hr":8000.0,"sector":"Coal","scene_id":"S5P_OFFL_L2__CH4____20241008T031721_20241008T045851_36203_03_020701_20241011T110249","provider_url":"https://methanedata.unep.org/plumes","nearest_name":"Hail Creek","nearest_layer":"coal_mines","nearest_km":9.13,"association":"low","facility_name":"Hail Creek","facility_layer":"coal_mines","facility_km":9.13}},{"type":"Feature","geometry":{"type":"Point","coordinates":[115.22151,-8.72092]},"properties":{"plume_id":"imeo:501195f4-67b9-4838-a35d-edd8cf878be6","provider":"UNEP IMEO","instrument":"EMIT - NASA","datetime_utc":"2025-07-26T03:10:31","emission_kg_hr":5544.0,"uncertainty_kg_hr":2014.0,"sector":"Waste","scene_id":"EMIT_L1B_RAD_001_20250726T031031_2520702_002","provider_url":"https://methanedata.unep.org/plumes","association":"none within 10 km","notes":["source IDN_S_010"]}},{"type":"Feature","geometry":{"type":"Point","coordinates":[151.07529,-32.47055]},"properties":{"plume_id":"imeo:509d08aa-b016-4624-b325-b9601da42693","provider":"UNEP IMEO","instrument":"EnMAP - DLR","datetime_utc":"2025-10-22T00:32:00","emission_kg_hr":4085.0,"uncertainty_kg_hr":1769.0,"sector":"Coal","scene_id":"ENMAP01-____L1B-DT0000159627_20251022T003200Z_001_V010505_20251106T080215Z","provider_url":"https://methanedata.unep.org/plumes","nearest_name":"Ashton","nearest_layer":"coal_mines","nearest_km":0.55,"association":"high","facility_name":"Ashton","facility_layer":"coal_mines","facility_km":0.55,"notes":["source AUS_S_043"]}},{"type":"Feature","geometry":{"type":"Point","coordinates":[150.60399,-34.24458]},"properties":{"plume_id":"imeo:523cc9ce-ba08-424b-baa7-0d393463106c","provider":"UNEP IMEO","instrument":"EMIT - NASA","datetime_utc":"2024-09-23T00:23:19","emission_kg_hr":2677.0,"uncertainty_kg_hr":818.0,"sector":"Coal","scene_id":"EMIT_L1B_RAD_001_20240923T002319_2426615_011","provider_url":"https://methanedata.unep.org/plumes","nearest_name":"Tahmoor","nearest_layer":"coal_mines","nearest_km":2.36,"association":"medium","facility_name":"Tahmoor","facility_layer":"coal_mines","facility_km":2.36,"notes":["source AUS_S_015"]}},{"type":"Feature","geometry":{"type":"Point","coordinates":[150.9082,-32.5561]},"properties":{"plume_id":"imeo:5373e4c2-f203-4081-a3f0-f20511bc05ac","provider":"UNEP IMEO","instrument":"Sentinel-5P/TROPOMI - ESA","datetime_utc":"2023-02-05T00:00:00","emission_kg_hr":80742.0,"sector":"Coal","provider_url":"https://methanedata.unep.org/plumes","nearest_name":"Wambo","nearest_layer":"coal_mines","nearest_km":5.06,"association":"low","facility_name":"Wambo","facility_layer":"coal_mines","facility_km":5.06}},{"type":"Feature","geometry":{"type":"Point","coordinates":[151.57045,-33.06432]},"properties":{"plume_id":"imeo:54ab0583-ce07-414c-94b1-3405f64bb375","provider":"UNEP IMEO","instrument":"EnMAP - DLR","datetime_utc":"2024-05-27T00:31:48","emission_kg_hr":605.0,"uncertainty_kg_hr":181.0,"sector":"Coal","scene_id":"ENMAP01-____L1B-DT0000075796_20240527T003148Z_018_V010502_20250921T163820Z","provider_url":"https://methanedata.unep.org/plumes","nearest_name":"Myuna","nearest_layer":"coal_mines","nearest_km":0.3,"association":"high","facility_name":"Myuna","facility_layer":"coal_mines","facility_km":0.3,"notes":["source AUS_S_004"]}},{"type":"Feature","geometry":{"type":"Point","coordinates":[147.99512,-21.88795]},"properties":{"plume_id":"imeo:5501c8a0-a5eb-4e82-b4de-937295f6322a","provider":"UNEP IMEO","instrument":"EMIT - NASA","datetime_utc":"2026-05-18T03:04:52","emission_kg_hr":3837.0,"uncertainty_kg_hr":930.0,"sector":"Coal","scene_id":"EMIT_L1B_RAD_001_20260518T030452_2613802_005","provider_url":"https://methanedata.unep.org/plumes","nearest_name":"Grosvenor","nearest_layer":"coal_mines","nearest_km":1.65,"association":"medium","facility_name":"Grosvenor","facility_layer":"coal_mines","facility_km":1.65,"notes":["source AUS_S_028"]}},{"type":"Feature","geometry":{"type":"Point","coordinates":[148.59852,-23.05944]},"properties":{"plume_id":"imeo:55459286-6c37-420a-a18d-56ea8c698201","provider":"UNEP IMEO","instrument":"EMIT - NASA","datetime_utc":"2023-11-28T23:44:58","emission_kg_hr":544.0,"uncertainty_kg_hr":210.0,"sector":"Coal","scene_id":"EMIT_L1B_RAD_001_20231128T234458_2333215_021","provider_url":"https://methanedata.unep.org/plumes","association":"none within 10 km","notes":["source AUS_S_062"]}},{"type":"Feature","geometry":{"type":"Point","coordinates":[148.44,-22.4]},"properties":{"plume_id":"imeo:562cce4d-6ad3-4ac7-ba68-38168c9f6a6c","provider":"UNEP IMEO","instrument":"Sentinel-5P/TROPOMI - ESA","datetime_utc":"2025-10-01T03:53:21","emission_kg_hr":22000.0,"uncertainty_kg_hr":15000.0,"sector":"Coal","scene_id":"S5P_OFFL_L2__CH4____20251001T030900_20251001T045029_41282_03_020800_20251002T191108","provider_url":"https://methanedata.unep.org/plumes","nearest_name":"Lake Vermont","nearest_layer":"coal_mines","nearest_km":5.18,"association":"low","facility_name":"Lake Vermont","facility_layer":"coal_mines","facility_km":5.18,"notes":["also reported by SRON"]}},{"type":"Feature","geometry":{"type":"Point","coordinates":[151.07,-32.61]},"properties":{"plume_id":"imeo:56528c88-4047-4343-b0d8-6014e1272617","provider":"UNEP IMEO","instrument":"Sentinel-5P/TROPOMI - ESA","datetime_utc":"2025-09-30T04:09:07","emission_kg_hr":50000.0,"uncertainty_kg_hr":32000.0,"sector":"Coal","scene_id":"S5P_OFFL_L2__CH4____20250930T032809_20250930T050938_41268_03_020800_20251001T193359","provider_url":"https://methanedata.unep.org/plumes","nearest_name":"Warkworth","nearest_layer":"coal_mines","nearest_km":1.79,"association":"medium","facility_name":"Warkworth","facility_layer":"coal_mines","facility_km":1.79,"notes":["also reported by SRON"]}},{"type":"Feature","geometry":{"type":"Point","coordinates":[151.46083,-33.11434]},"properties":{"plume_id":"imeo:572de9d0-537a-4eb5-9fa5-a5e600b20c8e","provider":"UNEP IMEO","instrument":"EMIT - NASA","datetime_utc":"2024-09-19T01:58:11","emission_kg_hr":6346.0,"uncertainty_kg_hr":2376.0,"sector":"Coal","scene_id":"EMIT_L1B_RAD_001_20240919T015811_2426301_015","provider_url":"https://methanedata.unep.org/plumes","nearest_name":"Mandalong","nearest_layer":"coal_mines","nearest_km":0.39,"association":"high","facility_name":"Mandalong","facility_layer":"coal_mines","facility_km":0.39,"notes":["source AUS_S_008"]}},{"type":"Feature","geometry":{"type":"Point","coordinates":[148.94,-23.36]},"properties":{"plume_id":"imeo:57586a63-300d-4509-9c35-59c9b062d8c5","provider":"UNEP IMEO","instrument":"Sentinel-5P/TROPOMI - ESA","datetime_utc":"2024-06-13T03:55:32","emission_kg_hr":11000.0,"uncertainty_kg_hr":11000.0,"sector":"Coal","scene_id":"S5P_OFFL_L2__CH4____20240613T031911_20240613T050041_34543_03_020600_20240615T204842","provider_url":"https://methanedata.unep.org/plumes","nearest_name":"Jellinbah East","nearest_layer":"coal_mines","nearest_km":5.3,"association":"low","facility_name":"Jellinbah East","facility_layer":"coal_mines","facility_km":5.3}},{"type":"Feature","geometry":{"type":"Point","coordinates":[147.99512,-21.88795]},"properties":{"plume_id":"imeo:57614e17-4203-442e-a6d9-fb633b0aefde","provider":"UNEP IMEO","instrument":"PRISMA - ASI","datetime_utc":"2026-04-23T00:16:30","emission_kg_hr":3676.0,"uncertainty_kg_hr":1566.0,"sector":"Coal","scene_id":"PRS_L1_STD_OFFL_20260423001630_20260423001635_0001","provider_url":"https://methanedata.unep.org/plumes","nearest_name":"Grosvenor","nearest_layer":"coal_mines","nearest_km":1.65,"association":"medium","facility_name":"Grosvenor","facility_layer":"coal_mines","facility_km":1.65,"notes":["source AUS_S_028"]}},{"type":"Feature","geometry":{"type":"Point","coordinates":[147.99512,-21.88795]},"properties":{"plume_id":"imeo:5766bb23-a15f-4922-a114-074c41d765da","provider":"UNEP IMEO","instrument":"EMIT - NASA","datetime_utc":"2024-07-17T04:19:29","emission_kg_hr":3743.0,"uncertainty_kg_hr":1461.0,"sector":"Coal","scene_id":"EMIT_L1B_RAD_001_20240717T041929_2419902_021","provider_url":"https://methanedata.unep.org/plumes","nearest_name":"Grosvenor","nearest_layer":"coal_mines","nearest_km":1.65,"association":"medium","facility_name":"Grosvenor","facility_layer":"coal_mines","facility_km":1.65,"notes":["source AUS_S_028"]}},{"type":"Feature","geometry":{"type":"Point","coordinates":[147.99512,-21.88795]},"properties":{"plume_id":"imeo:5774e5a0-d2d2-4694-9675-084f6d5c0122","provider":"UNEP IMEO","instrument":"EMIT - NASA","datetime_utc":"2025-08-23T03:34:29","emission_kg_hr":2833.0,"uncertainty_kg_hr":1025.0,"sector":"Coal","scene_id":"EMIT_L1B_RAD_001_20250823T033429_2523502_042","provider_url":"https://methanedata.unep.org/plumes","nearest_name":"Grosvenor","nearest_layer":"coal_mines","nearest_km":1.65,"association":"medium","facility_name":"Grosvenor","facility_layer":"coal_mines","facility_km":1.65,"notes":["source AUS_S_028"]}},{"type":"Feature","geometry":{"type":"Point","coordinates":[151.41904,-33.161]},"properties":{"plume_id":"imeo:57d81901-7f87-4c69-8c4c-b1d057d7f99d","provider":"UNEP IMEO","instrument":"EMIT - NASA","datetime_utc":"2023-09-15T04:26:28","emission_kg_hr":2166.0,"uncertainty_kg_hr":663.0,"sector":"Coal","scene_id":"EMIT_L1B_RAD_001_20230915T042628_2325802_007","provider_url":"https://methanedata.unep.org/plumes","nearest_name":"Mandalong","nearest_layer":"coal_mines","nearest_km":6.25,"association":"low","facility_name":"Mandalong","facility_layer":"coal_mines","facility_km":6.25,"notes":["source AUS_S_084"]}},{"type":"Feature","geometry":{"type":"Point","coordinates":[150.87869,-34.21568]},"properties":{"plume_id":"imeo:598a936f-a169-4d79-a89d-674a32f6cba0","provider":"UNEP IMEO","instrument":"EnMAP - DLR","datetime_utc":"2026-04-02T00:32:33","emission_kg_hr":487.0,"uncertainty_kg_hr":155.0,"sector":"Coal","scene_id":"ENMAP01-____L1B-DT0000187258_20260402T003233Z_010_V010506_20260404T074639Z","provider_url":"https://methanedata.unep.org/plumes","nearest_name":"Appin","nearest_layer":"coal_mines","nearest_km":7.88,"association":"low","facility_name":"Appin","facility_layer":"coal_mines","facility_km":7.88,"notes":["source AUS_S_097"]}},{"type":"Feature","geometry":{"type":"Point","coordinates":[148.89513,-23.83204]},"properties":{"plume_id":"imeo:59a80e31-9a46-4215-87b2-0d1deca34e9a","provider":"UNEP IMEO","instrument":"EMIT - NASA","datetime_utc":"2024-10-31T00:55:10","emission_kg_hr":186.0,"uncertainty_kg_hr":141.0,"sector":"Coal","scene_id":"EMIT_L1B_RAD_001_20241031T005510_2430501_044","provider_url":"https://methanedata.unep.org/plumes","association":"none within 10 km","notes":["source AUS_S_114"]}},{"type":"Feature","geometry":{"type":"Point","coordinates":[148.53776,-22.98053]},"properties":{"plume_id":"imeo:59d5a98e-6666-4236-81f8-8dfdb2389e8b","provider":"UNEP IMEO","instrument":"PRISMA - ASI","datetime_utc":"2024-04-11T00:23:03","emission_kg_hr":0.0,"uncertainty_kg_hr":241.0,"sector":"Coal","scene_id":"PRS_L1_STD_OFFL_20240411002303_20240411002307_0001","provider_url":"https://methanedata.unep.org/plumes","nearest_name":"German Creek","nearest_layer":"gas_plants","nearest_km":5.87,"association":"low","facility_name":"German Creek","facility_layer":"gas_plants","facility_km":5.87,"notes":["source AUS_S_079"]}},{"type":"Feature","geometry":{"type":"Point","coordinates":[147.99512,-21.88795]},"properties":{"plume_id":"imeo:59fc268a-437e-4045-af6d-7eee30c3a590","provider":"UNEP IMEO","instrument":"EMIT - NASA","datetime_utc":"2025-09-16T03:38:22","emission_kg_hr":2230.0,"uncertainty_kg_hr":776.0,"sector":"Coal","scene_id":"EMIT_L1B_RAD_001_20250916T033822_2525903_027","provider_url":"https://methanedata.unep.org/plumes","nearest_name":"Grosvenor","nearest_layer":"coal_mines","nearest_km":1.65,"association":"medium","facility_name":"Grosvenor","facility_layer":"coal_mines","facility_km":1.65,"notes":["source AUS_S_028"]}},{"type":"Feature","geometry":{"type":"Point","coordinates":[147.96944,-21.65978]},"properties":{"plume_id":"imeo:5b697f2e-d944-4285-be03-a23454a557ab","provider":"UNEP IMEO","instrument":"EnMAP - DLR","datetime_utc":"2024-06-24T00:54:40","emission_kg_hr":270.0,"uncertainty_kg_hr":192.0,"sector":"Coal","scene_id":"ENMAP01-____L1B-DT0000080590_20240624T005440Z_013_V010502_20250410T135013Z","provider_url":"https://methanedata.unep.org/plumes","nearest_name":"Centurion","nearest_layer":"coal_mines","nearest_km":1.54,"association":"medium","facility_name":"Centurion","facility_layer":"coal_mines","facility_km":1.54,"notes":["source AUS_S_104"]}},{"type":"Feature","geometry":{"type":"Point","coordinates":[149.87569,-30.51663]},"properties":{"plume_id":"imeo:5d65207f-7257-4926-a872-0fda3f7b31d7","provider":"UNEP IMEO","instrument":"EMIT - NASA","datetime_utc":"2025-05-04T00:03:58","emission_kg_hr":341.0,"uncertainty_kg_hr":143.0,"sector":"Coal","scene_id":"EMIT_L1B_RAD_001_20250504T000358_2512315_040","provider_url":"https://methanedata.unep.org/plumes","nearest_name":"Narrabri","nearest_layer":"coal_mines","nearest_km":1.84,"association":"medium","facility_name":"Narrabri","facility_layer":"coal_mines","facility_km":1.84,"notes":["source AUS_S_194"]}},{"type":"Feature","geometry":{"type":"Point","coordinates":[150.77088,-34.20724]},"properties":{"plume_id":"imeo:5d7b8c35-f2a4-496c-a85f-c25a2bc621ca","provider":"UNEP IMEO","instrument":"EnMAP - DLR","datetime_utc":"2024-12-25T00:28:57","emission_kg_hr":942.0,"uncertainty_kg_hr":254.0,"sector":"Coal","scene_id":"ENMAP01-____L1B-DT0000107875_20241225T002857Z_012_V010502_20250103T002130Z","provider_url":"https://methanedata.unep.org/plumes","nearest_name":"Appin","nearest_layer":"gas_plants","nearest_km":2.05,"association":"medium","facility_name":"Appin","facility_layer":"gas_plants","facility_km":2.05,"notes":["source AUS_S_010"]}},{"type":"Feature","geometry":{"type":"Point","coordinates":[148.74,-25.42]},"properties":{"plume_id":"imeo:5e841a9e-9291-43dc-aeee-661bc76df597","provider":"UNEP IMEO","instrument":"Sentinel-5P/TROPOMI - ESA","datetime_utc":"2024-06-10T03:11:18","emission_kg_hr":42000.0,"uncertainty_kg_hr":22000.0,"sector":"Oil and Gas","scene_id":"S5P_OFFL_L2__CH4____20240610T023441_20240610T041611_34500_03_020600_20240614T022724","provider_url":"https://methanedata.unep.org/plumes","association":"none within 10 km"}},{"type":"Feature","geometry":{"type":"Point","coordinates":[148.36,-21.82]},"properties":{"plume_id":"imeo:5fafdcb3-fa90-49ee-b1ce-9640b7be2bc8","provider":"UNEP IMEO","instrument":"Sentinel-5P/TROPOMI - ESA","datetime_utc":"2024-08-31T04:14:42","emission_kg_hr":14000.0,"uncertainty_kg_hr":6000.0,"sector":"Coal","scene_id":"S5P_OFFL_L2__CH4____20240831T033354_20240831T051523_35664_03_020600_20240901T192918","provider_url":"https://methanedata.unep.org/plumes","nearest_name":"Coppabella","nearest_layer":"coal_mines","nearest_km":7.45,"association":"low","facility_name":"Coppabella","facility_layer":"coal_mines","facility_km":7.45}},{"type":"Feature","geometry":{"type":"Point","coordinates":[150.77088,-34.20724]},"properties":{"plume_id":"imeo:61bdf4a9-20f9-4953-bbee-af366b324e08","provider":"UNEP IMEO","instrument":"EMIT - NASA","datetime_utc":"2025-01-04T23:28:16","emission_kg_hr":2577.0,"uncertainty_kg_hr":552.0,"sector":"Coal","scene_id":"EMIT_L1B_RAD_001_20250104T232816_2500415_042","provider_url":"https://methanedata.unep.org/plumes","nearest_name":"Appin","nearest_layer":"gas_plants","nearest_km":2.05,"association":"medium","facility_name":"Appin","facility_layer":"gas_plants","facility_km":2.05,"notes":["source AUS_S_010"]}},{"type":"Feature","geometry":{"type":"Point","coordinates":[151.29,-32.77]},"properties":{"plume_id":"imeo:622f10b4-f994-4dfb-8a76-0592761cacda","provider":"UNEP IMEO","instrument":"Sentinel-5P/TROPOMI - ESA","datetime_utc":"2026-01-31T04:05:42","emission_kg_hr":15000.0,"uncertainty_kg_hr":5000.0,"sector":"Coal","scene_id":"S5P_OFFL_L2__CH4____20260131T032003_20260131T050133_43013_03_020901_20260201T193821","provider_url":"https://methanedata.unep.org/plumes","association":"none within 10 km","notes":["also reported by SRON"]}},{"type":"Feature","geometry":{"type":"Point","coordinates":[148.26032,-21.99396]},"properties":{"plume_id":"imeo:62c8bab2-6e72-4b61-af9b-fd0f0bbfbd77","provider":"UNEP IMEO","instrument":"EMIT - NASA","datetime_utc":"2024-07-21T02:42:34","emission_kg_hr":782.0,"uncertainty_kg_hr":318.0,"sector":"Coal","scene_id":"EMIT_L1B_RAD_001_20240721T024234_2420301_009","provider_url":"https://methanedata.unep.org/plumes","nearest_name":"Poitrel","nearest_layer":"coal_mines","nearest_km":5.87,"association":"low","facility_name":"Poitrel","facility_layer":"coal_mines","facility_km":5.87,"notes":["source AUS_S_115"]}},{"type":"Feature","geometry":{"type":"Point","coordinates":[148.02174,-21.87776]},"properties":{"plume_id":"imeo:62f42cd9-2118-4306-9570-90f3cea95b8c","provider":"UNEP IMEO","instrument":"EMIT - NASA","datetime_utc":"2026-05-18T03:04:52","emission_kg_hr":1982.0,"uncertainty_kg_hr":472.0,"sector":"Coal","scene_id":"EMIT_L1B_RAD_001_20260518T030452_2613802_005","provider_url":"https://methanedata.unep.org/plumes","nearest_name":"Grosvenor","nearest_layer":"coal_mines","nearest_km":3.04,"association":"low","facility_name":"Grosvenor","facility_layer":"coal_mines","facility_km":3.04,"notes":["source AUS_S_029"]}},{"type":"Feature","geometry":{"type":"Point","coordinates":[150.95,-32.51]},"properties":{"plume_id":"imeo:632395ef-2e9a-4c78-9cf1-078e5b2882f3","provider":"UNEP IMEO","instrument":"Sentinel-5P/TROPOMI - ESA","datetime_utc":"2026-04-27T03:55:27","emission_kg_hr":24000.0,"uncertainty_kg_hr":11000.0,"sector":"Coal","scene_id":"S5P_OFFL_L2__CH4____20260427T031903_20260427T050033_44233_03_020901_20260428T192949","provider_url":"https://methanedata.unep.org/plumes","nearest_name":"Hunter Valley Operations","nearest_layer":"coal_mines","nearest_km":4.91,"association":"low","facility_name":"Hunter Valley Operations","facility_layer":"coal_mines","facility_km":4.91,"notes":["also reported by SRON"]}},{"type":"Feature","geometry":{"type":"Point","coordinates":[150.96371,-34.20237]},"properties":{"plume_id":"imeo:63aa1566-5e3a-4660-97fc-69c7eba7ecc3","provider":"UNEP IMEO","instrument":"EMIT - NASA","datetime_utc":"2025-09-11T04:26:26","emission_kg_hr":0.0,"uncertainty_kg_hr":140.0,"sector":"Coal","scene_id":"EMIT_L1B_RAD_001_20250911T042626_2525403_013","provider_url":"https://methanedata.unep.org/plumes","nearest_name":"Metropolitan","nearest_layer":"coal_mines","nearest_km":3.1,"association":"low","facility_name":"Metropolitan","facility_layer":"coal_mines","facility_km":3.1,"notes":["source AUS_S_001"]}},{"type":"Feature","geometry":{"type":"Point","coordinates":[147.49,-22.27]},"properties":{"plume_id":"imeo:63e5072f-6fd6-40cc-8073-966cd415ddee","provider":"UNEP IMEO","instrument":"Sentinel-5P/TROPOMI - ESA","datetime_utc":"2025-10-07T03:40:52","emission_kg_hr":31000.0,"uncertainty_kg_hr":11000.0,"sector":"Coal","scene_id":"S5P_OFFL_L2__CH4____20251007T025534_20251007T043704_41367_03_020800_20251010T084125","provider_url":"https://methanedata.unep.org/plumes","association":"none within 10 km","notes":["also reported by SRON"]}},{"type":"Feature","geometry":{"type":"Point","coordinates":[148.56571,-23.07668]},"properties":{"plume_id":"imeo:6472b4fc-cf3c-4b8c-90ab-e286f43d3ea2","provider":"UNEP IMEO","instrument":"EMIT - NASA","datetime_utc":"2024-10-31T00:54:58","emission_kg_hr":570.0,"uncertainty_kg_hr":234.0,"sector":"Coal","scene_id":"EMIT_L1B_RAD_001_20241031T005458_2430501_043","provider_url":"https://methanedata.unep.org/plumes","nearest_name":"Oaky Creek","nearest_layer":"coal_mines","nearest_km":7.96,"association":"low","facility_name":"Oaky Creek","facility_layer":"coal_mines","facility_km":7.96,"notes":["source AUS_S_005"]}},{"type":"Feature","geometry":{"type":"Point","coordinates":[148.5,-23.04]},"properties":{"plume_id":"imeo:64f69165-806a-4f65-a876-917763201075","provider":"UNEP IMEO","instrument":"Sentinel-5P/TROPOMI - ESA","datetime_utc":"2024-08-22T03:43:14","emission_kg_hr":9000.0,"uncertainty_kg_hr":5000.0,"sector":"Coal","scene_id":"S5P_OFFL_L2__CH4____20240822T030316_20240822T044445_35536_03_020600_20240823T185152","provider_url":"https://methanedata.unep.org/plumes","nearest_name":"Oaky Creek","nearest_layer":"gas_plants","nearest_km":1.86,"association":"medium","facility_name":"Oaky Creek","facility_layer":"gas_plants","facility_km":1.86}},{"type":"Feature","geometry":{"type":"Point","coordinates":[151.01229,-32.55597]},"properties":{"plume_id":"imeo:65008074-e31d-4733-a6bf-3f39a1300ca5","provider":"UNEP IMEO","instrument":"EMIT - NASA","datetime_utc":"2025-07-16T03:12:02","emission_kg_hr":3701.0,"uncertainty_kg_hr":1110.0,"sector":"Coal","scene_id":"EMIT_L1B_RAD_001_20250716T031202_2519702_008","provider_url":"https://methanedata.unep.org/plumes","nearest_name":"United-Wambo","nearest_layer":"coal_mines","nearest_km":0.42,"association":"high","facility_name":"United-Wambo","facility_layer":"coal_mines","facility_km":0.42,"notes":["source AUS_S_129"]}},{"type":"Feature","geometry":{"type":"Point","coordinates":[148.59326,-23.04752]},"properties":{"plume_id":"imeo:665b1ef3-f80d-49db-afb6-7f9c23d3494a","provider":"UNEP IMEO","instrument":"PRISMA - ASI","datetime_utc":"2024-08-22T00:16:29","emission_kg_hr":457.0,"uncertainty_kg_hr":172.0,"sector":"Coal","scene_id":"PRS_L1_STD_OFFL_20240822001629_20240822001634_0001","provider_url":"https://methanedata.unep.org/plumes","association":"none within 10 km","notes":["source AUS_S_006"]}},{"type":"Feature","geometry":{"type":"Point","coordinates":[148.56571,-23.07668]},"properties":{"plume_id":"imeo:66a73384-27f6-4634-af62-57064c6620f7","provider":"UNEP IMEO","instrument":"PRISMA - ASI","datetime_utc":"2024-09-03T00:22:59","emission_kg_hr":319.0,"uncertainty_kg_hr":254.0,"sector":"Coal","scene_id":"PRS_L1_STD_OFFL_20240903002259_20240903002303_0001","provider_url":"https://methanedata.unep.org/plumes","nearest_name":"Oaky Creek","nearest_layer":"coal_mines","nearest_km":7.96,"association":"low","facility_name":"Oaky Creek","facility_layer":"coal_mines","facility_km":7.96,"notes":["source AUS_S_005"]}},{"type":"Feature","geometry":{"type":"Point","coordinates":[150.76871,-33.89054]},"properties":{"plume_id":"imeo:681b2ea6-de87-42f9-8e0f-f288d5c88891","provider":"UNEP IMEO","instrument":"EMIT - NASA","datetime_utc":"2024-03-25T00:29:00","emission_kg_hr":617.0,"uncertainty_kg_hr":132.0,"sector":"Waste","scene_id":"EMIT_L1B_RAD_001_20240325T002900_2408415_021","provider_url":"https://methanedata.unep.org/plumes","nearest_name":"NSW Border to Sydney","nearest_layer":"pipelines_gas","nearest_km":5.02,"association":"linear-only","notes":["source AUS_S_212"]}},{"type":"Feature","geometry":{"type":"Point","coordinates":[147.95808,-21.66202]},"properties":{"plume_id":"imeo:68489664-6f28-49f8-be4c-e1371a2d1a5d","provider":"UNEP IMEO","instrument":"Sentinel-5P/TROPOMI - ESA","datetime_utc":"2025-07-13T03:52:55","emission_kg_hr":26000.0,"uncertainty_kg_hr":11000.0,"sector":"Coal","scene_id":"S5P_OFFL_L2__CH4____20250713T031529_20250713T045658_40147_03_020800_20250714T191242","provider_url":"https://methanedata.unep.org/plumes","nearest_name":"Centurion","nearest_layer":"coal_mines","nearest_km":2.5,"association":"medium","facility_name":"Centurion","facility_layer":"coal_mines","facility_km":2.5,"notes":["source AUS_S_102"]}},{"type":"Feature","geometry":{"type":"Point","coordinates":[150.72,-34.18144]},"properties":{"plume_id":"imeo:6879ec18-49bd-4dce-9388-d5d9bc686488","provider":"UNEP IMEO","instrument":"EMIT - NASA","datetime_utc":"2024-09-23T00:23:19","emission_kg_hr":4712.0,"uncertainty_kg_hr":1431.0,"sector":"Coal","scene_id":"EMIT_L1B_RAD_001_20240923T002319_2426615_011","provider_url":"https://methanedata.unep.org/plumes","nearest_name":"Tower","nearest_layer":"gas_plants","nearest_km":4.21,"association":"low","facility_name":"Tower","facility_layer":"gas_plants","facility_km":4.21,"notes":["source AUS_S_014"]}},{"type":"Feature","geometry":{"type":"Point","coordinates":[148.32297,-23.29948]},"properties":{"plume_id":"imeo:69580a98-2bb9-4c5d-9252-9e5b2335f613","provider":"UNEP IMEO","instrument":"EnMAP - DLR","datetime_utc":"2025-08-26T00:51:19","emission_kg_hr":1713.0,"uncertainty_kg_hr":633.0,"sector":"Coal","scene_id":"ENMAP01-____L1B-DT0000149535_20250826T005119Z_010_V010502_20250902T122001Z","provider_url":"https://methanedata.unep.org/plumes","nearest_name":"Kestrel","nearest_layer":"coal_mines","nearest_km":7.99,"association":"low","facility_name":"Kestrel","facility_layer":"coal_mines","facility_km":7.99,"notes":["source AUS_S_007"]}},{"type":"Feature","geometry":{"type":"Point","coordinates":[151.02,-32.6]},"properties":{"plume_id":"imeo:6988c38a-1ac3-436a-8f3f-0e0243e09046","provider":"UNEP IMEO","instrument":"Sentinel-5P/TROPOMI - ESA","datetime_utc":"2024-10-30T03:46:36","emission_kg_hr":35000.0,"uncertainty_kg_hr":19000.0,"sector":"Coal","scene_id":"S5P_OFFL_L2__CH4____20241030T030157_20241030T044326_36515_03_020701_20241031T185308","provider_url":"https://methanedata.unep.org/plumes","nearest_name":"Warkworth","nearest_layer":"coal_mines","nearest_km":3.25,"association":"low","facility_name":"Warkworth","facility_layer":"coal_mines","facility_km":3.25}},{"type":"Feature","geometry":{"type":"Point","coordinates":[147.9783,-21.84204]},"properties":{"plume_id":"imeo:698e0790-6bfb-4745-87a4-e4df099265e5","provider":"UNEP IMEO","instrument":"EMIT - NASA","datetime_utc":"2025-08-23T03:34:29","emission_kg_hr":1230.0,"uncertainty_kg_hr":471.0,"sector":"Coal","scene_id":"EMIT_L1B_RAD_001_20250823T033429_2523502_042","provider_url":"https://methanedata.unep.org/plumes","nearest_name":"Grosvenor","nearest_layer":"coal_mines","nearest_km":3.75,"association":"low","facility_name":"Grosvenor","facility_layer":"coal_mines","facility_km":3.75,"notes":["source AUS_S_081"]}},{"type":"Feature","geometry":{"type":"Point","coordinates":[148.02174,-21.87776]},"properties":{"plume_id":"imeo:69ea9465-752a-4768-8291-10bca96194e0","provider":"UNEP IMEO","instrument":"PRISMA - ASI","datetime_utc":"2021-07-19T00:29:10","emission_kg_hr":266.0,"uncertainty_kg_hr":140.0,"sector":"Coal","scene_id":"PRS_L1_STD_OFFL_20210719002910_20210719002914_0001","provider_url":"https://methanedata.unep.org/plumes","nearest_name":"Grosvenor","nearest_layer":"coal_mines","nearest_km":3.04,"association":"low","facility_name":"Grosvenor","facility_layer":"coal_mines","facility_km":3.04,"notes":["source AUS_S_029"]}},{"type":"Feature","geometry":{"type":"Point","coordinates":[151.07525,-32.47124]},"properties":{"plume_id":"imeo:6a394fa2-edc8-4846-9c2f-2e27bf59225b","provider":"UNEP IMEO","instrument":"EnMAP - DLR","datetime_utc":"2024-04-26T00:28:14","emission_kg_hr":806.0,"uncertainty_kg_hr":267.0,"sector":"Coal","scene_id":"ENMAP01-____L1B-DT0000070704_20240426T002814Z_010_V010502_20250410T125223Z","provider_url":"https://methanedata.unep.org/plumes","nearest_name":"Ashton","nearest_layer":"coal_mines","nearest_km":0.61,"association":"high","facility_name":"Ashton","facility_layer":"coal_mines","facility_km":0.61,"notes":["source AUS_S_112"]}},{"type":"Feature","geometry":{"type":"Point","coordinates":[148.02174,-21.87776]},"properties":{"plume_id":"imeo:6a88de76-1fb1-4281-95d5-2d0ed72e1af7","provider":"UNEP IMEO","instrument":"EMIT - NASA","datetime_utc":"2025-01-19T02:42:16","emission_kg_hr":864.0,"uncertainty_kg_hr":241.0,"sector":"Coal","scene_id":"EMIT_L1B_RAD_001_20250119T024216_2501901_026","provider_url":"https://methanedata.unep.org/plumes","nearest_name":"Grosvenor","nearest_layer":"coal_mines","nearest_km":3.04,"association":"low","facility_name":"Grosvenor","facility_layer":"coal_mines","facility_km":3.04,"notes":["source AUS_S_029"]}},{"type":"Feature","geometry":{"type":"Point","coordinates":[150.76871,-33.89054]},"properties":{"plume_id":"imeo:6c3ceb13-8e28-4001-8373-655ffa0676e3","provider":"UNEP IMEO","instrument":"EMIT - NASA","datetime_utc":"2025-01-04T23:28:16","emission_kg_hr":441.0,"uncertainty_kg_hr":86.0,"sector":"Waste","scene_id":"EMIT_L1B_RAD_001_20250104T232816_2500415_042","provider_url":"https://methanedata.unep.org/plumes","nearest_name":"NSW Border to Sydney","nearest_layer":"pipelines_gas","nearest_km":5.02,"association":"linear-only","notes":["source AUS_S_212"]}},{"type":"Feature","geometry":{"type":"Point","coordinates":[147.17,-21.77]},"properties":{"plume_id":"imeo:6c5ae3d8-47b6-4ab9-b20e-7385e7768a41","provider":"UNEP IMEO","instrument":"Sentinel-5P/TROPOMI - ESA","datetime_utc":"2025-10-21T04:18:20","emission_kg_hr":21000.0,"uncertainty_kg_hr":10000.0,"sector":"Oil and Gas","scene_id":"S5P_OFFL_L2__CH4____20251021T033153_20251021T051322_41566_03_020800_20251022T195800","provider_url":"https://methanedata.unep.org/plumes","association":"none within 10 km","notes":["also reported by SRON"]}},{"type":"Feature","geometry":{"type":"Point","coordinates":[148.59571,-22.98019]},"properties":{"plume_id":"imeo:6c667b93-abfa-4db3-973d-46bd88753570","provider":"UNEP IMEO","instrument":"EMIT - NASA","datetime_utc":"2023-11-28T23:44:58","emission_kg_hr":650.0,"uncertainty_kg_hr":238.0,"sector":"Coal","scene_id":"EMIT_L1B_RAD_001_20231128T234458_2333215_021","provider_url":"https://methanedata.unep.org/plumes","nearest_name":"Aquila-Capcoal","nearest_layer":"coal_mines","nearest_km":7.04,"association":"low","facility_name":"Aquila-Capcoal","facility_layer":"coal_mines","facility_km":7.04,"notes":["source AUS_S_042"]}},{"type":"Feature","geometry":{"type":"Point","coordinates":[148.58093,-22.98808]},"properties":{"plume_id":"imeo:6c68044c-0a54-46e6-94d1-a00ad53dc7ee","provider":"UNEP IMEO","instrument":"EnMAP - DLR","datetime_utc":"2024-04-08T00:57:55","emission_kg_hr":1479.0,"uncertainty_kg_hr":549.0,"sector":"Coal","scene_id":"ENMAP01-____L1B-DT0000068266_20240408T005755Z_007_V010502_20250410T133059Z","provider_url":"https://methanedata.unep.org/plumes","nearest_name":"Aquila-Capcoal","nearest_layer":"coal_mines","nearest_km":7.08,"association":"low","facility_name":"Aquila-Capcoal","facility_layer":"coal_mines","facility_km":7.08,"notes":["source AUS_S_089"]}},{"type":"Feature","geometry":{"type":"Point","coordinates":[151.57,-33.15115]},"properties":{"plume_id":"imeo:6cdf8e0a-7f3f-482e-8dfd-726e1f6dd275","provider":"UNEP IMEO","instrument":"EnMAP - DLR","datetime_utc":"2024-05-27T00:31:48","emission_kg_hr":4760.0,"uncertainty_kg_hr":1260.0,"sector":"Coal","scene_id":"ENMAP01-____L1B-DT0000075796_20240527T003148Z_018_V010502_20250921T163820Z","provider_url":"https://methanedata.unep.org/plumes","nearest_name":"Chain Valley","nearest_layer":"coal_mines","nearest_km":2.28,"association":"medium","facility_name":"Chain Valley","facility_layer":"coal_mines","facility_km":2.28,"notes":["source AUS_S_083"]}},{"type":"Feature","geometry":{"type":"Point","coordinates":[112.71145,-7.52715]},"properties":{"plume_id":"imeo:6e34e4a7-71de-40f7-be9c-7ec4e7e36123","provider":"UNEP IMEO","instrument":"EMIT - NASA","datetime_utc":"2025-09-20T05:10:48","emission_kg_hr":5227.0,"uncertainty_kg_hr":1872.0,"sector":"Other","scene_id":"EMIT_L1B_RAD_001_20250920T051048_2526304_003","provider_url":"https://methanedata.unep.org/plumes","association":"none within 10 km","notes":["source IDN_S_004"]}},{"type":"Feature","geometry":{"type":"Point","coordinates":[148.84,-23.28]},"properties":{"plume_id":"imeo:6ed57cf0-f1e1-4336-8214-34278ebaf11b","provider":"UNEP IMEO","instrument":"Sentinel-5P/TROPOMI - ESA","datetime_utc":"2024-06-19T03:43:10","emission_kg_hr":8000.0,"uncertainty_kg_hr":4000.0,"sector":"Coal","scene_id":"S5P_OFFL_L2__CH4____20240619T030637_20240619T044807_34628_03_020600_20240620T190425","provider_url":"https://methanedata.unep.org/plumes","association":"none within 10 km"}},{"type":"Feature","geometry":{"type":"Point","coordinates":[147.91,-21.93]},"properties":{"plume_id":"imeo:6ed85565-7e12-4653-b391-f6a7bb3df7c6","provider":"UNEP IMEO","instrument":"Sentinel-5P/TROPOMI - ESA","datetime_utc":"2025-07-14T03:34:08","emission_kg_hr":19000.0,"uncertainty_kg_hr":10000.0,"sector":"Coal","scene_id":"S5P_OFFL_L2__CH4____20250714T025625_20250714T043755_40161_03_020800_20250716T103446","provider_url":"https://methanedata.unep.org/plumes","nearest_name":"Moranbah North","nearest_layer":"coal_mines","nearest_km":8.09,"association":"low","facility_name":"Moranbah North","facility_layer":"coal_mines","facility_km":8.09,"notes":["also reported by SRON"]}},{"type":"Feature","geometry":{"type":"Point","coordinates":[150.60399,-34.24458]},"properties":{"plume_id":"imeo:6fb37c5b-936c-4eff-9556-f962f4929a12","provider":"UNEP IMEO","instrument":"EnMAP - DLR","datetime_utc":"2023-08-04T00:32:11","emission_kg_hr":780.0,"uncertainty_kg_hr":225.0,"sector":"Coal","scene_id":"ENMAP01-____L1B-DT0000031691_20230804T003211Z_012_V010502_20250410T150917Z","provider_url":"https://methanedata.unep.org/plumes","nearest_name":"Tahmoor","nearest_layer":"coal_mines","nearest_km":2.36,"association":"medium","facility_name":"Tahmoor","facility_layer":"coal_mines","facility_km":2.36,"notes":["source AUS_S_015"]}},{"type":"Feature","geometry":{"type":"Point","coordinates":[148.58093,-22.98808]},"properties":{"plume_id":"imeo:70de19b5-b2ae-48eb-a457-19300eb31d26","provider":"UNEP IMEO","instrument":"PRISMA - ASI","datetime_utc":"2024-07-18T00:13:19","emission_kg_hr":603.0,"uncertainty_kg_hr":252.0,"sector":"Coal","scene_id":"PRS_L1_STD_OFFL_20240718001319_20240718001323_0001","provider_url":"https://methanedata.unep.org/plumes","nearest_name":"Aquila-Capcoal","nearest_layer":"coal_mines","nearest_km":7.08,"association":"low","facility_name":"Aquila-Capcoal","facility_layer":"coal_mines","facility_km":7.08,"notes":["source AUS_S_089"]}},{"type":"Feature","geometry":{"type":"Point","coordinates":[151.46083,-33.11434]},"properties":{"plume_id":"imeo:71544401-e0c3-466a-926f-e107f6a0b3f9","provider":"UNEP IMEO","instrument":"EMIT - NASA","datetime_utc":"2025-11-19T01:16:37","emission_kg_hr":1620.0,"uncertainty_kg_hr":430.0,"sector":"Coal","scene_id":"EMIT_L1B_RAD_001_20251119T011637_2532301_013","provider_url":"https://methanedata.unep.org/plumes","nearest_name":"Mandalong","nearest_layer":"coal_mines","nearest_km":0.39,"association":"high","facility_name":"Mandalong","facility_layer":"coal_mines","facility_km":0.39,"notes":["source AUS_S_008"]}},{"type":"Feature","geometry":{"type":"Point","coordinates":[140.04475,-28.70484]},"properties":{"plume_id":"imeo:7159e6f9-c4f6-4c6f-902e-d16245fadea5","provider":"UNEP IMEO","instrument":"Sentinel-5P/TROPOMI - ESA","datetime_utc":"2025-05-23T04:46:39","emission_kg_hr":16000.0,"uncertainty_kg_hr":10000.0,"sector":"Oil and Gas","scene_id":"S5P_OFFL_L2__CH4____20250523T041120_20250523T055250_39424_03_020800_20250524T201419","provider_url":"https://methanedata.unep.org/plumes","nearest_name":"Moomba to Port Bonython Liquids Trunkline","nearest_layer":"pipelines_oil","nearest_km":0.0,"association":"linear-only","notes":["source AUS_S_095","also reported by UNEP IMEO","also reported by UNEP IMEO"]}},{"type":"Feature","geometry":{"type":"Point","coordinates":[148.57635,-22.96365]},"properties":{"plume_id":"imeo:71b8a717-58ef-409f-9d62-00f015da2fea","provider":"UNEP IMEO","instrument":"EnMAP - DLR","datetime_utc":"2024-04-08T00:57:55","emission_kg_hr":1198.0,"uncertainty_kg_hr":452.0,"sector":"Coal","scene_id":"ENMAP01-____L1B-DT0000068266_20240408T005755Z_007_V010502_20250410T133059Z","provider_url":"https://methanedata.unep.org/plumes","nearest_name":"Aquila-Capcoal","nearest_layer":"coal_mines","nearest_km":4.43,"association":"low","facility_name":"Aquila-Capcoal","facility_layer":"coal_mines","facility_km":4.43,"notes":["source AUS_S_182"]}},{"type":"Feature","geometry":{"type":"Point","coordinates":[148.58253,-22.98772]},"properties":{"plume_id":"imeo:71c49ba8-7744-47a1-bb08-cb9184bda3eb","provider":"UNEP IMEO","instrument":"PRISMA - ASI","datetime_utc":"2024-04-11T00:23:03","emission_kg_hr":625.0,"uncertainty_kg_hr":269.0,"sector":"Coal","scene_id":"PRS_L1_STD_OFFL_20240411002303_20240411002307_0001","provider_url":"https://methanedata.unep.org/plumes","nearest_name":"Aquila-Capcoal","nearest_layer":"coal_mines","nearest_km":7.11,"association":"low","facility_name":"Aquila-Capcoal","facility_layer":"coal_mines","facility_km":7.11,"notes":["source AUS_S_013"]}},{"type":"Feature","geometry":{"type":"Point","coordinates":[150.76871,-33.89054]},"properties":{"plume_id":"imeo:727cde1c-d87e-42ae-a7b8-99a8497d7d4c","provider":"UNEP IMEO","instrument":"EnMAP - DLR","datetime_utc":"2026-04-02T00:32:28","emission_kg_hr":890.0,"uncertainty_kg_hr":209.0,"sector":"Waste","scene_id":"ENMAP01-____L1B-DT0000187258_20260402T003228Z_009_V010506_20260404T074639Z","provider_url":"https://methanedata.unep.org/plumes","nearest_name":"NSW Border to Sydney","nearest_layer":"pipelines_gas","nearest_km":5.02,"association":"linear-only","notes":["source AUS_S_212"]}},{"type":"Feature","geometry":{"type":"Point","coordinates":[151.08977,-32.42731]},"properties":{"plume_id":"imeo:7348af02-0c30-4c4f-b751-42d49522a58f","provider":"UNEP IMEO","instrument":"EMIT - NASA","datetime_utc":"2023-01-25T00:47:44","emission_kg_hr":1503.0,"uncertainty_kg_hr":311.0,"sector":"Coal","scene_id":"EMIT_L1B_RAD_001_20230125T004744_2302416_006","provider_url":"https://methanedata.unep.org/plumes","nearest_name":"Ravensworth East","nearest_layer":"coal_mines","nearest_km":2.84,"association":"medium","facility_name":"Ravensworth East","facility_layer":"coal_mines","facility_km":2.84,"notes":["source AUS_S_023"]}},{"type":"Feature","geometry":{"type":"Point","coordinates":[151.57,-33.15115]},"properties":{"plume_id":"imeo:73abcffa-7d21-409a-8acd-718b859296d0","provider":"UNEP IMEO","instrument":"EMIT - NASA","datetime_utc":"2024-09-19T01:58:11","emission_kg_hr":2904.0,"uncertainty_kg_hr":893.0,"sector":"Coal","scene_id":"EMIT_L1B_RAD_001_20240919T015811_2426301_015","provider_url":"https://methanedata.unep.org/plumes","nearest_name":"Chain Valley","nearest_layer":"coal_mines","nearest_km":2.28,"association":"medium","facility_name":"Chain Valley","facility_layer":"coal_mines","facility_km":2.28,"notes":["source AUS_S_083"]}},{"type":"Feature","geometry":{"type":"Point","coordinates":[148.26,-21.84]},"properties":{"plume_id":"imeo:7450efcc-7e54-41cf-9b35-094088946722","provider":"UNEP IMEO","instrument":"Sentinel-5P/TROPOMI - ESA","datetime_utc":"2024-08-30T04:33:37","emission_kg_hr":28000.0,"uncertainty_kg_hr":11000.0,"sector":"Coal","scene_id":"S5P_OFFL_L2__CH4____20240830T035303_20240830T053432_35650_03_020600_20240831T194908","provider_url":"https://methanedata.unep.org/plumes","nearest_name":"Arrow Bowen Pipeline","nearest_layer":"pipelines_gas","nearest_km":5.89,"association":"linear-only"}},{"type":"Feature","geometry":{"type":"Point","coordinates":[149.87569,-30.51663]},"properties":{"plume_id":"imeo:750ca9b8-e807-4853-8a7a-0bfe2ae67e63","provider":"UNEP IMEO","instrument":"EMIT - NASA","datetime_utc":"2025-12-19T05:20:59","emission_kg_hr":885.0,"uncertainty_kg_hr":114.0,"sector":"Coal","scene_id":"EMIT_L1B_RAD_001_20251219T052059_2535304_049","provider_url":"https://methanedata.unep.org/plumes","nearest_name":"Narrabri","nearest_layer":"coal_mines","nearest_km":1.84,"association":"medium","facility_name":"Narrabri","facility_layer":"coal_mines","facility_km":1.84,"notes":["source AUS_S_194"]}},{"type":"Feature","geometry":{"type":"Point","coordinates":[148.31613,-23.33093]},"properties":{"plume_id":"imeo:752deadb-65f9-45df-8da5-1b5ba54d2c52","provider":"UNEP IMEO","instrument":"EMIT - NASA","datetime_utc":"2023-01-19T04:02:23","emission_kg_hr":1757.0,"uncertainty_kg_hr":628.0,"sector":"Coal","scene_id":"EMIT_L1B_RAD_001_20230119T040223_2301902_019","provider_url":"https://methanedata.unep.org/plumes","association":"none within 10 km","notes":["source AUS_S_037"]}},{"type":"Feature","geometry":{"type":"Point","coordinates":[150.60399,-34.24458]},"properties":{"plume_id":"imeo:7532bd7c-48f0-4a1e-a1c8-5c32704fc649","provider":"UNEP IMEO","instrument":"EnMAP - DLR","datetime_utc":"2024-09-20T00:39:18","emission_kg_hr":1286.0,"uncertainty_kg_hr":482.0,"sector":"Coal","scene_id":"ENMAP01-____L1B-DT0000093262_20240920T003918Z_011_V010402_20240927T000420Z","provider_url":"https://methanedata.unep.org/plumes","nearest_name":"Tahmoor","nearest_layer":"coal_mines","nearest_km":2.36,"association":"medium","facility_name":"Tahmoor","facility_layer":"coal_mines","facility_km":2.36,"notes":["source AUS_S_015"]}},{"type":"Feature","geometry":{"type":"Point","coordinates":[147.98451,-21.83719]},"properties":{"plume_id":"imeo:76edf84b-782b-473b-95dc-5b2d64f118c0","provider":"UNEP IMEO","instrument":"EMIT - NASA","datetime_utc":"2025-05-18T03:32:25","emission_kg_hr":986.0,"uncertainty_kg_hr":300.0,"sector":"Coal","scene_id":"EMIT_L1B_RAD_001_20250518T033225_2513803_004","provider_url":"https://methanedata.unep.org/plumes","nearest_name":"Grosvenor","nearest_layer":"coal_mines","nearest_km":4.07,"association":"low","facility_name":"Grosvenor","facility_layer":"coal_mines","facility_km":4.07,"notes":["source AUS_S_071"]}},{"type":"Feature","geometry":{"type":"Point","coordinates":[150.60399,-34.24458]},"properties":{"plume_id":"imeo:7710c789-2006-4dae-b3b7-91949fa0bfd0","provider":"UNEP IMEO","instrument":"EnMAP - DLR","datetime_utc":"2025-01-21T00:28:31","emission_kg_hr":755.0,"uncertainty_kg_hr":207.0,"sector":"Coal","scene_id":"ENMAP01-____L1B-DT0000112352_20250121T002831Z_007_V010502_20250410T145311Z","provider_url":"https://methanedata.unep.org/plumes","nearest_name":"Tahmoor","nearest_layer":"coal_mines","nearest_km":2.36,"association":"medium","facility_name":"Tahmoor","facility_layer":"coal_mines","facility_km":2.36,"notes":["source AUS_S_015"]}},{"type":"Feature","geometry":{"type":"Point","coordinates":[147.99512,-21.88795]},"properties":{"plume_id":"imeo:7812f690-0a90-40d4-87e6-376f7104df03","provider":"UNEP IMEO","instrument":"EMIT - NASA","datetime_utc":"2026-01-25T23:25:56","sector":"Coal","scene_id":"EMIT_L1B_RAD_001_20260125T232556_2602515_010","provider_url":"https://methanedata.unep.org/plumes","nearest_name":"Grosvenor","nearest_layer":"coal_mines","nearest_km":1.65,"association":"medium","facility_name":"Grosvenor","facility_layer":"coal_mines","facility_km":1.65,"notes":["source AUS_S_028"]}},{"type":"Feature","geometry":{"type":"Point","coordinates":[147.98542,-21.83756]},"properties":{"plume_id":"imeo:7813841b-82c5-431a-b0f8-f03d197856e7","provider":"UNEP IMEO","instrument":"EnMAP - DLR","datetime_utc":"2026-05-27T00:54:27","emission_kg_hr":771.0,"uncertainty_kg_hr":233.0,"sector":"Coal","scene_id":"ENMAP01-____L1B-DT0000194838_20260527T005427Z_002_V010506_20260527T175907Z","provider_url":"https://methanedata.unep.org/plumes","nearest_name":"Grosvenor","nearest_layer":"coal_mines","nearest_km":4.01,"association":"low","facility_name":"Grosvenor","facility_layer":"coal_mines","facility_km":4.01,"notes":["source AUS_S_070"]}},{"type":"Feature","geometry":{"type":"Point","coordinates":[151.41904,-33.161]},"properties":{"plume_id":"imeo:79619804-d8e9-403b-883f-6e50abedd8bb","provider":"UNEP IMEO","instrument":"EMIT - NASA","datetime_utc":"2023-09-19T02:52:13","emission_kg_hr":1628.0,"uncertainty_kg_hr":596.0,"sector":"Coal","scene_id":"EMIT_L1B_RAD_001_20230919T025213_2326201_007","provider_url":"https://methanedata.unep.org/plumes","nearest_name":"Mandalong","nearest_layer":"coal_mines","nearest_km":6.25,"association":"low","facility_name":"Mandalong","facility_layer":"coal_mines","facility_km":6.25,"notes":["source AUS_S_084"]}},{"type":"Feature","geometry":{"type":"Point","coordinates":[150.60399,-34.24458]},"properties":{"plume_id":"imeo:79f6a0c1-8fbe-4d14-960f-9ed39cb10f83","provider":"UNEP IMEO","instrument":"EnMAP - DLR","datetime_utc":"2023-06-07T00:29:01","emission_kg_hr":834.0,"uncertainty_kg_hr":255.0,"sector":"Coal","scene_id":"ENMAP01-____L1B-DT0000020904_20230607T002901Z_010_V010502_20250410T155224Z","provider_url":"https://methanedata.unep.org/plumes","nearest_name":"Tahmoor","nearest_layer":"coal_mines","nearest_km":2.36,"association":"medium","facility_name":"Tahmoor","facility_layer":"coal_mines","facility_km":2.36,"notes":["source AUS_S_015"]}},{"type":"Feature","geometry":{"type":"Point","coordinates":[148.47,-21.75]},"properties":{"plume_id":"imeo:7bbb9d4a-a5f7-4614-ad30-60b3713270a1","provider":"UNEP IMEO","instrument":"Sentinel-5P/TROPOMI - ESA","datetime_utc":"2024-10-08T04:02:32","emission_kg_hr":21000.0,"uncertainty_kg_hr":10000.0,"sector":"Coal","scene_id":"S5P_OFFL_L2__CH4____20241008T031721_20241008T045851_36203_03_020701_20241011T110249","provider_url":"https://methanedata.unep.org/plumes","nearest_name":"South Walker Creek","nearest_layer":"coal_mines","nearest_km":3.65,"association":"low","facility_name":"South Walker Creek","facility_layer":"coal_mines","facility_km":3.65}},{"type":"Feature","geometry":{"type":"Point","coordinates":[151.07529,-32.47055]},"properties":{"plume_id":"imeo:7e6c09a3-d186-4ba1-a0d6-06a547d3fb2e","provider":"UNEP IMEO","instrument":"EMIT - NASA","datetime_utc":"2025-09-22T00:21:03","emission_kg_hr":1601.0,"uncertainty_kg_hr":451.0,"sector":"Coal","scene_id":"EMIT_L1B_RAD_001_20250922T002103_2526501_005","provider_url":"https://methanedata.unep.org/plumes","nearest_name":"Ashton","nearest_layer":"coal_mines","nearest_km":0.55,"association":"high","facility_name":"Ashton","facility_layer":"coal_mines","facility_km":0.55,"notes":["source AUS_S_043"]}},{"type":"Feature","geometry":{"type":"Point","coordinates":[151.57045,-33.06432]},"properties":{"plume_id":"imeo:7f34c474-4519-42b7-b1b6-c555a34a42b6","provider":"UNEP IMEO","instrument":"EMIT - NASA","datetime_utc":"2025-11-22T23:43:27","emission_kg_hr":1599.0,"uncertainty_kg_hr":312.0,"sector":"Coal","scene_id":"EMIT_L1B_RAD_001_20251122T234327_2532615_013","provider_url":"https://methanedata.unep.org/plumes","nearest_name":"Myuna","nearest_layer":"coal_mines","nearest_km":0.3,"association":"high","facility_name":"Myuna","facility_layer":"coal_mines","facility_km":0.3,"notes":["source AUS_S_004"]}},{"type":"Feature","geometry":{"type":"Point","coordinates":[148.32297,-23.29948]},"properties":{"plume_id":"imeo:7f496553-3794-4ba1-a76f-ab81e49facbc","provider":"UNEP IMEO","instrument":"EMIT - NASA","datetime_utc":"2025-12-20T04:31:23","emission_kg_hr":1466.0,"uncertainty_kg_hr":419.0,"sector":"Coal","scene_id":"EMIT_L1B_RAD_001_20251220T043123_2535403_044","provider_url":"https://methanedata.unep.org/plumes","nearest_name":"Kestrel","nearest_layer":"coal_mines","nearest_km":7.99,"association":"low","facility_name":"Kestrel","facility_layer":"coal_mines","facility_km":7.99,"notes":["source AUS_S_007"]}},{"type":"Feature","geometry":{"type":"Point","coordinates":[150.60399,-34.24458]},"properties":{"plume_id":"imeo:7feccf2d-6a41-4672-8d11-7b4472b37dfe","provider":"UNEP IMEO","instrument":"EnMAP - DLR","datetime_utc":"2024-12-25T00:28:57","emission_kg_hr":568.0,"uncertainty_kg_hr":173.0,"sector":"Coal","scene_id":"ENMAP01-____L1B-DT0000107875_20241225T002857Z_012_V010502_20250103T002130Z","provider_url":"https://methanedata.unep.org/plumes","nearest_name":"Tahmoor","nearest_layer":"coal_mines","nearest_km":2.36,"association":"medium","facility_name":"Tahmoor","facility_layer":"coal_mines","facility_km":2.36,"notes":["source AUS_S_015"]}},{"type":"Feature","geometry":{"type":"Point","coordinates":[150.82421,-34.21989]},"properties":{"plume_id":"imeo:80bb1e65-e243-4d4b-af71-8cf244b2e1fc","provider":"UNEP IMEO","instrument":"EnMAP - DLR","datetime_utc":"2026-04-02T00:32:33","sector":"Coal","scene_id":"ENMAP01-____L1B-DT0000187258_20260402T003233Z_010_V010506_20260404T074639Z","provider_url":"https://methanedata.unep.org/plumes","nearest_name":"Appin","nearest_layer":"coal_mines","nearest_km":3.01,"association":"low","facility_name":"Appin","facility_layer":"coal_mines","facility_km":3.01,"notes":["source AUS_S_016"]}},{"type":"Feature","geometry":{"type":"Point","coordinates":[150.77088,-34.20724]},"properties":{"plume_id":"imeo:815711b7-628b-425d-864b-510c2c7c786d","provider":"UNEP IMEO","instrument":"EMIT - NASA","datetime_utc":"2024-02-25T04:11:08","emission_kg_hr":1158.0,"uncertainty_kg_hr":270.0,"sector":"Coal","scene_id":"EMIT_L1B_RAD_001_20240225T041108_2405603_042","provider_url":"https://methanedata.unep.org/plumes","nearest_name":"Appin","nearest_layer":"gas_plants","nearest_km":2.05,"association":"medium","facility_name":"Appin","facility_layer":"gas_plants","facility_km":2.05,"notes":["source AUS_S_010"]}},{"type":"Feature","geometry":{"type":"Point","coordinates":[147.8183,-21.915]},"properties":{"plume_id":"imeo:82339663-83e4-49f7-a5ba-9d0c5bd19692","provider":"UNEP IMEO","instrument":"Sentinel-5P/TROPOMI - ESA","datetime_utc":"2024-08-18T00:00:00","emission_kg_hr":18490.0,"sector":"Coal","provider_url":"https://methanedata.unep.org/plumes","association":"none within 10 km"}},{"type":"Feature","geometry":{"type":"Point","coordinates":[112.71145,-7.52715]},"properties":{"plume_id":"imeo:823c085b-33fe-48f2-9c8c-a4da78f7d867","provider":"UNEP IMEO","instrument":"EMIT - NASA","datetime_utc":"2025-05-01T02:16:23","emission_kg_hr":4165.0,"uncertainty_kg_hr":769.0,"sector":"Other","scene_id":"EMIT_L1B_RAD_001_20250501T021623_2512101_031","provider_url":"https://methanedata.unep.org/plumes","association":"none within 10 km","notes":["source IDN_S_004"]}},{"type":"Feature","geometry":{"type":"Point","coordinates":[151.11148,-32.7083]},"properties":{"plume_id":"imeo:830422a7-61d6-4535-87d4-ff3253d37dad","provider":"UNEP IMEO","instrument":"EnMAP - DLR","datetime_utc":"2025-10-22T00:32:04","emission_kg_hr":1175.0,"uncertainty_kg_hr":556.0,"sector":"Coal","scene_id":"ENMAP01-____L1B-DT0000159627_20251022T003204Z_002_V010505_20251106T080215Z","provider_url":"https://methanedata.unep.org/plumes","nearest_name":"Bulga","nearest_layer":"coal_mines","nearest_km":2.38,"association":"medium","facility_name":"Bulga","facility_layer":"coal_mines","facility_km":2.38,"notes":["source AUS_S_197"]}},{"type":"Feature","geometry":{"type":"Point","coordinates":[148.57635,-22.96365]},"properties":{"plume_id":"imeo:8337d5a4-b8da-49de-8ce7-1b2810c8bd27","provider":"UNEP IMEO","instrument":"PRISMA - ASI","datetime_utc":"2025-04-05T00:13:24","emission_kg_hr":4574.0,"uncertainty_kg_hr":1732.0,"sector":"Coal","scene_id":"PRS_L1_STD_OFFL_20250405001324_20250405001328_0001","provider_url":"https://methanedata.unep.org/plumes","nearest_name":"Aquila-Capcoal","nearest_layer":"coal_mines","nearest_km":4.43,"association":"low","facility_name":"Aquila-Capcoal","facility_layer":"coal_mines","facility_km":4.43,"notes":["source AUS_S_182"]}},{"type":"Feature","geometry":{"type":"Point","coordinates":[148.89513,-23.83204]},"properties":{"plume_id":"imeo:8369cc62-d92e-4536-8d22-2036f11d2875","provider":"UNEP IMEO","instrument":"PRISMA - ASI","datetime_utc":"2022-04-05T00:16:40","emission_kg_hr":445.0,"uncertainty_kg_hr":63.0,"sector":"Coal","scene_id":"PRS_L1_STD_OFFL_20220405001640_20220405001644_0001","provider_url":"https://methanedata.unep.org/plumes","association":"none within 10 km","notes":["source AUS_S_114"]}},{"type":"Feature","geometry":{"type":"Point","coordinates":[151.46083,-33.11434]},"properties":{"plume_id":"imeo:83936f8d-0686-42d1-9426-8aaf57ed2c97","provider":"UNEP IMEO","instrument":"EnMAP - DLR","datetime_utc":"2024-07-28T00:38:56","emission_kg_hr":2207.0,"uncertainty_kg_hr":972.0,"sector":"Coal","scene_id":"ENMAP01-____L1B-DT0000084441_20240728T003856Z_016_V010502_20250923T050900Z","provider_url":"https://methanedata.unep.org/plumes","nearest_name":"Mandalong","nearest_layer":"coal_mines","nearest_km":0.39,"association":"high","facility_name":"Mandalong","facility_layer":"coal_mines","facility_km":0.39,"notes":["source AUS_S_008"]}},{"type":"Feature","geometry":{"type":"Point","coordinates":[148.48388,-23.45964]},"properties":{"plume_id":"imeo:83973f21-866f-4405-b790-ac04ba3e8c84","provider":"UNEP IMEO","instrument":"EMIT - NASA","datetime_utc":"2025-07-14T04:51:08","emission_kg_hr":835.0,"uncertainty_kg_hr":155.0,"sector":"Coal","scene_id":"EMIT_L1B_RAD_001_20250714T045108_2519504_014","provider_url":"https://methanedata.unep.org/plumes","nearest_name":"Ensham","nearest_layer":"coal_mines","nearest_km":1.5,"association":"medium","facility_name":"Ensham","facility_layer":"coal_mines","facility_km":1.5,"notes":["source AUS_S_130"]}},{"type":"Feature","geometry":{"type":"Point","coordinates":[149.04,-23.12]},"properties":{"plume_id":"imeo:849ca6e3-f1f0-498a-a316-5812c7571720","provider":"UNEP IMEO","instrument":"Sentinel-5P/TROPOMI - ESA","datetime_utc":"2024-06-18T04:01:54","emission_kg_hr":15000.0,"uncertainty_kg_hr":7000.0,"sector":"Coal","scene_id":"S5P_OFFL_L2__CH4____20240618T032538_20240618T050708_34614_03_020600_20240619T192537","provider_url":"https://methanedata.unep.org/plumes","association":"none within 10 km"}},{"type":"Feature","geometry":{"type":"Point","coordinates":[148.24902,-21.97255]},"properties":{"plume_id":"imeo:850a3063-b0eb-47f2-9c18-80f6234b5b63","provider":"UNEP IMEO","instrument":"EMIT - NASA","datetime_utc":"2026-05-18T03:04:52","emission_kg_hr":988.0,"uncertainty_kg_hr":274.0,"sector":"Coal","scene_id":"EMIT_L1B_RAD_001_20260518T030452_2613802_005","provider_url":"https://methanedata.unep.org/plumes","nearest_name":"Carborough Downs","nearest_layer":"coal_mines","nearest_km":4.78,"association":"low","facility_name":"Carborough Downs","facility_layer":"coal_mines","facility_km":4.78,"notes":["source AUS_S_116"]}},{"type":"Feature","geometry":{"type":"Point","coordinates":[151.08977,-32.42731]},"properties":{"plume_id":"imeo:856b7b95-7878-484a-b910-4f6dad0753f0","provider":"UNEP IMEO","instrument":"EMIT - NASA","datetime_utc":"2023-12-30T02:34:33","emission_kg_hr":1121.0,"uncertainty_kg_hr":356.0,"sector":"Coal","scene_id":"EMIT_L1B_RAD_001_20231230T023433_2336402_009","provider_url":"https://methanedata.unep.org/plumes","nearest_name":"Ravensworth East","nearest_layer":"coal_mines","nearest_km":2.84,"association":"medium","facility_name":"Ravensworth East","facility_layer":"coal_mines","facility_km":2.84,"notes":["source AUS_S_023"]}},{"type":"Feature","geometry":{"type":"Point","coordinates":[151.07529,-32.47055]},"properties":{"plume_id":"imeo:85b212eb-8f18-4d6f-8bce-158225b3bc27","provider":"UNEP IMEO","instrument":"EnMAP - DLR","datetime_utc":"2026-05-22T00:28:29","sector":"Coal","scene_id":"ENMAP01-____L1B-DT0000194827_20260522T002829Z_002_V010506_20260523T005843Z","provider_url":"https://methanedata.unep.org/plumes","nearest_name":"Ashton","nearest_layer":"coal_mines","nearest_km":0.55,"association":"high","facility_name":"Ashton","facility_layer":"coal_mines","facility_km":0.55,"notes":["source AUS_S_043"]}},{"type":"Feature","geometry":{"type":"Point","coordinates":[150.60399,-34.24458]},"properties":{"plume_id":"imeo:85ea1c4b-973c-40fa-84eb-b1eb96cef402","provider":"UNEP IMEO","instrument":"EMIT - NASA","datetime_utc":"2023-03-16T04:52:23","emission_kg_hr":4461.0,"uncertainty_kg_hr":1614.0,"sector":"Coal","scene_id":"EMIT_L1B_RAD_001_20230316T045223_2307503_007","provider_url":"https://methanedata.unep.org/plumes","nearest_name":"Tahmoor","nearest_layer":"coal_mines","nearest_km":2.36,"association":"medium","facility_name":"Tahmoor","facility_layer":"coal_mines","facility_km":2.36,"notes":["source AUS_S_015"]}},{"type":"Feature","geometry":{"type":"Point","coordinates":[151.41904,-33.161]},"properties":{"plume_id":"imeo:861a14ef-78c1-4f80-b54d-253417099450","provider":"UNEP IMEO","instrument":"EnMAP - DLR","datetime_utc":"2024-07-28T00:38:56","emission_kg_hr":2271.0,"uncertainty_kg_hr":981.0,"sector":"Coal","scene_id":"ENMAP01-____L1B-DT0000084441_20240728T003856Z_016_V010502_20250923T050900Z","provider_url":"https://methanedata.unep.org/plumes","nearest_name":"Mandalong","nearest_layer":"coal_mines","nearest_km":6.25,"association":"low","facility_name":"Mandalong","facility_layer":"coal_mines","facility_km":6.25,"notes":["source AUS_S_084"]}},{"type":"Feature","geometry":{"type":"Point","coordinates":[148.1918,-21.9354]},"properties":{"plume_id":"imeo:86244ed4-1fdd-42fa-87fb-c5ee63580bb2","provider":"UNEP IMEO","instrument":"Sentinel-5P/TROPOMI - ESA","datetime_utc":"2023-10-22T00:00:00","emission_kg_hr":52940.0,"sector":"Coal","provider_url":"https://methanedata.unep.org/plumes","nearest_name":"Carborough Downs","nearest_layer":"coal_mines","nearest_km":2.45,"association":"medium","facility_name":"Carborough Downs","facility_layer":"coal_mines","facility_km":2.45}},{"type":"Feature","geometry":{"type":"Point","coordinates":[148.02174,-21.87776]},"properties":{"plume_id":"imeo:86cf62c1-2d3e-47b5-aff7-bb039e272752","provider":"UNEP IMEO","instrument":"EMIT - NASA","datetime_utc":"2025-08-23T03:34:29","emission_kg_hr":1051.0,"uncertainty_kg_hr":407.0,"sector":"Coal","scene_id":"EMIT_L1B_RAD_001_20250823T033429_2523502_042","provider_url":"https://methanedata.unep.org/plumes","nearest_name":"Grosvenor","nearest_layer":"coal_mines","nearest_km":3.04,"association":"low","facility_name":"Grosvenor","facility_layer":"coal_mines","facility_km":3.04,"notes":["source AUS_S_029"]}},{"type":"Feature","geometry":{"type":"Point","coordinates":[151.46083,-33.11434]},"properties":{"plume_id":"imeo:8727f683-2b76-43dc-96cd-c9cc54903be4","provider":"UNEP IMEO","instrument":"EnMAP - DLR","datetime_utc":"2024-07-24T00:35:20","sector":"Coal","scene_id":"ENMAP01-____L1B-DT0000083860_20240724T003520Z_016_V010502_20250923T034230Z","provider_url":"https://methanedata.unep.org/plumes","nearest_name":"Mandalong","nearest_layer":"coal_mines","nearest_km":0.39,"association":"high","facility_name":"Mandalong","facility_layer":"coal_mines","facility_km":0.39,"notes":["source AUS_S_008"]}},{"type":"Feature","geometry":{"type":"Point","coordinates":[151.41904,-33.161]},"properties":{"plume_id":"imeo:876039a9-a3ab-4bee-9eb1-4364cdb46834","provider":"UNEP IMEO","instrument":"EMIT - NASA","datetime_utc":"2024-09-11T05:04:59","emission_kg_hr":522.0,"uncertainty_kg_hr":173.0,"sector":"Coal","scene_id":"EMIT_L1B_RAD_001_20240911T050459_2425503_014","provider_url":"https://methanedata.unep.org/plumes","nearest_name":"Mandalong","nearest_layer":"coal_mines","nearest_km":6.25,"association":"low","facility_name":"Mandalong","facility_layer":"coal_mines","facility_km":6.25,"notes":["source AUS_S_084"]}},{"type":"Feature","geometry":{"type":"Point","coordinates":[147.99512,-21.88795]},"properties":{"plume_id":"imeo:87841023-092e-4bb1-8c83-91986aee1ec6","provider":"UNEP IMEO","instrument":"EMIT - NASA","datetime_utc":"2025-01-19T02:42:16","emission_kg_hr":2894.0,"uncertainty_kg_hr":751.0,"sector":"Coal","scene_id":"EMIT_L1B_RAD_001_20250119T024216_2501901_026","provider_url":"https://methanedata.unep.org/plumes","nearest_name":"Grosvenor","nearest_layer":"coal_mines","nearest_km":1.65,"association":"medium","facility_name":"Grosvenor","facility_layer":"coal_mines","facility_km":1.65,"notes":["source AUS_S_028"]}},{"type":"Feature","geometry":{"type":"Point","coordinates":[149.06,-25.63]},"properties":{"plume_id":"imeo:87c37cc5-d47f-428b-9ac9-5613ca701194","provider":"UNEP IMEO","instrument":"Sentinel-5P/TROPOMI - ESA","datetime_utc":"2025-07-04T03:20:28","emission_kg_hr":11000.0,"uncertainty_kg_hr":4000.0,"sector":"Oil and Gas","scene_id":"S5P_OFFL_L2__CH4____20250704T024356_20250704T042525_40019_03_020800_20250705T184059","provider_url":"https://methanedata.unep.org/plumes","nearest_name":"Fairview Flowline","nearest_layer":"pipelines_gas","nearest_km":8.78,"association":"linear-only","notes":["also reported by SRON"]}},{"type":"Feature","geometry":{"type":"Point","coordinates":[147.96944,-21.65978]},"properties":{"plume_id":"imeo:882ab832-4e1f-412f-b658-d0a948f2319d","provider":"UNEP IMEO","instrument":"EMIT - NASA","datetime_utc":"2025-05-18T03:32:25","emission_kg_hr":1006.0,"uncertainty_kg_hr":321.0,"sector":"Coal","scene_id":"EMIT_L1B_RAD_001_20250518T033225_2513803_004","provider_url":"https://methanedata.unep.org/plumes","nearest_name":"Centurion","nearest_layer":"coal_mines","nearest_km":1.54,"association":"medium","facility_name":"Centurion","facility_layer":"coal_mines","facility_km":1.54,"notes":["source AUS_S_104"]}},{"type":"Feature","geometry":{"type":"Point","coordinates":[147.97364,-21.88471]},"properties":{"plume_id":"imeo:88ee8b8a-b046-4044-934a-362e73fe12be","provider":"UNEP IMEO","instrument":"EMIT - NASA","datetime_utc":"2024-12-30T01:05:44","emission_kg_hr":609.0,"uncertainty_kg_hr":154.0,"sector":"Coal","scene_id":"EMIT_L1B_RAD_001_20241230T010544_2436501_027","provider_url":"https://methanedata.unep.org/plumes","nearest_name":"Moranbah North","nearest_layer":"coal_mines","nearest_km":2.29,"association":"medium","facility_name":"Moranbah North","facility_layer":"coal_mines","facility_km":2.29,"notes":["source AUS_S_030"]}},{"type":"Feature","geometry":{"type":"Point","coordinates":[147.99512,-21.88795]},"properties":{"plume_id":"imeo:89035cc6-63d4-43ee-8fe6-f9144fb79f2e","provider":"UNEP IMEO","instrument":"PRISMA - ASI","datetime_utc":"2021-07-19T00:29:10","emission_kg_hr":2309.0,"uncertainty_kg_hr":750.0,"sector":"Coal","scene_id":"PRS_L1_STD_OFFL_20210719002910_20210719002914_0001","provider_url":"https://methanedata.unep.org/plumes","nearest_name":"Grosvenor","nearest_layer":"coal_mines","nearest_km":1.65,"association":"medium","facility_name":"Grosvenor","facility_layer":"coal_mines","facility_km":1.65,"notes":["source AUS_S_028"]}},{"type":"Feature","geometry":{"type":"Point","coordinates":[150.82421,-34.21989]},"properties":{"plume_id":"imeo:89c305af-81d9-4f2a-9faa-87b810ccf917","provider":"UNEP IMEO","instrument":"EnMAP - DLR","datetime_utc":"2024-04-15T00:42:52","emission_kg_hr":646.0,"uncertainty_kg_hr":100.0,"sector":"Coal","scene_id":"ENMAP01-____L1B-DT0000069141_20240415T004252Z_016_V010402_20240425T113454Z","provider_url":"https://methanedata.unep.org/plumes","nearest_name":"Appin","nearest_layer":"coal_mines","nearest_km":3.01,"association":"low","facility_name":"Appin","facility_layer":"coal_mines","facility_km":3.01,"notes":["source AUS_S_016"]}},{"type":"Feature","geometry":{"type":"Point","coordinates":[150.96,-32.49]},"properties":{"plume_id":"imeo:8a53c858-241f-4155-b99c-957a443718e7","provider":"UNEP IMEO","instrument":"Sentinel-5P/TROPOMI - ESA","datetime_utc":"2025-11-06T04:16:01","emission_kg_hr":26000.0,"uncertainty_kg_hr":14000.0,"sector":"Coal","scene_id":"S5P_OFFL_L2__CH4____20251106T033052_20251106T051222_41793_03_020800_20251108T010824","provider_url":"https://methanedata.unep.org/plumes","nearest_name":"Hunter Valley Operations","nearest_layer":"coal_mines","nearest_km":5.4,"association":"low","facility_name":"Hunter Valley Operations","facility_layer":"coal_mines","facility_km":5.4,"notes":["also reported by SRON"]}},{"type":"Feature","geometry":{"type":"Point","coordinates":[112.71145,-7.52715]},"properties":{"plume_id":"imeo:8af9fbe1-9fec-4ecb-95f6-7551b4b3933d","provider":"UNEP IMEO","instrument":"EnMAP - DLR","datetime_utc":"2022-10-22T03:25:56","emission_kg_hr":2340.0,"uncertainty_kg_hr":788.0,"sector":"Other","scene_id":"ENMAP01-____L1B-DT0000004711_20221022T032556Z_003_V010402_20240907T164058Z","provider_url":"https://methanedata.unep.org/plumes","association":"none within 10 km","notes":["source IDN_S_004"]}},{"type":"Feature","geometry":{"type":"Point","coordinates":[150.96371,-34.20237]},"properties":{"plume_id":"imeo:8b48856d-9606-4dc5-b96e-5f9ffafacbb7","provider":"UNEP IMEO","instrument":"EnMAP - DLR","datetime_utc":"2026-06-03T00:39:37","emission_kg_hr":617.0,"uncertainty_kg_hr":244.0,"sector":"Coal","scene_id":"ENMAP01-____L1B-DT0000198761_20260603T003937Z_001_V010506_20260604T011840Z","provider_url":"https://methanedata.unep.org/plumes","nearest_name":"Metropolitan","nearest_layer":"coal_mines","nearest_km":3.1,"association":"low","facility_name":"Metropolitan","facility_layer":"coal_mines","facility_km":3.1,"notes":["source AUS_S_001"]}},{"type":"Feature","geometry":{"type":"Point","coordinates":[147.96944,-21.65978]},"properties":{"plume_id":"imeo:8c3c759e-a31c-4582-a091-ab664a5a7a35","provider":"UNEP IMEO","instrument":"EMIT - NASA","datetime_utc":"2025-01-19T02:42:16","emission_kg_hr":1083.0,"uncertainty_kg_hr":231.0,"sector":"Coal","scene_id":"EMIT_L1B_RAD_001_20250119T024216_2501901_026","provider_url":"https://methanedata.unep.org/plumes","nearest_name":"Centurion","nearest_layer":"coal_mines","nearest_km":1.54,"association":"medium","facility_name":"Centurion","facility_layer":"coal_mines","facility_km":1.54,"notes":["source AUS_S_104"]}},{"type":"Feature","geometry":{"type":"Point","coordinates":[148.56571,-23.07668]},"properties":{"plume_id":"imeo:8d22f2e7-89b7-4c57-8164-6532e1c01773","provider":"UNEP IMEO","instrument":"PRISMA - ASI","datetime_utc":"2024-09-20T00:16:30","emission_kg_hr":880.0,"uncertainty_kg_hr":341.0,"sector":"Coal","scene_id":"PRS_L1_STD_OFFL_20240920001630_20240920001634_0001","provider_url":"https://methanedata.unep.org/plumes","nearest_name":"Oaky Creek","nearest_layer":"coal_mines","nearest_km":7.96,"association":"low","facility_name":"Oaky Creek","facility_layer":"coal_mines","facility_km":7.96,"notes":["source AUS_S_005"]}},{"type":"Feature","geometry":{"type":"Point","coordinates":[148.89513,-23.83204]},"properties":{"plume_id":"imeo:8d89f4b2-ae84-44e7-8e9e-198a76b51c85","provider":"UNEP IMEO","instrument":"EMIT - NASA","datetime_utc":"2025-04-23T03:57:37","emission_kg_hr":470.0,"uncertainty_kg_hr":128.0,"sector":"Coal","scene_id":"EMIT_L1B_RAD_001_20250423T035737_2511302_038","provider_url":"https://methanedata.unep.org/plumes","association":"none within 10 km","notes":["source AUS_S_114"]}},{"type":"Feature","geometry":{"type":"Point","coordinates":[151.00974,-32.55983]},"properties":{"plume_id":"imeo:8d9de16f-3d5f-435d-ab55-ea5de39ce009","provider":"UNEP IMEO","instrument":"EMIT - NASA","datetime_utc":"2025-01-24T23:25:02","emission_kg_hr":1144.0,"uncertainty_kg_hr":292.0,"sector":"Coal","scene_id":"EMIT_L1B_RAD_001_20250124T232502_2502415_013","provider_url":"https://methanedata.unep.org/plumes","nearest_name":"United-Wambo","nearest_layer":"coal_mines","nearest_km":0.18,"association":"high","facility_name":"United-Wambo","facility_layer":"coal_mines","facility_km":0.18,"notes":["source AUS_S_117"]}},{"type":"Feature","geometry":{"type":"Point","coordinates":[148.49,-22.46]},"properties":{"plume_id":"imeo:8eaafaec-9d37-4f87-909b-cd2701c442b0","provider":"UNEP IMEO","instrument":"Sentinel-5P/TROPOMI - ESA","datetime_utc":"2024-06-09T03:30:46","emission_kg_hr":20000.0,"uncertainty_kg_hr":8000.0,"sector":"Coal","scene_id":"S5P_OFFL_L2__CH4____20240609T025341_20240609T043511_34486_03_020600_20240613T102711","provider_url":"https://methanedata.unep.org/plumes","nearest_name":"Lake Vermont","nearest_layer":"coal_mines","nearest_km":6.47,"association":"low","facility_name":"Lake Vermont","facility_layer":"coal_mines","facility_km":6.47}},{"type":"Feature","geometry":{"type":"Point","coordinates":[148.24902,-21.97255]},"properties":{"plume_id":"imeo:8f85ca1f-2224-4b86-9e91-f7324698e26c","provider":"UNEP IMEO","instrument":"EMIT - NASA","datetime_utc":"2024-07-17T04:19:29","emission_kg_hr":2248.0,"uncertainty_kg_hr":867.0,"sector":"Coal","scene_id":"EMIT_L1B_RAD_001_20240717T041929_2419902_021","provider_url":"https://methanedata.unep.org/plumes","nearest_name":"Carborough Downs","nearest_layer":"coal_mines","nearest_km":4.78,"association":"low","facility_name":"Carborough Downs","facility_layer":"coal_mines","facility_km":4.78,"notes":["source AUS_S_116"]}},{"type":"Feature","geometry":{"type":"Point","coordinates":[151.57,-33.15115]},"properties":{"plume_id":"imeo:8fbac567-b6fb-41b6-853c-120e4ce23232","provider":"UNEP IMEO","instrument":"EMIT - NASA","datetime_utc":"2025-11-22T23:43:27","emission_kg_hr":4306.0,"uncertainty_kg_hr":864.0,"sector":"Coal","scene_id":"EMIT_L1B_RAD_001_20251122T234327_2532615_013","provider_url":"https://methanedata.unep.org/plumes","nearest_name":"Chain Valley","nearest_layer":"coal_mines","nearest_km":2.28,"association":"medium","facility_name":"Chain Valley","facility_layer":"coal_mines","facility_km":2.28,"notes":["source AUS_S_083"]}},{"type":"Feature","geometry":{"type":"Point","coordinates":[150.82421,-34.21989]},"properties":{"plume_id":"imeo:8fd5a6d4-3cde-43a1-b995-7b810953c3a1","provider":"UNEP IMEO","instrument":"EMIT - NASA","datetime_utc":"2024-09-23T00:23:19","emission_kg_hr":574.0,"uncertainty_kg_hr":215.0,"sector":"Coal","scene_id":"EMIT_L1B_RAD_001_20240923T002319_2426615_011","provider_url":"https://methanedata.unep.org/plumes","nearest_name":"Appin","nearest_layer":"coal_mines","nearest_km":3.01,"association":"low","facility_name":"Appin","facility_layer":"coal_mines","facility_km":3.01,"notes":["source AUS_S_016"]}},{"type":"Feature","geometry":{"type":"Point","coordinates":[147.96944,-21.65978]},"properties":{"plume_id":"imeo:9113b3e4-4295-49cf-a37e-baf209efdb5b","provider":"UNEP IMEO","instrument":"EMIT - NASA","datetime_utc":"2025-08-23T03:34:29","emission_kg_hr":2314.0,"uncertainty_kg_hr":867.0,"sector":"Coal","scene_id":"EMIT_L1B_RAD_001_20250823T033429_2523502_042","provider_url":"https://methanedata.unep.org/plumes","nearest_name":"Centurion","nearest_layer":"coal_mines","nearest_km":1.54,"association":"medium","facility_name":"Centurion","facility_layer":"coal_mines","facility_km":1.54,"notes":["source AUS_S_104"]}},{"type":"Feature","geometry":{"type":"Point","coordinates":[150.0,-24.67]},"properties":{"plume_id":"imeo:915630de-5155-436e-9036-99e27b2580c2","provider":"UNEP IMEO","instrument":"Sentinel-5P/TROPOMI - ESA","datetime_utc":"2024-06-04T03:23:49","emission_kg_hr":5000.0,"uncertainty_kg_hr":2000.0,"sector":"Oil and Gas","scene_id":"S5P_OFFL_L2__CH4____20240604T024712_20240604T042842_34415_03_020600_20240610T021008","provider_url":"https://methanedata.unep.org/plumes","nearest_name":"Dawson","nearest_layer":"coal_mines","nearest_km":8.4,"association":"low","facility_name":"Dawson","facility_layer":"coal_mines","facility_km":8.4}},{"type":"Feature","geometry":{"type":"Point","coordinates":[148.59326,-23.04752]},"properties":{"plume_id":"imeo:917cb402-2049-41fe-a310-1d8dbabb0656","provider":"UNEP IMEO","instrument":"PRISMA - ASI","datetime_utc":"2024-04-22T00:13:13","emission_kg_hr":950.0,"uncertainty_kg_hr":486.0,"sector":"Coal","scene_id":"PRS_L1_STD_OFFL_20240422001313_20240422001317_0001","provider_url":"https://methanedata.unep.org/plumes","association":"none within 10 km","notes":["source AUS_S_006"]}},{"type":"Feature","geometry":{"type":"Point","coordinates":[148.57,-23.01]},"properties":{"plume_id":"imeo:91880b64-ff46-4cc4-a8a0-09405dd1d22b","provider":"UNEP IMEO","instrument":"Sentinel-5P/TROPOMI - ESA","datetime_utc":"2024-09-29T03:30:55","emission_kg_hr":20000.0,"uncertainty_kg_hr":11000.0,"sector":"Coal","scene_id":"S5P_OFFL_L2__CH4____20240929T024639_20240929T042808_36075_03_020701_20241003T201615","provider_url":"https://methanedata.unep.org/plumes","nearest_name":"Aquila-Capcoal","nearest_layer":"coal_mines","nearest_km":9.13,"association":"low","facility_name":"Aquila-Capcoal","facility_layer":"coal_mines","facility_km":9.13}},{"type":"Feature","geometry":{"type":"Point","coordinates":[147.96944,-21.65978]},"properties":{"plume_id":"imeo:91ad8954-bb36-40d0-9da6-ba238cdad9b4","provider":"UNEP IMEO","instrument":"PRISMA - ASI","datetime_utc":"2026-04-23T00:16:30","emission_kg_hr":1470.0,"uncertainty_kg_hr":663.0,"sector":"Coal","scene_id":"PRS_L1_STD_OFFL_20260423001630_20260423001635_0001","provider_url":"https://methanedata.unep.org/plumes","nearest_name":"Centurion","nearest_layer":"coal_mines","nearest_km":1.54,"association":"medium","facility_name":"Centurion","facility_layer":"coal_mines","facility_km":1.54,"notes":["source AUS_S_104"]}},{"type":"Feature","geometry":{"type":"Point","coordinates":[148.24902,-21.97255]},"properties":{"plume_id":"imeo:91cc50ca-be78-4538-87ac-374b98402c1a","provider":"UNEP IMEO","instrument":"EMIT - NASA","datetime_utc":"2025-05-22T01:57:10","emission_kg_hr":557.0,"uncertainty_kg_hr":187.0,"sector":"Coal","scene_id":"EMIT_L1B_RAD_001_20250522T015710_2514202_004","provider_url":"https://methanedata.unep.org/plumes","nearest_name":"Carborough Downs","nearest_layer":"coal_mines","nearest_km":4.78,"association":"low","facility_name":"Carborough Downs","facility_layer":"coal_mines","facility_km":4.78,"notes":["source AUS_S_116"]}},{"type":"Feature","geometry":{"type":"Point","coordinates":[148.02174,-21.87776]},"properties":{"plume_id":"imeo:91de7699-5325-49ba-95ea-d2b5f47c3ce9","provider":"UNEP IMEO","instrument":"PRISMA - ASI","datetime_utc":"2024-04-28T00:16:13","emission_kg_hr":540.0,"uncertainty_kg_hr":350.0,"sector":"Coal","scene_id":"PRS_L1_STD_OFFL_20240428001613_20240428001617_0001","provider_url":"https://methanedata.unep.org/plumes","nearest_name":"Grosvenor","nearest_layer":"coal_mines","nearest_km":3.04,"association":"low","facility_name":"Grosvenor","facility_layer":"coal_mines","facility_km":3.04,"notes":["source AUS_S_029"]}},{"type":"Feature","geometry":{"type":"Point","coordinates":[151.01,-32.65]},"properties":{"plume_id":"imeo:91f11d07-bfc5-4720-a749-94ed960fb210","provider":"UNEP IMEO","instrument":"Sentinel-5P/TROPOMI - ESA","datetime_utc":"2025-06-21T04:01:46","emission_kg_hr":25000.0,"uncertainty_kg_hr":10000.0,"sector":"Coal","scene_id":"S5P_OFFL_L2__CH4____20250621T032818_20250621T050948_39835_03_020800_20250622T192944","provider_url":"https://methanedata.unep.org/plumes","nearest_name":"Mount Thorley","nearest_layer":"coal_mines","nearest_km":4.88,"association":"low","facility_name":"Mount Thorley","facility_layer":"coal_mines","facility_km":4.88,"notes":["also reported by SRON"]}},{"type":"Feature","geometry":{"type":"Point","coordinates":[148.89513,-23.83204]},"properties":{"plume_id":"imeo:91fb5c17-9099-4018-abb1-b513002bef8b","provider":"UNEP IMEO","instrument":"EMIT - NASA","datetime_utc":"2023-12-31T01:44:12","emission_kg_hr":1182.0,"uncertainty_kg_hr":398.0,"sector":"Coal","scene_id":"EMIT_L1B_RAD_001_20231231T014412_2336501_004","provider_url":"https://methanedata.unep.org/plumes","association":"none within 10 km","notes":["source AUS_S_114"]}},{"type":"Feature","geometry":{"type":"Point","coordinates":[151.07529,-32.47055]},"properties":{"plume_id":"imeo:929f9bfa-3154-424b-8bc8-ace8a71d1fdb","provider":"UNEP IMEO","instrument":"EMIT - NASA","datetime_utc":"2023-12-26T04:10:30","emission_kg_hr":2230.0,"uncertainty_kg_hr":784.0,"sector":"Coal","scene_id":"EMIT_L1B_RAD_001_20231226T041030_2336003_022","provider_url":"https://methanedata.unep.org/plumes","nearest_name":"Ashton","nearest_layer":"coal_mines","nearest_km":0.55,"association":"high","facility_name":"Ashton","facility_layer":"coal_mines","facility_km":0.55,"notes":["source AUS_S_043"]}},{"type":"Feature","geometry":{"type":"Point","coordinates":[150.58178,-34.24862]},"properties":{"plume_id":"imeo:92a00397-26cc-4354-ae91-8e5dd342be7f","provider":"UNEP IMEO","instrument":"EnMAP - DLR","datetime_utc":"2025-01-21T00:28:31","emission_kg_hr":740.0,"uncertainty_kg_hr":199.0,"sector":"Coal","scene_id":"ENMAP01-____L1B-DT0000112352_20250121T002831Z_007_V010502_20250410T145311Z","provider_url":"https://methanedata.unep.org/plumes","nearest_name":"Tahmoor","nearest_layer":"coal_mines","nearest_km":0.32,"association":"high","facility_name":"Tahmoor","facility_layer":"coal_mines","facility_km":0.32,"notes":["source AUS_S_058"]}},{"type":"Feature","geometry":{"type":"Point","coordinates":[148.0008,-21.88718]},"properties":{"plume_id":"imeo:92b1cab5-e428-4e59-9472-44731f030c91","provider":"UNEP IMEO","instrument":"EnMAP - DLR","datetime_utc":"2024-06-24T00:54:44","emission_kg_hr":1842.0,"uncertainty_kg_hr":719.0,"sector":"Coal","scene_id":"ENMAP01-____L1B-DT0000080590_20240624T005444Z_014_V010502_20250410T132118Z","provider_url":"https://methanedata.unep.org/plumes","nearest_name":"Grosvenor","nearest_layer":"coal_mines","nearest_km":1.76,"association":"medium","facility_name":"Grosvenor","facility_layer":"coal_mines","facility_km":1.76,"notes":["source AUS_S_087","also reported by UNEP IMEO"]}},{"type":"Feature","geometry":{"type":"Point","coordinates":[112.71145,-7.52715]},"properties":{"plume_id":"imeo:9330ec1e-9b4b-417e-bb8c-c9e0ca5cc4b1","provider":"UNEP IMEO","instrument":"EnMAP - DLR","datetime_utc":"2022-07-02T03:22:23","emission_kg_hr":163.0,"uncertainty_kg_hr":105.0,"sector":"Other","scene_id":"ENMAP01-____L1B-DT0000001414_20220702T032223Z_003_V010502_20250904T130407Z","provider_url":"https://methanedata.unep.org/plumes","association":"none within 10 km","notes":["source IDN_S_004"]}},{"type":"Feature","geometry":{"type":"Point","coordinates":[151.41904,-33.161]},"properties":{"plume_id":"imeo:93f5e6c3-e342-4bad-a894-dccb6534ae74","provider":"UNEP IMEO","instrument":"EMIT - NASA","datetime_utc":"2024-09-23T00:23:42","emission_kg_hr":1314.0,"uncertainty_kg_hr":323.0,"sector":"Coal","scene_id":"EMIT_L1B_RAD_001_20240923T002342_2426615_013","provider_url":"https://methanedata.unep.org/plumes","nearest_name":"Mandalong","nearest_layer":"coal_mines","nearest_km":6.25,"association":"low","facility_name":"Mandalong","facility_layer":"coal_mines","facility_km":6.25,"notes":["source AUS_S_084"]}},{"type":"Feature","geometry":{"type":"Point","coordinates":[150.72,-34.18144]},"properties":{"plume_id":"imeo:9417ba61-f19e-4dd8-a84a-a27fc569cd15","provider":"UNEP IMEO","instrument":"EnMAP - DLR","datetime_utc":"2025-01-21T00:28:31","emission_kg_hr":4152.0,"uncertainty_kg_hr":1141.0,"sector":"Coal","scene_id":"ENMAP01-____L1B-DT0000112352_20250121T002831Z_007_V010502_20250410T145311Z","provider_url":"https://methanedata.unep.org/plumes","nearest_name":"Tower","nearest_layer":"gas_plants","nearest_km":4.21,"association":"low","facility_name":"Tower","facility_layer":"gas_plants","facility_km":4.21,"notes":["source AUS_S_014"]}},{"type":"Feature","geometry":{"type":"Point","coordinates":[149.8754,-30.5172]},"properties":{"plume_id":"imeo:9466a753-a844-4d4a-a69e-4b1e1ce91470","provider":"UNEP IMEO","instrument":"EMIT - NASA","datetime_utc":"2024-10-30T01:45:42","emission_kg_hr":456.0,"uncertainty_kg_hr":162.0,"sector":"Coal","scene_id":"EMIT_L1B_RAD_001_20241030T014542_2430401_045","provider_url":"https://methanedata.unep.org/plumes","nearest_name":"Narrabri","nearest_layer":"coal_mines","nearest_km":1.87,"association":"medium","facility_name":"Narrabri","facility_layer":"coal_mines","facility_km":1.87,"notes":["source AUS_S_193"]}},{"type":"Feature","geometry":{"type":"Point","coordinates":[112.71145,-7.52715]},"properties":{"plume_id":"imeo:9482cf69-92b5-4a2e-90f2-04f0d1c61500","provider":"UNEP IMEO","instrument":"PRISMA - ASI","datetime_utc":"2024-10-06T03:02:56","emission_kg_hr":1242.0,"uncertainty_kg_hr":527.0,"sector":"Other","scene_id":"PRS_L1_STD_OFFL_20241006030256_20241006030300_0001","provider_url":"https://methanedata.unep.org/plumes","association":"none within 10 km","notes":["source IDN_S_004"]}},{"type":"Feature","geometry":{"type":"Point","coordinates":[148.59571,-22.98019]},"properties":{"plume_id":"imeo:948b912c-b40a-48c1-b443-8b0f43374591","provider":"UNEP IMEO","instrument":"PRISMA - ASI","datetime_utc":"2021-07-18T00:12:53","emission_kg_hr":2593.0,"uncertainty_kg_hr":952.0,"sector":"Coal","scene_id":"PRS_L1_STD_OFFL_20210718001253_20210718001258_0001","provider_url":"https://methanedata.unep.org/plumes","nearest_name":"Aquila-Capcoal","nearest_layer":"coal_mines","nearest_km":7.04,"association":"low","facility_name":"Aquila-Capcoal","facility_layer":"coal_mines","facility_km":7.04,"notes":["source AUS_S_042"]}},{"type":"Feature","geometry":{"type":"Point","coordinates":[148.57,-22.14]},"properties":{"plume_id":"imeo:95152cf0-4d1b-4b48-a65c-f6ee4286648b","provider":"UNEP IMEO","instrument":"Sentinel-5P/TROPOMI - ESA","datetime_utc":"2024-10-08T04:02:24","emission_kg_hr":14000.0,"uncertainty_kg_hr":6000.0,"sector":"Coal","scene_id":"S5P_OFFL_L2__CH4____20241008T031721_20241008T045851_36203_03_020701_20241011T110249","provider_url":"https://methanedata.unep.org/plumes","association":"none within 10 km"}},{"type":"Feature","geometry":{"type":"Point","coordinates":[150.82421,-34.21989]},"properties":{"plume_id":"imeo:9654f82b-6366-4b82-be27-691d72bd3f50","provider":"UNEP IMEO","instrument":"EMIT - NASA","datetime_utc":"2024-02-25T04:11:08","emission_kg_hr":1505.0,"uncertainty_kg_hr":375.0,"sector":"Coal","scene_id":"EMIT_L1B_RAD_001_20240225T041108_2405603_042","provider_url":"https://methanedata.unep.org/plumes","nearest_name":"Appin","nearest_layer":"coal_mines","nearest_km":3.01,"association":"low","facility_name":"Appin","facility_layer":"coal_mines","facility_km":3.01,"notes":["source AUS_S_016"]}},{"type":"Feature","geometry":{"type":"Point","coordinates":[150.60399,-34.24458]},"properties":{"plume_id":"imeo:96cb5adc-cbef-41c3-b1bf-1a74d1a1538e","provider":"UNEP IMEO","instrument":"EnMAP - DLR","datetime_utc":"2024-04-15T00:42:57","emission_kg_hr":2355.0,"uncertainty_kg_hr":286.0,"sector":"Coal","scene_id":"ENMAP01-____L1B-DT0000069141_20240415T004257Z_017_V010502_20250410T155426Z","provider_url":"https://methanedata.unep.org/plumes","nearest_name":"Tahmoor","nearest_layer":"coal_mines","nearest_km":2.36,"association":"medium","facility_name":"Tahmoor","facility_layer":"coal_mines","facility_km":2.36,"notes":["source AUS_S_015"]}},{"type":"Feature","geometry":{"type":"Point","coordinates":[151.07529,-32.47055]},"properties":{"plume_id":"imeo:971c4bbf-a7df-44fd-a620-029e9ed9adf3","provider":"UNEP IMEO","instrument":"EnMAP - DLR","datetime_utc":"2024-01-21T00:39:36","emission_kg_hr":2099.0,"uncertainty_kg_hr":851.0,"sector":"Coal","scene_id":"ENMAP01-____L1B-DT0000058476_20240121T003936Z_011_V010502_20250410T144315Z","provider_url":"https://methanedata.unep.org/plumes","nearest_name":"Ashton","nearest_layer":"coal_mines","nearest_km":0.55,"association":"high","facility_name":"Ashton","facility_layer":"coal_mines","facility_km":0.55,"notes":["source AUS_S_043"]}},{"type":"Feature","geometry":{"type":"Point","coordinates":[148.79,-22.9]},"properties":{"plume_id":"imeo:9753c1cc-ec86-4b58-8bb6-2d2230136f57","provider":"UNEP IMEO","instrument":"Sentinel-5P/TROPOMI - ESA","datetime_utc":"2025-10-22T03:59:13","emission_kg_hr":8000.0,"uncertainty_kg_hr":3000.0,"sector":"Coal","scene_id":"S5P_OFFL_L2__CH4____20251022T031243_20251022T045413_41580_03_020800_20251023T192436","provider_url":"https://methanedata.unep.org/plumes","nearest_name":"Foxleigh","nearest_layer":"coal_mines","nearest_km":6.14,"association":"low","facility_name":"Foxleigh","facility_layer":"coal_mines","facility_km":6.14,"notes":["also reported by SRON"]}},{"type":"Feature","geometry":{"type":"Point","coordinates":[148.02,-21.71]},"properties":{"plume_id":"imeo:9777130e-4ad0-4867-8b93-58ed6b297430","provider":"UNEP IMEO","instrument":"Sentinel-5P/TROPOMI - ESA","datetime_utc":"2025-10-12T03:47:11","emission_kg_hr":33000.0,"uncertainty_kg_hr":14000.0,"sector":"Coal","scene_id":"S5P_OFFL_L2__CH4____20251012T030118_20251012T044247_41438_03_020800_20251013T190645","provider_url":"https://methanedata.unep.org/plumes","nearest_name":"Centurion","nearest_layer":"coal_mines","nearest_km":8.24,"association":"low","facility_name":"Centurion","facility_layer":"coal_mines","facility_km":8.24,"notes":["also reported by SRON"]}},{"type":"Feature","geometry":{"type":"Point","coordinates":[149.45,-23.15]},"properties":{"plume_id":"imeo:9875ff06-3ef7-4902-94fc-f0c8f310df69","provider":"UNEP IMEO","instrument":"Sentinel-5P/TROPOMI - ESA","datetime_utc":"2024-06-12T04:14:21","emission_kg_hr":62000.0,"uncertainty_kg_hr":25000.0,"sector":"Coal","scene_id":"S5P_OFFL_L2__CH4____20240612T033811_20240612T051941_34529_03_020600_20240615T090630","provider_url":"https://methanedata.unep.org/plumes","association":"none within 10 km"}},{"type":"Feature","geometry":{"type":"Point","coordinates":[150.82421,-34.21989]},"properties":{"plume_id":"imeo:98a4b656-1840-4be9-84f2-640b3fdd6430","provider":"UNEP IMEO","instrument":"EMIT - NASA","datetime_utc":"2025-11-05T22:41:56","emission_kg_hr":438.0,"uncertainty_kg_hr":45.0,"sector":"Coal","scene_id":"EMIT_L1B_RAD_001_20251105T224156_2530915_033","provider_url":"https://methanedata.unep.org/plumes","nearest_name":"Appin","nearest_layer":"coal_mines","nearest_km":3.01,"association":"low","facility_name":"Appin","facility_layer":"coal_mines","facility_km":3.01,"notes":["source AUS_S_016"]}},{"type":"Feature","geometry":{"type":"Point","coordinates":[148.72,-22.79]},"properties":{"plume_id":"imeo:98b7cd0f-4eee-43f1-a1a9-849f64a987f9","provider":"UNEP IMEO","instrument":"Sentinel-5P/TROPOMI - ESA","datetime_utc":"2024-06-19T03:43:16","emission_kg_hr":9000.0,"uncertainty_kg_hr":4000.0,"sector":"Coal","scene_id":"S5P_OFFL_L2__CH4____20240619T030637_20240619T044807_34628_03_020600_20240620T190425","provider_url":"https://methanedata.unep.org/plumes","nearest_name":"Middlemount","nearest_layer":"coal_mines","nearest_km":9.39,"association":"low","facility_name":"Middlemount","facility_layer":"coal_mines","facility_km":9.39}},{"type":"Feature","geometry":{"type":"Point","coordinates":[151.07529,-32.47055]},"properties":{"plume_id":"imeo:996daa86-4b6f-4a38-b367-3843b72eade6","provider":"UNEP IMEO","instrument":"EMIT - NASA","datetime_utc":"2025-11-11T04:27:46","emission_kg_hr":2221.0,"uncertainty_kg_hr":872.0,"sector":"Coal","scene_id":"EMIT_L1B_RAD_001_20251111T042746_2531503_015","provider_url":"https://methanedata.unep.org/plumes","nearest_name":"Ashton","nearest_layer":"coal_mines","nearest_km":0.55,"association":"high","facility_name":"Ashton","facility_layer":"coal_mines","facility_km":0.55,"notes":["source AUS_S_043"]}},{"type":"Feature","geometry":{"type":"Point","coordinates":[150.77088,-34.20724]},"properties":{"plume_id":"imeo:99ee1199-a325-4893-addb-1e070cd88b46","provider":"UNEP IMEO","instrument":"EMIT - NASA","datetime_utc":"2024-09-23T00:23:19","emission_kg_hr":2461.0,"uncertainty_kg_hr":785.0,"sector":"Coal","scene_id":"EMIT_L1B_RAD_001_20240923T002319_2426615_011","provider_url":"https://methanedata.unep.org/plumes","nearest_name":"Appin","nearest_layer":"gas_plants","nearest_km":2.05,"association":"medium","facility_name":"Appin","facility_layer":"gas_plants","facility_km":2.05,"notes":["source AUS_S_010"]}},{"type":"Feature","geometry":{"type":"Point","coordinates":[148.3209,-21.8615]},"properties":{"plume_id":"imeo:99fcf60e-20fe-4ccc-be60-0b27e87a9c0e","provider":"UNEP IMEO","instrument":"Sentinel-5P/TROPOMI - ESA","datetime_utc":"2023-11-01T00:00:00","emission_kg_hr":5090.0,"sector":"Coal","provider_url":"https://methanedata.unep.org/plumes","nearest_name":"Elphinstone Header Pipeline","nearest_layer":"pipelines_gas","nearest_km":4.12,"association":"linear-only"}},{"type":"Feature","geometry":{"type":"Point","coordinates":[151.07529,-32.47055]},"properties":{"plume_id":"imeo:9a51874f-2718-4d70-892b-448c88399321","provider":"UNEP IMEO","instrument":"EMIT - NASA","datetime_utc":"2025-09-05T22:43:31","emission_kg_hr":3168.0,"uncertainty_kg_hr":792.0,"sector":"Coal","scene_id":"EMIT_L1B_RAD_001_20250905T224331_2524814_004","provider_url":"https://methanedata.unep.org/plumes","nearest_name":"Ashton","nearest_layer":"coal_mines","nearest_km":0.55,"association":"high","facility_name":"Ashton","facility_layer":"coal_mines","facility_km":0.55,"notes":["source AUS_S_043"]}},{"type":"Feature","geometry":{"type":"Point","coordinates":[151.57045,-33.06432]},"properties":{"plume_id":"imeo:9a746e17-0267-4424-a3d6-45c0e0735956","provider":"UNEP IMEO","instrument":"EMIT - NASA","datetime_utc":"2024-08-29T02:22:31","emission_kg_hr":2121.0,"uncertainty_kg_hr":457.0,"sector":"Coal","scene_id":"EMIT_L1B_RAD_001_20240829T022231_2424201_059","provider_url":"https://methanedata.unep.org/plumes","nearest_name":"Myuna","nearest_layer":"coal_mines","nearest_km":0.3,"association":"high","facility_name":"Myuna","facility_layer":"coal_mines","facility_km":0.3,"notes":["source AUS_S_004"]}},{"type":"Feature","geometry":{"type":"Point","coordinates":[150.60399,-34.24458]},"properties":{"plume_id":"imeo:9abac921-fc05-4a83-8256-741871505ec9","provider":"UNEP IMEO","instrument":"EMIT - NASA","datetime_utc":"2023-09-19T02:52:01","emission_kg_hr":7009.0,"uncertainty_kg_hr":2466.0,"sector":"Coal","scene_id":"EMIT_L1B_RAD_001_20230919T025201_2326201_006","provider_url":"https://methanedata.unep.org/plumes","nearest_name":"Tahmoor","nearest_layer":"coal_mines","nearest_km":2.36,"association":"medium","facility_name":"Tahmoor","facility_layer":"coal_mines","facility_km":2.36,"notes":["source AUS_S_015"]}},{"type":"Feature","geometry":{"type":"Point","coordinates":[148.5,-21.5]},"properties":{"plume_id":"imeo:9b747569-7985-486f-8487-6d8251e98ac8","provider":"UNEP IMEO","instrument":"Sentinel-5P/TROPOMI - ESA","datetime_utc":"2024-09-01T03:55:58","emission_kg_hr":12000.0,"uncertainty_kg_hr":7000.0,"sector":"Coal","scene_id":"S5P_OFFL_L2__CH4____20240901T031444_20240901T045614_35678_03_020600_20240902T190020","provider_url":"https://methanedata.unep.org/plumes","nearest_name":"Hail Creek","nearest_layer":"coal_mines","nearest_km":9.67,"association":"low","facility_name":"Hail Creek","facility_layer":"coal_mines","facility_km":9.67}},{"type":"Feature","geometry":{"type":"Point","coordinates":[148.58093,-22.98808]},"properties":{"plume_id":"imeo:9ccfec72-74c7-4eb4-913b-b3781e51fb59","provider":"UNEP IMEO","instrument":"EMIT - NASA","datetime_utc":"2023-05-05T00:44:44","emission_kg_hr":2647.0,"uncertainty_kg_hr":831.0,"sector":"Coal","scene_id":"EMIT_L1B_RAD_001_20230505T004444_2312416_007","provider_url":"https://methanedata.unep.org/plumes","nearest_name":"Aquila-Capcoal","nearest_layer":"coal_mines","nearest_km":7.08,"association":"low","facility_name":"Aquila-Capcoal","facility_layer":"coal_mines","facility_km":7.08,"notes":["source AUS_S_089"]}},{"type":"Feature","geometry":{"type":"Point","coordinates":[150.72,-34.18144]},"properties":{"plume_id":"imeo:9d49bf68-00ab-428d-a366-81701de6e208","provider":"UNEP IMEO","instrument":"EMIT - NASA","datetime_utc":"2024-11-05T23:14:32","emission_kg_hr":2342.0,"uncertainty_kg_hr":570.0,"sector":"Coal","scene_id":"EMIT_L1B_RAD_001_20241105T231432_2431015_039","provider_url":"https://methanedata.unep.org/plumes","nearest_name":"Tower","nearest_layer":"gas_plants","nearest_km":4.21,"association":"low","facility_name":"Tower","facility_layer":"gas_plants","facility_km":4.21,"notes":["source AUS_S_014"]}},{"type":"Feature","geometry":{"type":"Point","coordinates":[148.32297,-23.29948]},"properties":{"plume_id":"imeo:9e0e42db-f3a6-44e3-a9aa-ea98d099a41f","provider":"UNEP IMEO","instrument":"EMIT - NASA","datetime_utc":"2025-04-27T02:23:14","emission_kg_hr":3809.0,"uncertainty_kg_hr":1186.0,"sector":"Coal","scene_id":"EMIT_L1B_RAD_001_20250427T022314_2511701_046","provider_url":"https://methanedata.unep.org/plumes","nearest_name":"Kestrel","nearest_layer":"coal_mines","nearest_km":7.99,"association":"low","facility_name":"Kestrel","facility_layer":"coal_mines","facility_km":7.99,"notes":["source AUS_S_007"]}},{"type":"Feature","geometry":{"type":"Point","coordinates":[148.59326,-23.04752]},"properties":{"plume_id":"imeo:9f1fc89e-b300-4929-b8a1-260fa434ab6e","provider":"UNEP IMEO","instrument":"EMIT - NASA","datetime_utc":"2023-01-19T04:02:23","emission_kg_hr":1416.0,"uncertainty_kg_hr":439.0,"sector":"Coal","scene_id":"EMIT_L1B_RAD_001_20230119T040223_2301902_019","provider_url":"https://methanedata.unep.org/plumes","association":"none within 10 km","notes":["source AUS_S_006"]}},{"type":"Feature","geometry":{"type":"Point","coordinates":[151.01229,-32.55597]},"properties":{"plume_id":"imeo:9f68c068-7938-41a8-bddd-58a92eebe89b","provider":"UNEP IMEO","instrument":"EnMAP - DLR","datetime_utc":"2024-01-13T00:32:37","emission_kg_hr":3626.0,"uncertainty_kg_hr":537.0,"sector":"Coal","scene_id":"ENMAP01-____L1B-DT0000058166_20240113T003237Z_006_V010502_20250410T125819Z","provider_url":"https://methanedata.unep.org/plumes","nearest_name":"United-Wambo","nearest_layer":"coal_mines","nearest_km":0.42,"association":"high","facility_name":"United-Wambo","facility_layer":"coal_mines","facility_km":0.42,"notes":["source AUS_S_129"]}},{"type":"Feature","geometry":{"type":"Point","coordinates":[148.46,-22.97]},"properties":{"plume_id":"imeo:9f80d279-1e3b-48d4-9c43-39230b3f4caa","provider":"UNEP IMEO","instrument":"Sentinel-5P/TROPOMI - ESA","datetime_utc":"2025-08-04T03:40:20","emission_kg_hr":12000.0,"uncertainty_kg_hr":4000.0,"sector":"Coal","scene_id":"S5P_OFFL_L2__CH4____20250804T030148_20250804T044318_40459_03_020800_20250805T185905","provider_url":"https://methanedata.unep.org/plumes","nearest_name":"Oaky Creek","nearest_layer":"gas_plants","nearest_km":9.06,"association":"low","facility_name":"Oaky Creek","facility_layer":"gas_plants","facility_km":9.06,"notes":["also reported by SRON"]}},{"type":"Feature","geometry":{"type":"Point","coordinates":[148.4143,-21.9201]},"properties":{"plume_id":"imeo:a033f279-b24f-4619-874b-d59112dbee2f","provider":"UNEP IMEO","instrument":"Sentinel-5P/TROPOMI - ESA","datetime_utc":"2024-06-19T00:00:00","emission_kg_hr":31890.0,"sector":"Coal","provider_url":"https://methanedata.unep.org/plumes","nearest_name":"Moorvale","nearest_layer":"coal_mines","nearest_km":7.61,"association":"low","facility_name":"Moorvale","facility_layer":"coal_mines","facility_km":7.61}},{"type":"Feature","geometry":{"type":"Point","coordinates":[148.29515,-23.33436]},"properties":{"plume_id":"imeo:a088b204-3f2b-45f1-af6b-f1d54d06a2ee","provider":"UNEP IMEO","instrument":"EMIT - NASA","datetime_utc":"2025-04-23T03:57:37","emission_kg_hr":1018.0,"uncertainty_kg_hr":300.0,"sector":"Coal","scene_id":"EMIT_L1B_RAD_001_20250423T035737_2511302_038","provider_url":"https://methanedata.unep.org/plumes","association":"none within 10 km","notes":["source AUS_S_152"]}},{"type":"Feature","geometry":{"type":"Point","coordinates":[150.96371,-34.20237]},"properties":{"plume_id":"imeo:a11445eb-df64-4b9b-ae4f-b76caac37bc0","provider":"UNEP IMEO","instrument":"EMIT - NASA","datetime_utc":"2026-03-14T03:38:14","emission_kg_hr":547.0,"uncertainty_kg_hr":194.0,"sector":"Coal","scene_id":"EMIT_L1B_RAD_001_20260314T033814_2607302_014","provider_url":"https://methanedata.unep.org/plumes","nearest_name":"Metropolitan","nearest_layer":"coal_mines","nearest_km":3.1,"association":"low","facility_name":"Metropolitan","facility_layer":"coal_mines","facility_km":3.1,"notes":["source AUS_S_001"]}},{"type":"Feature","geometry":{"type":"Point","coordinates":[150.72,-34.18144]},"properties":{"plume_id":"imeo:a18ce46b-ff71-4dfe-9f01-f3ace5e29e36","provider":"UNEP IMEO","instrument":"EMIT - NASA","datetime_utc":"2025-01-04T23:28:16","emission_kg_hr":5807.0,"uncertainty_kg_hr":1163.0,"sector":"Coal","scene_id":"EMIT_L1B_RAD_001_20250104T232816_2500415_042","provider_url":"https://methanedata.unep.org/plumes","nearest_name":"Tower","nearest_layer":"gas_plants","nearest_km":4.21,"association":"low","facility_name":"Tower","facility_layer":"gas_plants","facility_km":4.21,"notes":["source AUS_S_014"]}},{"type":"Feature","geometry":{"type":"Point","coordinates":[148.2042,-21.9278]},"properties":{"plume_id":"imeo:a1fbc12b-f0fb-4afc-8bca-c6b1b27966c4","provider":"UNEP IMEO","instrument":"Sentinel-5P/TROPOMI - ESA","datetime_utc":"2024-06-14T00:00:00","emission_kg_hr":22270.0,"sector":"Coal","provider_url":"https://methanedata.unep.org/plumes","nearest_name":"Carborough Downs","nearest_layer":"coal_mines","nearest_km":2.53,"association":"medium","facility_name":"Carborough Downs","facility_layer":"coal_mines","facility_km":2.53}},{"type":"Feature","geometry":{"type":"Point","coordinates":[112.76492,-7.54994]},"properties":{"plume_id":"imeo:a1ff54da-e227-452b-8f88-48308f1a1abc","provider":"UNEP IMEO","instrument":"EMIT - NASA","datetime_utc":"2025-09-20T05:10:48","emission_kg_hr":1275.0,"uncertainty_kg_hr":475.0,"sector":"Waste","scene_id":"EMIT_L1B_RAD_001_20250920T051048_2526304_003","provider_url":"https://methanedata.unep.org/plumes","association":"none within 10 km","notes":["source IDN_S_001"]}},{"type":"Feature","geometry":{"type":"Point","coordinates":[148.03,-23.43]},"properties":{"plume_id":"imeo:a201f621-cf6c-4311-b499-99f0cf9f5661","provider":"UNEP IMEO","instrument":"Sentinel-5P/TROPOMI - ESA","datetime_utc":"2025-10-07T03:40:32","emission_kg_hr":12000.0,"uncertainty_kg_hr":5000.0,"sector":"Coal","scene_id":"S5P_OFFL_L2__CH4____20251007T025534_20251007T043704_41367_03_020800_20251010T084125","provider_url":"https://methanedata.unep.org/plumes","association":"none within 10 km","notes":["also reported by SRON"]}},{"type":"Feature","geometry":{"type":"Point","coordinates":[147.96944,-21.65978]},"properties":{"plume_id":"imeo:a257bd00-0720-4a82-b72d-35116f67be72","provider":"UNEP IMEO","instrument":"EMIT - NASA","datetime_utc":"2025-10-23T03:24:09","emission_kg_hr":1499.0,"uncertainty_kg_hr":308.0,"sector":"Coal","scene_id":"EMIT_L1B_RAD_001_20251023T032409_2529602_048","provider_url":"https://methanedata.unep.org/plumes","nearest_name":"Centurion","nearest_layer":"coal_mines","nearest_km":1.54,"association":"medium","facility_name":"Centurion","facility_layer":"coal_mines","facility_km":1.54,"notes":["source AUS_S_104"]}},{"type":"Feature","geometry":{"type":"Point","coordinates":[151.10391,-32.45308]},"properties":{"plume_id":"imeo:a25abb36-98c1-4a88-af3a-6a9323b2245d","provider":"UNEP IMEO","instrument":"EnMAP - DLR","datetime_utc":"2025-12-19T00:35:50","emission_kg_hr":683.0,"uncertainty_kg_hr":293.0,"sector":"Coal","scene_id":"ENMAP01-____L1B-DT0000170180_20251219T003550Z_018_V010505_20251220T234232Z","provider_url":"https://methanedata.unep.org/plumes","nearest_name":"Glendell","nearest_layer":"coal_mines","nearest_km":2.48,"association":"medium","facility_name":"Glendell","facility_layer":"coal_mines","facility_km":2.48,"notes":["source AUS_S_022"]}},{"type":"Feature","geometry":{"type":"Point","coordinates":[151.24,-32.82]},"properties":{"plume_id":"imeo:a2cde07c-1867-403c-9e88-7c88b3594c9e","provider":"UNEP IMEO","instrument":"Sentinel-5P/TROPOMI - ESA","datetime_utc":"2026-04-16T04:01:06","emission_kg_hr":51000.0,"uncertainty_kg_hr":26000.0,"sector":"Coal","scene_id":"S5P_OFFL_L2__CH4____20260416T032349_20260416T050520_44077_03_020901_20260417T193753","provider_url":"https://methanedata.unep.org/plumes","association":"none within 10 km","notes":["also reported by SRON"]}},{"type":"Feature","geometry":{"type":"Point","coordinates":[150.72,-34.18144]},"properties":{"plume_id":"imeo:a2f7cf28-e3e6-46b0-bbcd-940874e1c0a9","provider":"UNEP IMEO","instrument":"EMIT - NASA","datetime_utc":"2025-11-05T22:41:56","emission_kg_hr":3931.0,"uncertainty_kg_hr":330.0,"sector":"Coal","scene_id":"EMIT_L1B_RAD_001_20251105T224156_2530915_033","provider_url":"https://methanedata.unep.org/plumes","nearest_name":"Tower","nearest_layer":"gas_plants","nearest_km":4.21,"association":"low","facility_name":"Tower","facility_layer":"gas_plants","facility_km":4.21,"notes":["source AUS_S_014"]}},{"type":"Feature","geometry":{"type":"Point","coordinates":[151.00999,-32.55732]},"properties":{"plume_id":"imeo:a389608e-cced-43b7-8b7d-4c5c15ee3100","provider":"UNEP IMEO","instrument":"EMIT - NASA","datetime_utc":"2025-09-22T00:21:03","emission_kg_hr":2397.0,"uncertainty_kg_hr":582.0,"sector":"Coal","scene_id":"EMIT_L1B_RAD_001_20250922T002103_2526501_005","provider_url":"https://methanedata.unep.org/plumes","nearest_name":"United-Wambo","nearest_layer":"coal_mines","nearest_km":0.16,"association":"high","facility_name":"United-Wambo","facility_layer":"coal_mines","facility_km":0.16,"notes":["source AUS_S_210"]}},{"type":"Feature","geometry":{"type":"Point","coordinates":[151.46083,-33.11434]},"properties":{"plume_id":"imeo:a399244f-83f4-4f00-aac4-1e41f5355d5e","provider":"UNEP IMEO","instrument":"EMIT - NASA","datetime_utc":"2024-08-29T02:22:31","emission_kg_hr":3496.0,"uncertainty_kg_hr":986.0,"sector":"Coal","scene_id":"EMIT_L1B_RAD_001_20240829T022231_2424201_059","provider_url":"https://methanedata.unep.org/plumes","nearest_name":"Mandalong","nearest_layer":"coal_mines","nearest_km":0.39,"association":"high","facility_name":"Mandalong","facility_layer":"coal_mines","facility_km":0.39,"notes":["source AUS_S_008"]}},{"type":"Feature","geometry":{"type":"Point","coordinates":[151.57,-33.15115]},"properties":{"plume_id":"imeo:a437423a-28a0-4143-a7c1-b1bdfde78463","provider":"UNEP IMEO","instrument":"EnMAP - DLR","datetime_utc":"2024-12-21T00:25:01","emission_kg_hr":1112.0,"uncertainty_kg_hr":344.0,"sector":"Coal","scene_id":"ENMAP01-____L1B-DT0000107346_20241221T002501Z_021_V010502_20241224T053148Z","provider_url":"https://methanedata.unep.org/plumes","nearest_name":"Chain Valley","nearest_layer":"coal_mines","nearest_km":2.28,"association":"medium","facility_name":"Chain Valley","facility_layer":"coal_mines","facility_km":2.28,"notes":["source AUS_S_083","also reported by UNEP IMEO"]}},{"type":"Feature","geometry":{"type":"Point","coordinates":[148.26032,-21.99396]},"properties":{"plume_id":"imeo:a483f8c1-d8f3-471f-90cf-84da3d930ea3","provider":"UNEP IMEO","instrument":"EMIT - NASA","datetime_utc":"2025-05-18T03:32:25","emission_kg_hr":600.0,"uncertainty_kg_hr":193.0,"sector":"Coal","scene_id":"EMIT_L1B_RAD_001_20250518T033225_2513803_004","provider_url":"https://methanedata.unep.org/plumes","nearest_name":"Poitrel","nearest_layer":"coal_mines","nearest_km":5.87,"association":"low","facility_name":"Poitrel","facility_layer":"coal_mines","facility_km":5.87,"notes":["source AUS_S_115"]}},{"type":"Feature","geometry":{"type":"Point","coordinates":[148.75,-22.71]},"properties":{"plume_id":"imeo:a4b31fbf-d1cf-456d-b941-9595bba6a6ad","provider":"UNEP IMEO","instrument":"Sentinel-5P/TROPOMI - ESA","datetime_utc":"2026-04-11T03:57:27","emission_kg_hr":11000.0,"uncertainty_kg_hr":6000.0,"sector":"Coal","scene_id":"S5P_OFFL_L2__CH4____20260411T031643_20260411T045813_44006_03_020901_20260412T192547","provider_url":"https://methanedata.unep.org/plumes","association":"none within 10 km","notes":["also reported by SRON"]}},{"type":"Feature","geometry":{"type":"Point","coordinates":[148.37,-21.77]},"properties":{"plume_id":"imeo:a4c5ca89-9939-47ea-ac4e-a5734fe7977c","provider":"UNEP IMEO","instrument":"Sentinel-5P/TROPOMI - ESA","datetime_utc":"2025-07-03T03:40:11","emission_kg_hr":14000.0,"uncertainty_kg_hr":6000.0,"sector":"Coal","scene_id":"S5P_OFFL_L2__CH4____20250703T030258_20250703T044428_40005_03_020800_20250704T185542","provider_url":"https://methanedata.unep.org/plumes","nearest_name":"South Walker Creek","nearest_layer":"coal_mines","nearest_km":7.52,"association":"low","facility_name":"South Walker Creek","facility_layer":"coal_mines","facility_km":7.52,"notes":["also reported by SRON"]}},{"type":"Feature","geometry":{"type":"Point","coordinates":[115.44957,-20.78931]},"properties":{"plume_id":"imeo:a4d1865f-66a8-49f7-a66d-c7932651238f","provider":"UNEP IMEO","instrument":"EMIT - NASA","datetime_utc":"2025-07-16T06:21:45","sector":"Oil and Gas","scene_id":"EMIT_L1B_RAD_001_20250716T062145_2519704_007","provider_url":"https://methanedata.unep.org/plumes","nearest_name":"Jansz-Io to Barrow Island","nearest_layer":"pipelines_gas","nearest_km":0.64,"association":"linear-only","notes":["source AUS_S_011"]}},{"type":"Feature","geometry":{"type":"Point","coordinates":[151.57,-33.15115]},"properties":{"plume_id":"imeo:a52deb71-82d6-4d9d-90da-05988be92b7a","provider":"UNEP IMEO","instrument":"EMIT - NASA","datetime_utc":"2023-12-30T02:34:45","emission_kg_hr":1687.0,"uncertainty_kg_hr":583.0,"sector":"Coal","scene_id":"EMIT_L1B_RAD_001_20231230T023445_2336402_010","provider_url":"https://methanedata.unep.org/plumes","nearest_name":"Chain Valley","nearest_layer":"coal_mines","nearest_km":2.28,"association":"medium","facility_name":"Chain Valley","facility_layer":"coal_mines","facility_km":2.28,"notes":["source AUS_S_083"]}},{"type":"Feature","geometry":{"type":"Point","coordinates":[150.76425,-34.38507]},"properties":{"plume_id":"imeo:a5434d18-c4bc-44a2-83fe-1b5bba12cd69","provider":"UNEP IMEO","instrument":"EMIT - NASA","datetime_utc":"2024-11-05T23:14:32","emission_kg_hr":1765.0,"uncertainty_kg_hr":507.0,"sector":"Coal","scene_id":"EMIT_L1B_RAD_001_20241105T231432_2431015_039","provider_url":"https://methanedata.unep.org/plumes","nearest_name":"Dendrobium","nearest_layer":"coal_mines","nearest_km":6.63,"association":"low","facility_name":"Dendrobium","facility_layer":"coal_mines","facility_km":6.63,"notes":["source AUS_S_003"]}},{"type":"Feature","geometry":{"type":"Point","coordinates":[148.13,-21.88]},"properties":{"plume_id":"imeo:a56c7df1-25a6-420e-8b92-b2de9591f344","provider":"UNEP IMEO","instrument":"Sentinel-5P/TROPOMI - ESA","datetime_utc":"2024-06-20T03:24:58","emission_kg_hr":28000.0,"uncertainty_kg_hr":9000.0,"sector":"Coal","scene_id":"S5P_OFFL_L2__CH4____20240620T024736_20240620T042906_34642_03_020600_20240621T182901","provider_url":"https://methanedata.unep.org/plumes","nearest_name":"Broadlea","nearest_layer":"coal_mines","nearest_km":4.18,"association":"low","facility_name":"Broadlea","facility_layer":"coal_mines","facility_km":4.18}},{"type":"Feature","geometry":{"type":"Point","coordinates":[148.37,-21.84]},"properties":{"plume_id":"imeo:a7707565-7996-4b2a-824e-07ce42636341","provider":"UNEP IMEO","instrument":"Sentinel-5P/TROPOMI - ESA","datetime_utc":"2024-09-01T03:55:51","emission_kg_hr":19000.0,"uncertainty_kg_hr":8000.0,"sector":"Coal","scene_id":"S5P_OFFL_L2__CH4____20240901T031444_20240901T045614_35678_03_020600_20240902T190020","provider_url":"https://methanedata.unep.org/plumes","nearest_name":"Coppabella","nearest_layer":"coal_mines","nearest_km":5.93,"association":"low","facility_name":"Coppabella","facility_layer":"coal_mines","facility_km":5.93}},{"type":"Feature","geometry":{"type":"Point","coordinates":[151.07529,-32.47055]},"properties":{"plume_id":"imeo:a9679eb7-298b-4d54-b49f-cc7d6803a416","provider":"UNEP IMEO","instrument":"EMIT - NASA","datetime_utc":"2025-07-16T03:12:02","emission_kg_hr":2543.0,"uncertainty_kg_hr":790.0,"sector":"Coal","scene_id":"EMIT_L1B_RAD_001_20250716T031202_2519702_008","provider_url":"https://methanedata.unep.org/plumes","nearest_name":"Ashton","nearest_layer":"coal_mines","nearest_km":0.55,"association":"high","facility_name":"Ashton","facility_layer":"coal_mines","facility_km":0.55,"notes":["source AUS_S_043"]}},{"type":"Feature","geometry":{"type":"Point","coordinates":[151.07529,-32.47055]},"properties":{"plume_id":"imeo:aa814f62-7a00-4cb9-8c8a-b38e86950df7","provider":"UNEP IMEO","instrument":"EnMAP - DLR","datetime_utc":"2023-08-12T00:38:26","emission_kg_hr":1700.0,"uncertainty_kg_hr":650.0,"sector":"Coal","scene_id":"ENMAP01-____L1B-DT0000032471_20230812T003826Z_012_V010502_20250410T125127Z","provider_url":"https://methanedata.unep.org/plumes","nearest_name":"Ashton","nearest_layer":"coal_mines","nearest_km":0.55,"association":"high","facility_name":"Ashton","facility_layer":"coal_mines","facility_km":0.55,"notes":["source AUS_S_043"]}},{"type":"Feature","geometry":{"type":"Point","coordinates":[148.58,-23.05]},"properties":{"plume_id":"imeo:aaa7926f-e4ad-41ce-9331-d10755740b01","provider":"UNEP IMEO","instrument":"Sentinel-5P/TROPOMI - ESA","datetime_utc":"2025-06-10T04:10:34","emission_kg_hr":20000.0,"uncertainty_kg_hr":9000.0,"sector":"Coal","scene_id":"S5P_OFFL_L2__CH4____20250610T033420_20250610T051550_39679_03_020800_20250611T195051","provider_url":"https://methanedata.unep.org/plumes","nearest_name":"Oaky Creek","nearest_layer":"coal_mines","nearest_km":9.6,"association":"low","facility_name":"Oaky Creek","facility_layer":"coal_mines","facility_km":9.6,"notes":["also reported by SRON"]}},{"type":"Feature","geometry":{"type":"Point","coordinates":[148.01464,-21.82506]},"properties":{"plume_id":"imeo:aab843ba-a69f-4c95-a013-d4bee44f8f2a","provider":"UNEP IMEO","instrument":"EMIT - NASA","datetime_utc":"2025-08-23T03:34:29","emission_kg_hr":390.0,"uncertainty_kg_hr":211.0,"sector":"Coal","scene_id":"EMIT_L1B_RAD_001_20250823T033429_2523502_042","provider_url":"https://methanedata.unep.org/plumes","nearest_name":"Grosvenor","nearest_layer":"coal_mines","nearest_km":5.78,"association":"low","facility_name":"Grosvenor","facility_layer":"coal_mines","facility_km":5.78,"notes":["source AUS_S_121"]}},{"type":"Feature","geometry":{"type":"Point","coordinates":[148.58093,-22.98808]},"properties":{"plume_id":"imeo:aac50295-d5c9-479e-8b17-036c5afa4b88","provider":"UNEP IMEO","instrument":"PRISMA - ASI","datetime_utc":"2024-09-20T00:16:25","emission_kg_hr":2584.0,"uncertainty_kg_hr":913.0,"sector":"Coal","scene_id":"PRS_L1_STD_OFFL_20240920001625_20240920001630_0001","provider_url":"https://methanedata.unep.org/plumes","nearest_name":"Aquila-Capcoal","nearest_layer":"coal_mines","nearest_km":7.08,"association":"low","facility_name":"Aquila-Capcoal","facility_layer":"coal_mines","facility_km":7.08,"notes":["source AUS_S_089"]}},{"type":"Feature","geometry":{"type":"Point","coordinates":[151.04,-32.68]},"properties":{"plume_id":"imeo:aaed1e6d-1dc3-49fc-85fa-29b74593004d","provider":"UNEP IMEO","instrument":"Sentinel-5P/TROPOMI - ESA","datetime_utc":"2024-09-10T04:24:14","emission_kg_hr":14000.0,"uncertainty_kg_hr":5000.0,"sector":"Coal","scene_id":"S5P_OFFL_L2__CH4____20240910T034533_20240910T052703_35806_03_020701_20240912T222004","provider_url":"https://methanedata.unep.org/plumes","nearest_name":"Mount Thorley","nearest_layer":"coal_mines","nearest_km":4.25,"association":"low","facility_name":"Mount Thorley","facility_layer":"coal_mines","facility_km":4.25}},{"type":"Feature","geometry":{"type":"Point","coordinates":[148.53,-21.95]},"properties":{"plume_id":"imeo:abd31a6c-4867-4efe-bd6f-cbc01a90a6a6","provider":"UNEP IMEO","instrument":"Sentinel-5P/TROPOMI - ESA","datetime_utc":"2024-06-19T03:43:34","emission_kg_hr":11000.0,"uncertainty_kg_hr":4000.0,"sector":"Coal","scene_id":"S5P_OFFL_L2__CH4____20240619T030637_20240619T044807_34628_03_020600_20240620T190425","provider_url":"https://methanedata.unep.org/plumes","association":"none within 10 km"}},{"type":"Feature","geometry":{"type":"Point","coordinates":[151.46083,-33.11434]},"properties":{"plume_id":"imeo:abe2f453-fa33-45cc-a0f6-09f8cab39c18","provider":"UNEP IMEO","instrument":"EMIT - NASA","datetime_utc":"2024-09-11T05:04:59","emission_kg_hr":596.0,"uncertainty_kg_hr":214.0,"sector":"Coal","scene_id":"EMIT_L1B_RAD_001_20240911T050459_2425503_014","provider_url":"https://methanedata.unep.org/plumes","nearest_name":"Mandalong","nearest_layer":"coal_mines","nearest_km":0.39,"association":"high","facility_name":"Mandalong","facility_layer":"coal_mines","facility_km":0.39,"notes":["source AUS_S_008"]}},{"type":"Feature","geometry":{"type":"Point","coordinates":[150.99948,-32.52914]},"properties":{"plume_id":"imeo:ac0e30db-24ff-4abc-b217-d6cd3f3a6cd1","provider":"UNEP IMEO","instrument":"EnMAP - DLR","datetime_utc":"2024-04-15T00:42:26","emission_kg_hr":1261.0,"uncertainty_kg_hr":276.0,"sector":"Coal","scene_id":"ENMAP01-____L1B-DT0000069141_20240415T004226Z_010_V010502_20250411T131247Z","provider_url":"https://methanedata.unep.org/plumes","nearest_name":"Hunter Valley Operations","nearest_layer":"coal_mines","nearest_km":0.35,"association":"high","facility_name":"Hunter Valley Operations","facility_layer":"coal_mines","facility_km":0.35,"notes":["source AUS_S_118"]}},{"type":"Feature","geometry":{"type":"Point","coordinates":[151.57045,-33.06432]},"properties":{"plume_id":"imeo:ac4c02ca-93d9-4e35-b773-f5b88832d61e","provider":"UNEP IMEO","instrument":"EnMAP - DLR","datetime_utc":"2024-12-21T00:25:01","emission_kg_hr":414.0,"uncertainty_kg_hr":157.0,"sector":"Coal","scene_id":"ENMAP01-____L1B-DT0000107346_20241221T002501Z_021_V010502_20241224T053148Z","provider_url":"https://methanedata.unep.org/plumes","nearest_name":"Myuna","nearest_layer":"coal_mines","nearest_km":0.3,"association":"high","facility_name":"Myuna","facility_layer":"coal_mines","facility_km":0.3,"notes":["source AUS_S_004"]}},{"type":"Feature","geometry":{"type":"Point","coordinates":[149.8754,-30.5172]},"properties":{"plume_id":"imeo:ac5573b5-5ba0-4601-9eb6-0c545a3e3c68","provider":"UNEP IMEO","instrument":"EMIT - NASA","datetime_utc":"2022-09-05T00:57:23","emission_kg_hr":663.0,"uncertainty_kg_hr":218.0,"sector":"Coal","scene_id":"EMIT_L1B_RAD_001_20220905T005723_2224801_027","provider_url":"https://methanedata.unep.org/plumes","nearest_name":"Narrabri","nearest_layer":"coal_mines","nearest_km":1.87,"association":"medium","facility_name":"Narrabri","facility_layer":"coal_mines","facility_km":1.87,"notes":["source AUS_S_193"]}},{"type":"Feature","geometry":{"type":"Point","coordinates":[151.0126,-32.815]},"properties":{"plume_id":"imeo:ac77257e-a443-4bd9-94ef-67314bacc5b0","provider":"UNEP IMEO","instrument":"Sentinel-5P/TROPOMI - ESA","datetime_utc":"2023-08-09T00:00:00","emission_kg_hr":36718.0,"sector":"Coal","provider_url":"https://methanedata.unep.org/plumes","association":"none within 10 km"}},{"type":"Feature","geometry":{"type":"Point","coordinates":[150.72,-34.18144]},"properties":{"plume_id":"imeo:ac813a52-40b4-4ab3-be0a-700aaaeec39e","provider":"UNEP IMEO","instrument":"EnMAP - DLR","datetime_utc":"2023-08-12T00:38:53","emission_kg_hr":1356.0,"uncertainty_kg_hr":422.0,"sector":"Coal","scene_id":"ENMAP01-____L1B-DT0000032471_20230812T003853Z_018_V010502_20250410T153042Z","provider_url":"https://methanedata.unep.org/plumes","nearest_name":"Tower","nearest_layer":"gas_plants","nearest_km":4.21,"association":"low","facility_name":"Tower","facility_layer":"gas_plants","facility_km":4.21,"notes":["source AUS_S_014"]}},{"type":"Feature","geometry":{"type":"Point","coordinates":[150.76425,-34.38507]},"properties":{"plume_id":"imeo:acd99d71-315f-47e7-a48f-e562a7d19708","provider":"UNEP IMEO","instrument":"EnMAP - DLR","datetime_utc":"2024-04-15T00:42:57","emission_kg_hr":360.0,"uncertainty_kg_hr":74.0,"sector":"Coal","scene_id":"ENMAP01-____L1B-DT0000069141_20240415T004257Z_017_V010502_20250410T155426Z","provider_url":"https://methanedata.unep.org/plumes","nearest_name":"Dendrobium","nearest_layer":"coal_mines","nearest_km":6.63,"association":"low","facility_name":"Dendrobium","facility_layer":"coal_mines","facility_km":6.63,"notes":["source AUS_S_003"]}},{"type":"Feature","geometry":{"type":"Point","coordinates":[150.72,-34.18144]},"properties":{"plume_id":"imeo:acdb6118-146a-4385-a341-02c1d97d9c99","provider":"UNEP IMEO","instrument":"EnMAP - DLR","datetime_utc":"2023-08-04T00:32:07","emission_kg_hr":2109.0,"uncertainty_kg_hr":523.0,"sector":"Coal","scene_id":"ENMAP01-____L1B-DT0000031691_20230804T003207Z_011_V010502_20250417T022436Z","provider_url":"https://methanedata.unep.org/plumes","nearest_name":"Tower","nearest_layer":"gas_plants","nearest_km":4.21,"association":"low","facility_name":"Tower","facility_layer":"gas_plants","facility_km":4.21,"notes":["source AUS_S_014"]}},{"type":"Feature","geometry":{"type":"Point","coordinates":[148.77,-25.87]},"properties":{"plume_id":"imeo:acfde365-26c4-4b5a-b923-ca0539adeec4","provider":"UNEP IMEO","instrument":"Sentinel-5P/TROPOMI - ESA","datetime_utc":"2025-08-04T03:39:33","emission_kg_hr":3000.0,"uncertainty_kg_hr":1000.0,"sector":"Oil and Gas","scene_id":"S5P_OFFL_L2__CH4____20250804T030148_20250804T044318_40459_03_020800_20250805T185905","provider_url":"https://methanedata.unep.org/plumes","nearest_name":"Wallumbilla to Gladstone Pipeline","nearest_layer":"pipelines_gas","nearest_km":3.19,"association":"linear-only","notes":["also reported by SRON"]}},{"type":"Feature","geometry":{"type":"Point","coordinates":[148.87,-21.94]},"properties":{"plume_id":"imeo:ad05f6f5-4a76-401c-96bc-0579cc8a66fa","provider":"UNEP IMEO","instrument":"Sentinel-5P/TROPOMI - ESA","datetime_utc":"2025-06-26T04:11:13","emission_kg_hr":34000.0,"uncertainty_kg_hr":12000.0,"sector":"Coal","scene_id":"S5P_OFFL_L2__CH4____20250626T033442_20250626T051611_39906_03_020800_20250628T080628","provider_url":"https://methanedata.unep.org/plumes","association":"none within 10 km","notes":["also reported by SRON"]}},{"type":"Feature","geometry":{"type":"Point","coordinates":[150.72,-34.18144]},"properties":{"plume_id":"imeo:ad0ac128-fd6a-4fd5-9b0b-0013358abd51","provider":"UNEP IMEO","instrument":"EnMAP - DLR","datetime_utc":"2026-06-07T00:43:12","emission_kg_hr":3833.0,"uncertainty_kg_hr":745.0,"sector":"Coal","scene_id":"ENMAP01-____L1B-DT0000198764_20260607T004312Z_002_V010506_20260609T020050Z","provider_url":"https://methanedata.unep.org/plumes","nearest_name":"Tower","nearest_layer":"gas_plants","nearest_km":4.21,"association":"low","facility_name":"Tower","facility_layer":"gas_plants","facility_km":4.21,"notes":["source AUS_S_014"]}},{"type":"Feature","geometry":{"type":"Point","coordinates":[147.8,-21.73]},"properties":{"plume_id":"imeo:ad2fb644-7cb5-4b4c-a7c3-c425158d1c7e","provider":"UNEP IMEO","instrument":"Sentinel-5P/TROPOMI - ESA","datetime_utc":"2025-09-30T04:12:16","emission_kg_hr":8000.0,"uncertainty_kg_hr":4000.0,"sector":"Coal","scene_id":"S5P_OFFL_L2__CH4____20250930T032809_20250930T050938_41268_03_020800_20251001T193359","provider_url":"https://methanedata.unep.org/plumes","nearest_name":"Moranbah to Yabulu","nearest_layer":"pipelines_gas","nearest_km":9.0,"association":"linear-only","notes":["also reported by SRON"]}},{"type":"Feature","geometry":{"type":"Point","coordinates":[150.77088,-34.20724]},"properties":{"plume_id":"imeo:ad649c57-d449-45cf-afef-88f04124f42c","provider":"UNEP IMEO","instrument":"EMIT - NASA","datetime_utc":"2025-11-05T22:41:56","emission_kg_hr":348.0,"uncertainty_kg_hr":53.0,"sector":"Coal","scene_id":"EMIT_L1B_RAD_001_20251105T224156_2530915_033","provider_url":"https://methanedata.unep.org/plumes","nearest_name":"Appin","nearest_layer":"gas_plants","nearest_km":2.05,"association":"medium","facility_name":"Appin","facility_layer":"gas_plants","facility_km":2.05,"notes":["source AUS_S_010"]}},{"type":"Feature","geometry":{"type":"Point","coordinates":[151.57,-33.15115]},"properties":{"plume_id":"imeo:ada71f6a-0d54-4df2-b14b-140cc4d29bb7","provider":"UNEP IMEO","instrument":"EMIT - NASA","datetime_utc":"2024-09-02T00:49:00","emission_kg_hr":6865.0,"uncertainty_kg_hr":2825.0,"sector":"Coal","scene_id":"EMIT_L1B_RAD_001_20240902T004900_2424516_048","provider_url":"https://methanedata.unep.org/plumes","nearest_name":"Chain Valley","nearest_layer":"coal_mines","nearest_km":2.28,"association":"medium","facility_name":"Chain Valley","facility_layer":"coal_mines","facility_km":2.28,"notes":["source AUS_S_083"]}},{"type":"Feature","geometry":{"type":"Point","coordinates":[147.9843,-21.82108]},"properties":{"plume_id":"imeo:add922a6-c51f-44e3-85e5-6748f4834f89","provider":"UNEP IMEO","instrument":"EMIT - NASA","datetime_utc":"2025-01-19T02:42:16","emission_kg_hr":442.0,"uncertainty_kg_hr":133.0,"sector":"Coal","scene_id":"EMIT_L1B_RAD_001_20250119T024216_2501901_026","provider_url":"https://methanedata.unep.org/plumes","nearest_name":"Goonyella","nearest_layer":"coal_mines","nearest_km":3.92,"association":"low","facility_name":"Goonyella","facility_layer":"coal_mines","facility_km":3.92,"notes":["source AUS_S_076"]}},{"type":"Feature","geometry":{"type":"Point","coordinates":[151.07529,-32.47055]},"properties":{"plume_id":"imeo:adfc04ea-efb4-4886-9d2a-7df7497cac9c","provider":"UNEP IMEO","instrument":"PRISMA - ASI","datetime_utc":"2024-06-13T00:12:23","emission_kg_hr":626.0,"uncertainty_kg_hr":153.0,"sector":"Coal","scene_id":"PRS_L1_STD_OFFL_20240613001223_20240613001228_0001","provider_url":"https://methanedata.unep.org/plumes","nearest_name":"Ashton","nearest_layer":"coal_mines","nearest_km":0.55,"association":"high","facility_name":"Ashton","facility_layer":"coal_mines","facility_km":0.55,"notes":["source AUS_S_043"]}},{"type":"Feature","geometry":{"type":"Point","coordinates":[147.99512,-21.88795]},"properties":{"plume_id":"imeo:aeb9cd85-2c49-4838-8eaf-3b60838a9e33","provider":"UNEP IMEO","instrument":"EnMAP - DLR","datetime_utc":"2026-05-27T00:54:27","emission_kg_hr":2523.0,"uncertainty_kg_hr":712.0,"sector":"Coal","scene_id":"ENMAP01-____L1B-DT0000194838_20260527T005427Z_002_V010506_20260527T175907Z","provider_url":"https://methanedata.unep.org/plumes","nearest_name":"Grosvenor","nearest_layer":"coal_mines","nearest_km":1.65,"association":"medium","facility_name":"Grosvenor","facility_layer":"coal_mines","facility_km":1.65,"notes":["source AUS_S_028"]}},{"type":"Feature","geometry":{"type":"Point","coordinates":[151.07529,-32.47055]},"properties":{"plume_id":"imeo:aedc3f81-1da9-454c-abd0-8e13c0a985cb","provider":"UNEP IMEO","instrument":"EnMAP - DLR","datetime_utc":"2023-11-12T00:25:19","emission_kg_hr":2265.0,"uncertainty_kg_hr":918.0,"sector":"Coal","scene_id":"ENMAP01-____L1B-DT0000050490_20231112T002519Z_003_V010502_20250410T125902Z","provider_url":"https://methanedata.unep.org/plumes","nearest_name":"Ashton","nearest_layer":"coal_mines","nearest_km":0.55,"association":"high","facility_name":"Ashton","facility_layer":"coal_mines","facility_km":0.55,"notes":["source AUS_S_043"]}},{"type":"Feature","geometry":{"type":"Point","coordinates":[147.99677,-21.96233]},"properties":{"plume_id":"imeo:af2efbd4-d736-4e82-a4ba-005708f47ba5","provider":"UNEP IMEO","instrument":"EMIT - NASA","datetime_utc":"2024-10-31T00:54:34","emission_kg_hr":3695.0,"uncertainty_kg_hr":1217.0,"sector":"Coal","scene_id":"EMIT_L1B_RAD_001_20241031T005434_2430501_041","provider_url":"https://methanedata.unep.org/plumes","nearest_name":"Moranbah","nearest_layer":"gas_plants","nearest_km":0.95,"association":"high","facility_name":"Moranbah","facility_layer":"gas_plants","facility_km":0.95,"notes":["source AUS_S_051"]}},{"type":"Feature","geometry":{"type":"Point","coordinates":[151.01229,-32.55597]},"properties":{"plume_id":"imeo:af42c11c-043a-44d9-ba03-4d5c26cd0612","provider":"UNEP IMEO","instrument":"EnMAP - DLR","datetime_utc":"2025-09-21T00:28:27","emission_kg_hr":1570.0,"uncertainty_kg_hr":595.0,"sector":"Coal","scene_id":"ENMAP01-____L1B-DT0000153818_20250921T002827Z_002_V010502_20251007T065831Z","provider_url":"https://methanedata.unep.org/plumes","nearest_name":"United-Wambo","nearest_layer":"coal_mines","nearest_km":0.42,"association":"high","facility_name":"United-Wambo","facility_layer":"coal_mines","facility_km":0.42,"notes":["source AUS_S_129"]}},{"type":"Feature","geometry":{"type":"Point","coordinates":[150.72,-34.18144]},"properties":{"plume_id":"imeo:afa2a44f-aab2-4d5a-bc97-658f631a5fb9","provider":"UNEP IMEO","instrument":"EnMAP - DLR","datetime_utc":"2026-06-03T00:39:37","emission_kg_hr":2276.0,"uncertainty_kg_hr":798.0,"sector":"Coal","scene_id":"ENMAP01-____L1B-DT0000198761_20260603T003937Z_001_V010506_20260604T011840Z","provider_url":"https://methanedata.unep.org/plumes","nearest_name":"Tower","nearest_layer":"gas_plants","nearest_km":4.21,"association":"low","facility_name":"Tower","facility_layer":"gas_plants","facility_km":4.21,"notes":["source AUS_S_014"]}},{"type":"Feature","geometry":{"type":"Point","coordinates":[151.03,-32.53]},"properties":{"plume_id":"imeo:b01e073f-7248-4010-bf5c-bacd249d94a5","provider":"UNEP IMEO","instrument":"Sentinel-5P/TROPOMI - ESA","datetime_utc":"2025-10-15T04:27:56","emission_kg_hr":21000.0,"uncertainty_kg_hr":14000.0,"sector":"Coal","scene_id":"S5P_OFFL_L2__CH4____20251015T034519_20251015T052648_41481_03_020800_20251016T195122","provider_url":"https://methanedata.unep.org/plumes","nearest_name":"Hunter Valley Operations","nearest_layer":"coal_mines","nearest_km":2.96,"association":"medium","facility_name":"Hunter Valley Operations","facility_layer":"coal_mines","facility_km":2.96,"notes":["also reported by SRON"]}},{"type":"Feature","geometry":{"type":"Point","coordinates":[148.02,-21.96]},"properties":{"plume_id":"imeo:b0853ee3-624a-47d7-9de3-f6d2d22ae3e6","provider":"UNEP IMEO","instrument":"Sentinel-5P/TROPOMI - ESA","datetime_utc":"2024-08-22T03:43:38","emission_kg_hr":19000.0,"uncertainty_kg_hr":8000.0,"sector":"Coal","scene_id":"S5P_OFFL_L2__CH4____20240822T030316_20240822T044445_35536_03_020600_20240823T185152","provider_url":"https://methanedata.unep.org/plumes","nearest_name":"Moranbah","nearest_layer":"gas_plants","nearest_km":1.47,"association":"medium","facility_name":"Moranbah","facility_layer":"gas_plants","facility_km":1.47}},{"type":"Feature","geometry":{"type":"Point","coordinates":[151.41904,-33.161]},"properties":{"plume_id":"imeo:b086c974-c842-4cdf-9bcc-44bde86b683b","provider":"UNEP IMEO","instrument":"EMIT - NASA","datetime_utc":"2024-03-25T00:29:24","emission_kg_hr":664.0,"uncertainty_kg_hr":77.0,"sector":"Coal","scene_id":"EMIT_L1B_RAD_001_20240325T002924_2408415_023","provider_url":"https://methanedata.unep.org/plumes","nearest_name":"Mandalong","nearest_layer":"coal_mines","nearest_km":6.25,"association":"low","facility_name":"Mandalong","facility_layer":"coal_mines","facility_km":6.25,"notes":["source AUS_S_084"]}},{"type":"Feature","geometry":{"type":"Point","coordinates":[151.07529,-32.47055]},"properties":{"plume_id":"imeo:b0afadae-79b5-4395-8240-f0b637e9a775","provider":"UNEP IMEO","instrument":"EnMAP - DLR","datetime_utc":"2025-09-21T00:28:22","emission_kg_hr":2465.0,"uncertainty_kg_hr":935.0,"sector":"Coal","scene_id":"ENMAP01-____L1B-DT0000153818_20250921T002822Z_001_V010502_20251007T070513Z","provider_url":"https://methanedata.unep.org/plumes","nearest_name":"Ashton","nearest_layer":"coal_mines","nearest_km":0.55,"association":"high","facility_name":"Ashton","facility_layer":"coal_mines","facility_km":0.55,"notes":["source AUS_S_043"]}},{"type":"Feature","geometry":{"type":"Point","coordinates":[148.02174,-21.87776]},"properties":{"plume_id":"imeo:b0eb85f6-4134-4d97-8671-f214cc3d162a","provider":"UNEP IMEO","instrument":"EnMAP - DLR","datetime_utc":"2024-06-24T00:54:40","emission_kg_hr":245.0,"uncertainty_kg_hr":191.0,"sector":"Coal","scene_id":"ENMAP01-____L1B-DT0000080590_20240624T005440Z_013_V010502_20250410T135013Z","provider_url":"https://methanedata.unep.org/plumes","nearest_name":"Grosvenor","nearest_layer":"coal_mines","nearest_km":3.04,"association":"low","facility_name":"Grosvenor","facility_layer":"coal_mines","facility_km":3.04,"notes":["source AUS_S_029"]}},{"type":"Feature","geometry":{"type":"Point","coordinates":[151.46083,-33.11434]},"properties":{"plume_id":"imeo:b1361683-9cf2-48d2-86a7-8c4cae4cc538","provider":"UNEP IMEO","instrument":"EnMAP - DLR","datetime_utc":"2022-06-17T00:24:52","emission_kg_hr":3691.0,"uncertainty_kg_hr":1298.0,"sector":"Coal","scene_id":"ENMAP01-____L1B-DT0000001160_20220617T002452Z_026_V010502_20250904T094439Z","provider_url":"https://methanedata.unep.org/plumes","nearest_name":"Mandalong","nearest_layer":"coal_mines","nearest_km":0.39,"association":"high","facility_name":"Mandalong","facility_layer":"coal_mines","facility_km":0.39,"notes":["source AUS_S_008"]}},{"type":"Feature","geometry":{"type":"Point","coordinates":[151.41904,-33.161]},"properties":{"plume_id":"imeo:b1eb049b-1e6b-40b9-920d-25fdca764d1e","provider":"UNEP IMEO","instrument":"EMIT - NASA","datetime_utc":"2024-09-02T00:49:00","emission_kg_hr":4958.0,"uncertainty_kg_hr":1990.0,"sector":"Coal","scene_id":"EMIT_L1B_RAD_001_20240902T004900_2424516_048","provider_url":"https://methanedata.unep.org/plumes","nearest_name":"Mandalong","nearest_layer":"coal_mines","nearest_km":6.25,"association":"low","facility_name":"Mandalong","facility_layer":"coal_mines","facility_km":6.25,"notes":["source AUS_S_084"]}},{"type":"Feature","geometry":{"type":"Point","coordinates":[151.09198,-32.71253]},"properties":{"plume_id":"imeo:b251651a-b673-4d60-9985-6b798ed2a2ab","provider":"UNEP IMEO","instrument":"EnMAP - DLR","datetime_utc":"2024-04-15T00:42:30","emission_kg_hr":1243.0,"uncertainty_kg_hr":345.0,"sector":"Coal","scene_id":"ENMAP01-____L1B-DT0000069141_20240415T004230Z_011_V010502_20250411T131311Z","provider_url":"https://methanedata.unep.org/plumes","nearest_name":"Bulga","nearest_layer":"coal_mines","nearest_km":3.3,"association":"low","facility_name":"Bulga","facility_layer":"coal_mines","facility_km":3.3,"notes":["source AUS_S_017"]}},{"type":"Feature","geometry":{"type":"Point","coordinates":[151.08977,-32.42731]},"properties":{"plume_id":"imeo:b2bc1f0b-c60d-4750-a98a-839d235078bb","provider":"UNEP IMEO","instrument":"EnMAP - DLR","datetime_utc":"2024-01-13T00:32:37","emission_kg_hr":819.0,"uncertainty_kg_hr":112.0,"sector":"Coal","scene_id":"ENMAP01-____L1B-DT0000058166_20240113T003237Z_006_V010502_20250410T125819Z","provider_url":"https://methanedata.unep.org/plumes","nearest_name":"Ravensworth East","nearest_layer":"coal_mines","nearest_km":2.84,"association":"medium","facility_name":"Ravensworth East","facility_layer":"coal_mines","facility_km":2.84,"notes":["source AUS_S_023"]}},{"type":"Feature","geometry":{"type":"Point","coordinates":[148.58093,-22.98808]},"properties":{"plume_id":"imeo:b2d20e5d-bf07-4c56-a2a9-3973d7bc9f84","provider":"UNEP IMEO","instrument":"PRISMA - ASI","datetime_utc":"2024-10-08T00:26:17","emission_kg_hr":886.0,"uncertainty_kg_hr":250.0,"sector":"Coal","scene_id":"PRS_L1_STD_OFFL_20241008002617_20241008002621_0001","provider_url":"https://methanedata.unep.org/plumes","nearest_name":"Aquila-Capcoal","nearest_layer":"coal_mines","nearest_km":7.08,"association":"low","facility_name":"Aquila-Capcoal","facility_layer":"coal_mines","facility_km":7.08,"notes":["source AUS_S_089"]}},{"type":"Feature","geometry":{"type":"Point","coordinates":[148.60039,-23.06279]},"properties":{"plume_id":"imeo:b2d8dba2-6c64-49b3-9e46-5cd140bfbaf2","provider":"UNEP IMEO","instrument":"EMIT - NASA","datetime_utc":"2025-07-14T04:51:08","emission_kg_hr":789.0,"uncertainty_kg_hr":113.0,"sector":"Coal","scene_id":"EMIT_L1B_RAD_001_20250714T045108_2519504_014","provider_url":"https://methanedata.unep.org/plumes","association":"none within 10 km","notes":["source AUS_S_061"]}},{"type":"Feature","geometry":{"type":"Point","coordinates":[150.77088,-34.20724]},"properties":{"plume_id":"imeo:b3a4e055-4388-4cd1-b2fd-5e0761c34d35","provider":"UNEP IMEO","instrument":"EMIT - NASA","datetime_utc":"2025-09-11T04:26:14","emission_kg_hr":1522.0,"uncertainty_kg_hr":471.0,"sector":"Coal","scene_id":"EMIT_L1B_RAD_001_20250911T042614_2525403_012","provider_url":"https://methanedata.unep.org/plumes","nearest_name":"Appin","nearest_layer":"gas_plants","nearest_km":2.05,"association":"medium","facility_name":"Appin","facility_layer":"gas_plants","facility_km":2.05,"notes":["source AUS_S_010"]}},{"type":"Feature","geometry":{"type":"Point","coordinates":[148.24902,-21.97255]},"properties":{"plume_id":"imeo:b3e9156f-de44-49b9-a628-0aceee6fd8f8","provider":"UNEP IMEO","instrument":"EMIT - NASA","datetime_utc":"2025-10-23T03:24:09","emission_kg_hr":1327.0,"uncertainty_kg_hr":273.0,"sector":"Coal","scene_id":"EMIT_L1B_RAD_001_20251023T032409_2529602_048","provider_url":"https://methanedata.unep.org/plumes","nearest_name":"Carborough Downs","nearest_layer":"coal_mines","nearest_km":4.78,"association":"low","facility_name":"Carborough Downs","facility_layer":"coal_mines","facility_km":4.78,"notes":["source AUS_S_116"]}},{"type":"Feature","geometry":{"type":"Point","coordinates":[150.60399,-34.24458]},"properties":{"plume_id":"imeo:b4247507-0984-45c9-b835-3557ff052df1","provider":"UNEP IMEO","instrument":"EnMAP - DLR","datetime_utc":"2022-09-18T00:36:05","emission_kg_hr":1516.0,"uncertainty_kg_hr":595.0,"sector":"Coal","scene_id":"ENMAP01-____L1B-DT0000003668_20220918T003605Z_008_V010502_20250410T160044Z","provider_url":"https://methanedata.unep.org/plumes","nearest_name":"Tahmoor","nearest_layer":"coal_mines","nearest_km":2.36,"association":"medium","facility_name":"Tahmoor","facility_layer":"coal_mines","facility_km":2.36,"notes":["source AUS_S_015"]}},{"type":"Feature","geometry":{"type":"Point","coordinates":[150.76871,-33.89054]},"properties":{"plume_id":"imeo:b46710cc-a6f5-4b08-9721-5631c1a46cd4","provider":"UNEP IMEO","instrument":"EnMAP - DLR","datetime_utc":"2024-04-15T00:42:48","emission_kg_hr":616.0,"uncertainty_kg_hr":95.0,"sector":"Waste","scene_id":"ENMAP01-____L1B-DT0000069141_20240415T004248Z_015_V010502_20250920T082516Z","provider_url":"https://methanedata.unep.org/plumes","nearest_name":"NSW Border to Sydney","nearest_layer":"pipelines_gas","nearest_km":5.02,"association":"linear-only","notes":["source AUS_S_212"]}},{"type":"Feature","geometry":{"type":"Point","coordinates":[151.05,-32.66]},"properties":{"plume_id":"imeo:b4ded86a-c951-4485-88ad-91d10679d1a5","provider":"UNEP IMEO","instrument":"Sentinel-5P/TROPOMI - ESA","datetime_utc":"2026-02-06T03:53:16","emission_kg_hr":15000.0,"uncertainty_kg_hr":9000.0,"sector":"Coal","scene_id":"S5P_OFFL_L2__CH4____20260206T030757_20260206T044927_43098_03_020901_20260207T191758","provider_url":"https://methanedata.unep.org/plumes","nearest_name":"Mount Thorley","nearest_layer":"coal_mines","nearest_km":1.88,"association":"medium","facility_name":"Mount Thorley","facility_layer":"coal_mines","facility_km":1.88,"notes":["also reported by SRON"]}},{"type":"Feature","geometry":{"type":"Point","coordinates":[150.82421,-34.21989]},"properties":{"plume_id":"imeo:b4fb175f-f6f1-4be8-addd-b674d858c09b","provider":"UNEP IMEO","instrument":"EMIT - NASA","datetime_utc":"2025-09-11T04:26:14","emission_kg_hr":938.0,"uncertainty_kg_hr":315.0,"sector":"Coal","scene_id":"EMIT_L1B_RAD_001_20250911T042614_2525403_012","provider_url":"https://methanedata.unep.org/plumes","nearest_name":"Appin","nearest_layer":"coal_mines","nearest_km":3.01,"association":"low","facility_name":"Appin","facility_layer":"coal_mines","facility_km":3.01,"notes":["source AUS_S_016"]}},{"type":"Feature","geometry":{"type":"Point","coordinates":[151.46083,-33.11434]},"properties":{"plume_id":"imeo:b4fc9c64-11bf-4b45-a573-aa434d63d079","provider":"UNEP IMEO","instrument":"EMIT - NASA","datetime_utc":"2023-09-19T02:52:13","emission_kg_hr":3517.0,"uncertainty_kg_hr":1279.0,"sector":"Coal","scene_id":"EMIT_L1B_RAD_001_20230919T025213_2326201_007","provider_url":"https://methanedata.unep.org/plumes","nearest_name":"Mandalong","nearest_layer":"coal_mines","nearest_km":0.39,"association":"high","facility_name":"Mandalong","facility_layer":"coal_mines","facility_km":0.39,"notes":["source AUS_S_008"]}},{"type":"Feature","geometry":{"type":"Point","coordinates":[150.60399,-34.24458]},"properties":{"plume_id":"imeo:b596099a-f99c-4f2d-966b-9220ddaa8111","provider":"UNEP IMEO","instrument":"EMIT - NASA","datetime_utc":"2024-03-25T00:29:00","emission_kg_hr":1477.0,"uncertainty_kg_hr":412.0,"sector":"Coal","scene_id":"EMIT_L1B_RAD_001_20240325T002900_2408415_021","provider_url":"https://methanedata.unep.org/plumes","nearest_name":"Tahmoor","nearest_layer":"coal_mines","nearest_km":2.36,"association":"medium","facility_name":"Tahmoor","facility_layer":"coal_mines","facility_km":2.36,"notes":["source AUS_S_015"]}},{"type":"Feature","geometry":{"type":"Point","coordinates":[148.28,-21.73]},"properties":{"plume_id":"imeo:b69d49cc-1ec8-4bc9-86b8-66eabad81256","provider":"UNEP IMEO","instrument":"Sentinel-5P/TROPOMI - ESA","datetime_utc":"2025-08-29T04:12:14","emission_kg_hr":34000.0,"uncertainty_kg_hr":15000.0,"sector":"Coal","scene_id":"S5P_OFFL_L2__CH4____20250829T033135_20250829T051305_40814_03_020800_20250830T194057","provider_url":"https://methanedata.unep.org/plumes","nearest_name":"Elphinstone Header Pipeline","nearest_layer":"pipelines_gas","nearest_km":3.44,"association":"linear-only","notes":["also reported by SRON"]}},{"type":"Feature","geometry":{"type":"Point","coordinates":[147.99677,-21.96233]},"properties":{"plume_id":"imeo:b737428c-f831-4485-8954-7eb588e023e5","provider":"UNEP IMEO","instrument":"EMIT - NASA","datetime_utc":"2025-05-18T03:32:25","emission_kg_hr":0.0,"uncertainty_kg_hr":95.0,"sector":"Coal","scene_id":"EMIT_L1B_RAD_001_20250518T033225_2513803_004","provider_url":"https://methanedata.unep.org/plumes","nearest_name":"Moranbah","nearest_layer":"gas_plants","nearest_km":0.95,"association":"high","facility_name":"Moranbah","facility_layer":"gas_plants","facility_km":0.95,"notes":["source AUS_S_051"]}},{"type":"Feature","geometry":{"type":"Point","coordinates":[151.1252,-32.7526]},"properties":{"plume_id":"imeo:b7575732-9592-4c26-ab07-59d3791984ca","provider":"UNEP IMEO","instrument":"Sentinel-5P/TROPOMI - ESA","datetime_utc":"2023-09-14T00:00:00","emission_kg_hr":70540.0,"sector":"Coal","provider_url":"https://methanedata.unep.org/plumes","nearest_name":"Bulga","nearest_layer":"coal_mines","nearest_km":7.41,"association":"low","facility_name":"Bulga","facility_layer":"coal_mines","facility_km":7.41}},{"type":"Feature","geometry":{"type":"Point","coordinates":[151.07525,-32.47124]},"properties":{"plume_id":"imeo:b931be3c-4b31-4955-97ec-0b9cdd7734b7","provider":"UNEP IMEO","instrument":"EnMAP - DLR","datetime_utc":"2023-08-08T00:35:05","emission_kg_hr":1164.0,"uncertainty_kg_hr":377.0,"sector":"Coal","scene_id":"ENMAP01-____L1B-DT0000032359_20230808T003505Z_012_V010502_20250410T124851Z","provider_url":"https://methanedata.unep.org/plumes","nearest_name":"Ashton","nearest_layer":"coal_mines","nearest_km":0.61,"association":"high","facility_name":"Ashton","facility_layer":"coal_mines","facility_km":0.61,"notes":["source AUS_S_112"]}},{"type":"Feature","geometry":{"type":"Point","coordinates":[151.57045,-33.06432]},"properties":{"plume_id":"imeo:b9901fe8-055e-4c28-92ca-5bcbd6ee3b1f","provider":"UNEP IMEO","instrument":"EMIT - NASA","datetime_utc":"2024-09-23T00:23:42","emission_kg_hr":1067.0,"uncertainty_kg_hr":283.0,"sector":"Coal","scene_id":"EMIT_L1B_RAD_001_20240923T002342_2426615_013","provider_url":"https://methanedata.unep.org/plumes","nearest_name":"Myuna","nearest_layer":"coal_mines","nearest_km":0.3,"association":"high","facility_name":"Myuna","facility_layer":"coal_mines","facility_km":0.3,"notes":["source AUS_S_004"]}},{"type":"Feature","geometry":{"type":"Point","coordinates":[150.85,-26.56]},"properties":{"plume_id":"imeo:b9a85be2-e3aa-4e96-b1e1-d0c4052bcc8f","provider":"UNEP IMEO","instrument":"Sentinel-5P/TROPOMI - ESA","datetime_utc":"2024-06-19T03:42:07","emission_kg_hr":15000.0,"uncertainty_kg_hr":11000.0,"sector":"Coal","scene_id":"S5P_OFFL_L2__CH4____20240619T030637_20240619T044807_34628_03_020600_20240620T190425","provider_url":"https://methanedata.unep.org/plumes","association":"none within 10 km"}},{"type":"Feature","geometry":{"type":"Point","coordinates":[149.98802,-24.65042]},"properties":{"plume_id":"imeo:babdb2f7-04a9-4730-8ad5-0544e81742c6","provider":"UNEP IMEO","instrument":"EMIT - NASA","datetime_utc":"2025-01-16T03:30:51","emission_kg_hr":2828.0,"uncertainty_kg_hr":1018.0,"sector":"Oil and Gas","scene_id":"EMIT_L1B_RAD_001_20250116T033051_2501602_023","provider_url":"https://methanedata.unep.org/plumes","nearest_name":"Dawson","nearest_layer":"coal_mines","nearest_km":8.11,"association":"low","facility_name":"Dawson","facility_layer":"coal_mines","facility_km":8.11,"notes":["source AUS_S_189"]}},{"type":"Feature","geometry":{"type":"Point","coordinates":[148.60039,-23.06279]},"properties":{"plume_id":"imeo:bad3df5c-acc4-49cc-9550-329fe8bb29a7","provider":"UNEP IMEO","instrument":"EMIT - NASA","datetime_utc":"2025-04-23T03:57:37","emission_kg_hr":1306.0,"uncertainty_kg_hr":364.0,"sector":"Coal","scene_id":"EMIT_L1B_RAD_001_20250423T035737_2511302_038","provider_url":"https://methanedata.unep.org/plumes","association":"none within 10 km","notes":["source AUS_S_061"]}},{"type":"Feature","geometry":{"type":"Point","coordinates":[150.72,-34.18144]},"properties":{"plume_id":"imeo:bbbd038c-e689-4f1f-954f-84cfd3dfcb25","provider":"UNEP IMEO","instrument":"EnMAP - DLR","datetime_utc":"2026-04-02T00:32:33","emission_kg_hr":5249.0,"uncertainty_kg_hr":1436.0,"sector":"Coal","scene_id":"ENMAP01-____L1B-DT0000187258_20260402T003233Z_010_V010506_20260404T074639Z","provider_url":"https://methanedata.unep.org/plumes","nearest_name":"Tower","nearest_layer":"gas_plants","nearest_km":4.21,"association":"low","facility_name":"Tower","facility_layer":"gas_plants","facility_km":4.21,"notes":["source AUS_S_014"]}},{"type":"Feature","geometry":{"type":"Point","coordinates":[148.02174,-21.87776]},"properties":{"plume_id":"imeo:bbeb055b-5a23-4db6-9420-22f5ef1a5c3c","provider":"UNEP IMEO","instrument":"EMIT - NASA","datetime_utc":"2025-05-18T03:32:25","emission_kg_hr":1587.0,"uncertainty_kg_hr":458.0,"sector":"Coal","scene_id":"EMIT_L1B_RAD_001_20250518T033225_2513803_004","provider_url":"https://methanedata.unep.org/plumes","nearest_name":"Grosvenor","nearest_layer":"coal_mines","nearest_km":3.04,"association":"low","facility_name":"Grosvenor","facility_layer":"coal_mines","facility_km":3.04,"notes":["source AUS_S_029"]}},{"type":"Feature","geometry":{"type":"Point","coordinates":[148.6588,-23.0658]},"properties":{"plume_id":"imeo:bc09004c-a150-455e-a2b7-df11edb47d17","provider":"UNEP IMEO","instrument":"Sentinel-5P/TROPOMI - ESA","datetime_utc":"2024-06-09T00:00:00","emission_kg_hr":3640.0,"sector":"Coal","provider_url":"https://methanedata.unep.org/plumes","association":"none within 10 km"}},{"type":"Feature","geometry":{"type":"Point","coordinates":[148.02381,-21.96771]},"properties":{"plume_id":"imeo:bc8bd0b2-49cb-4eb2-b854-c56aae9c86dd","provider":"UNEP IMEO","instrument":"EMIT - NASA","datetime_utc":"2024-10-31T00:54:34","emission_kg_hr":2354.0,"uncertainty_kg_hr":776.0,"sector":"Coal","scene_id":"EMIT_L1B_RAD_001_20241031T005434_2430501_041","provider_url":"https://methanedata.unep.org/plumes","nearest_name":"Moranbah","nearest_layer":"gas_plants","nearest_km":1.93,"association":"medium","facility_name":"Moranbah","facility_layer":"gas_plants","facility_km":1.93,"notes":["source AUS_S_050"]}},{"type":"Feature","geometry":{"type":"Point","coordinates":[148.32297,-23.29948]},"properties":{"plume_id":"imeo:bcf9466c-0832-478a-a7f1-b651d3d80568","provider":"UNEP IMEO","instrument":"EMIT - NASA","datetime_utc":"2024-12-26T02:44:12","emission_kg_hr":2386.0,"uncertainty_kg_hr":841.0,"sector":"Coal","scene_id":"EMIT_L1B_RAD_001_20241226T024412_2436102_045","provider_url":"https://methanedata.unep.org/plumes","nearest_name":"Kestrel","nearest_layer":"coal_mines","nearest_km":7.99,"association":"low","facility_name":"Kestrel","facility_layer":"coal_mines","facility_km":7.99,"notes":["source AUS_S_007"]}},{"type":"Feature","geometry":{"type":"Point","coordinates":[151.08977,-32.42731]},"properties":{"plume_id":"imeo:be3f6114-99d9-4d7c-adab-dc45b1797ace","provider":"UNEP IMEO","instrument":"EnMAP - DLR","datetime_utc":"2024-04-26T00:28:14","emission_kg_hr":901.0,"uncertainty_kg_hr":298.0,"sector":"Coal","scene_id":"ENMAP01-____L1B-DT0000070704_20240426T002814Z_010_V010502_20250410T125223Z","provider_url":"https://methanedata.unep.org/plumes","nearest_name":"Ravensworth East","nearest_layer":"coal_mines","nearest_km":2.84,"association":"medium","facility_name":"Ravensworth East","facility_layer":"coal_mines","facility_km":2.84,"notes":["source AUS_S_023"]}},{"type":"Feature","geometry":{"type":"Point","coordinates":[148.46,-22.31]},"properties":{"plume_id":"imeo:bea60804-4fb2-47e6-8df7-fa8b71869b10","provider":"UNEP IMEO","instrument":"Sentinel-5P/TROPOMI - ESA","datetime_utc":"2025-09-10T03:47:06","emission_kg_hr":13000.0,"uncertainty_kg_hr":6000.0,"sector":"Coal","scene_id":"S5P_OFFL_L2__CH4____20250910T030502_20250910T044631_40984_03_020800_20250911T185904","provider_url":"https://methanedata.unep.org/plumes","nearest_name":"Saraji Lateral","nearest_layer":"pipelines_gas","nearest_km":2.32,"association":"linear-only","notes":["also reported by SRON"]}},{"type":"Feature","geometry":{"type":"Point","coordinates":[151.07529,-32.47055]},"properties":{"plume_id":"imeo:bf44f7f4-256b-4343-9dc0-e9c068b54999","provider":"UNEP IMEO","instrument":"EnMAP - DLR","datetime_utc":"2024-01-13T00:32:37","emission_kg_hr":1352.0,"uncertainty_kg_hr":180.0,"sector":"Coal","scene_id":"ENMAP01-____L1B-DT0000058166_20240113T003237Z_006_V010502_20250410T125819Z","provider_url":"https://methanedata.unep.org/plumes","nearest_name":"Ashton","nearest_layer":"coal_mines","nearest_km":0.55,"association":"high","facility_name":"Ashton","facility_layer":"coal_mines","facility_km":0.55,"notes":["source AUS_S_043"]}},{"type":"Feature","geometry":{"type":"Point","coordinates":[151.07529,-32.47055]},"properties":{"plume_id":"imeo:bf6425aa-fb85-4ae9-9f39-7d1278f82aa5","provider":"UNEP IMEO","instrument":"EnMAP - DLR","datetime_utc":"2023-08-04T00:31:40","emission_kg_hr":860.0,"uncertainty_kg_hr":242.0,"sector":"Coal","scene_id":"ENMAP01-____L1B-DT0000031691_20230804T003140Z_005_V010502_20250410T124942Z","provider_url":"https://methanedata.unep.org/plumes","nearest_name":"Ashton","nearest_layer":"coal_mines","nearest_km":0.55,"association":"high","facility_name":"Ashton","facility_layer":"coal_mines","facility_km":0.55,"notes":["source AUS_S_043"]}},{"type":"Feature","geometry":{"type":"Point","coordinates":[148.01114,-21.96215]},"properties":{"plume_id":"imeo:bf90490d-b960-475c-87e2-9078510de576","provider":"UNEP IMEO","instrument":"EnMAP - DLR","datetime_utc":"2024-06-24T00:54:44","emission_kg_hr":1685.0,"uncertainty_kg_hr":660.0,"sector":"Coal","scene_id":"ENMAP01-____L1B-DT0000080590_20240624T005444Z_014_V010502_20250410T132118Z","provider_url":"https://methanedata.unep.org/plumes","nearest_name":"Moranbah","nearest_layer":"gas_plants","nearest_km":0.53,"association":"high","facility_name":"Moranbah","facility_layer":"gas_plants","facility_km":0.53,"notes":["source AUS_S_047"]}},{"type":"Feature","geometry":{"type":"Point","coordinates":[151.57,-33.15115]},"properties":{"plume_id":"imeo:bfe263fb-1325-4133-9514-a8b8c5c3c8ca","provider":"UNEP IMEO","instrument":"EMIT - NASA","datetime_utc":"2024-09-11T05:04:59","emission_kg_hr":480.0,"uncertainty_kg_hr":150.0,"sector":"Coal","scene_id":"EMIT_L1B_RAD_001_20240911T050459_2425503_014","provider_url":"https://methanedata.unep.org/plumes","nearest_name":"Chain Valley","nearest_layer":"coal_mines","nearest_km":2.28,"association":"medium","facility_name":"Chain Valley","facility_layer":"coal_mines","facility_km":2.28,"notes":["source AUS_S_083"]}},{"type":"Feature","geometry":{"type":"Point","coordinates":[148.48388,-23.45964]},"properties":{"plume_id":"imeo:c347d6d9-2d3a-4a79-8139-b07bbc8a82d4","provider":"UNEP IMEO","instrument":"EMIT - NASA","datetime_utc":"2025-09-24T00:21:18","emission_kg_hr":1140.0,"uncertainty_kg_hr":335.0,"sector":"Coal","scene_id":"EMIT_L1B_RAD_001_20250924T002118_2526701_005","provider_url":"https://methanedata.unep.org/plumes","nearest_name":"Ensham","nearest_layer":"coal_mines","nearest_km":1.5,"association":"medium","facility_name":"Ensham","facility_layer":"coal_mines","facility_km":1.5,"notes":["source AUS_S_130"]}},{"type":"Feature","geometry":{"type":"Point","coordinates":[148.86,-25.77]},"properties":{"plume_id":"imeo:c3798897-6478-4686-a9cf-3394ba7e04b1","provider":"UNEP IMEO","instrument":"Sentinel-5P/TROPOMI - ESA","datetime_utc":"2025-07-13T03:51:43","emission_kg_hr":3000.0,"uncertainty_kg_hr":1000.0,"sector":"Oil and Gas","scene_id":"S5P_OFFL_L2__CH4____20250713T031529_20250713T045658_40147_03_020800_20250714T191242","provider_url":"https://methanedata.unep.org/plumes","nearest_name":"Comet Ridge to Wallumbilla Trunkline","nearest_layer":"pipelines_gas","nearest_km":6.02,"association":"linear-only","notes":["also reported by SRON"]}},{"type":"Feature","geometry":{"type":"Point","coordinates":[151.41904,-33.161]},"properties":{"plume_id":"imeo:c3a69b20-582a-46b0-a2ab-f5dfc825af39","provider":"UNEP IMEO","instrument":"EMIT - NASA","datetime_utc":"2025-11-22T23:43:27","emission_kg_hr":3247.0,"uncertainty_kg_hr":615.0,"sector":"Coal","scene_id":"EMIT_L1B_RAD_001_20251122T234327_2532615_013","provider_url":"https://methanedata.unep.org/plumes","nearest_name":"Mandalong","nearest_layer":"coal_mines","nearest_km":6.25,"association":"low","facility_name":"Mandalong","facility_layer":"coal_mines","facility_km":6.25,"notes":["source AUS_S_084"]}},{"type":"Feature","geometry":{"type":"Point","coordinates":[148.31,-21.7]},"properties":{"plume_id":"imeo:c47ccf91-f10b-46fd-a0da-80cc81de9e50","provider":"UNEP IMEO","instrument":"Sentinel-5P/TROPOMI - ESA","datetime_utc":"2024-06-18T04:02:10","emission_kg_hr":29000.0,"uncertainty_kg_hr":10000.0,"sector":"Coal","scene_id":"S5P_OFFL_L2__CH4____20240618T032538_20240618T050708_34614_03_020600_20240619T192537","provider_url":"https://methanedata.unep.org/plumes","nearest_name":"Elphinstone Header Pipeline","nearest_layer":"pipelines_gas","nearest_km":2.16,"association":"linear-only"}},{"type":"Feature","geometry":{"type":"Point","coordinates":[148.57635,-22.96365]},"properties":{"plume_id":"imeo:c55eace4-cafe-4e23-8035-f732c08b2e80","provider":"UNEP IMEO","instrument":"EnMAP - DLR","datetime_utc":"2024-04-23T00:47:21","emission_kg_hr":1647.0,"uncertainty_kg_hr":690.0,"sector":"Coal","scene_id":"ENMAP01-____L1B-DT0000070251_20240423T004721Z_007_V010502_20250410T134843Z","provider_url":"https://methanedata.unep.org/plumes","nearest_name":"Aquila-Capcoal","nearest_layer":"coal_mines","nearest_km":4.43,"association":"low","facility_name":"Aquila-Capcoal","facility_layer":"coal_mines","facility_km":4.43,"notes":["source AUS_S_182"]}},{"type":"Feature","geometry":{"type":"Point","coordinates":[150.76457,-34.38523]},"properties":{"plume_id":"imeo:c5b6d558-6ee3-43d2-8cc7-4903be6ee1b8","provider":"UNEP IMEO","instrument":"EnMAP - DLR","datetime_utc":"2026-04-02T00:32:33","emission_kg_hr":456.0,"uncertainty_kg_hr":174.0,"sector":"Coal","scene_id":"ENMAP01-____L1B-DT0000187258_20260402T003233Z_010_V010506_20260404T074639Z","provider_url":"https://methanedata.unep.org/plumes","nearest_name":"Dendrobium","nearest_layer":"coal_mines","nearest_km":6.6,"association":"low","facility_name":"Dendrobium","facility_layer":"coal_mines","facility_km":6.6,"notes":["source AUS_S_203"]}},{"type":"Feature","geometry":{"type":"Point","coordinates":[148.862,-22.9698]},"properties":{"plume_id":"imeo:c66dfa8c-1bea-4d18-901c-ea4e4eb09989","provider":"UNEP IMEO","instrument":"Sentinel-5P/TROPOMI - ESA","datetime_utc":"2024-09-02T00:00:00","emission_kg_hr":16370.0,"sector":"Coal","provider_url":"https://methanedata.unep.org/plumes","association":"none within 10 km"}},{"type":"Feature","geometry":{"type":"Point","coordinates":[148.58093,-22.98808]},"properties":{"plume_id":"imeo:c6dec2c2-9b4f-4d63-9988-2b8df358ebe7","provider":"UNEP IMEO","instrument":"EMIT - NASA","datetime_utc":"2025-04-23T03:57:37","emission_kg_hr":2946.0,"uncertainty_kg_hr":821.0,"sector":"Coal","scene_id":"EMIT_L1B_RAD_001_20250423T035737_2511302_038","provider_url":"https://methanedata.unep.org/plumes","nearest_name":"Aquila-Capcoal","nearest_layer":"coal_mines","nearest_km":7.08,"association":"low","facility_name":"Aquila-Capcoal","facility_layer":"coal_mines","facility_km":7.08,"notes":["source AUS_S_089"]}},{"type":"Feature","geometry":{"type":"Point","coordinates":[147.99512,-21.88795]},"properties":{"plume_id":"imeo:c70295de-4c5b-45a9-9839-99156b7ecbb4","provider":"UNEP IMEO","instrument":"PRISMA - ASI","datetime_utc":"2026-02-01T00:19:31","emission_kg_hr":871.0,"uncertainty_kg_hr":145.0,"sector":"Coal","scene_id":"PRS_L1_STD_OFFL_20260201001931_20260201001935_0001","provider_url":"https://methanedata.unep.org/plumes","nearest_name":"Grosvenor","nearest_layer":"coal_mines","nearest_km":1.65,"association":"medium","facility_name":"Grosvenor","facility_layer":"coal_mines","facility_km":1.65,"notes":["source AUS_S_028"]}},{"type":"Feature","geometry":{"type":"Point","coordinates":[148.59326,-23.04752]},"properties":{"plume_id":"imeo:c7c9abb9-5964-48b6-8fc4-1858c7f45038","provider":"UNEP IMEO","instrument":"EMIT - NASA","datetime_utc":"2025-05-04T23:14:32","emission_kg_hr":2262.0,"uncertainty_kg_hr":893.0,"sector":"Coal","scene_id":"EMIT_L1B_RAD_001_20250504T231432_2512415_027","provider_url":"https://methanedata.unep.org/plumes","association":"none within 10 km","notes":["source AUS_S_006"]}},{"type":"Feature","geometry":{"type":"Point","coordinates":[151.07525,-32.47124]},"properties":{"plume_id":"imeo:c8c0d9da-11c7-4332-89fe-f6f314036b70","provider":"UNEP IMEO","instrument":"EnMAP - DLR","datetime_utc":"2025-12-19T00:35:50","emission_kg_hr":2166.0,"uncertainty_kg_hr":805.0,"sector":"Coal","scene_id":"ENMAP01-____L1B-DT0000170180_20251219T003550Z_018_V010505_20251220T234232Z","provider_url":"https://methanedata.unep.org/plumes","nearest_name":"Ashton","nearest_layer":"coal_mines","nearest_km":0.61,"association":"high","facility_name":"Ashton","facility_layer":"coal_mines","facility_km":0.61,"notes":["source AUS_S_112"]}},{"type":"Feature","geometry":{"type":"Point","coordinates":[148.36,-21.87]},"properties":{"plume_id":"imeo:c972d46d-e5d4-4555-bd05-e76af7d3ba2a","provider":"UNEP IMEO","instrument":"Sentinel-5P/TROPOMI - ESA","datetime_utc":"2025-10-08T03:22:17","emission_kg_hr":22000.0,"uncertainty_kg_hr":10000.0,"sector":"Coal","scene_id":"S5P_OFFL_L2__CH4____20251008T023625_20251008T041755_41381_03_020800_20251009T191318","provider_url":"https://methanedata.unep.org/plumes","nearest_name":"Coppabella","nearest_layer":"coal_mines","nearest_km":7.49,"association":"low","facility_name":"Coppabella","facility_layer":"coal_mines","facility_km":7.49,"notes":["also reported by SRON"]}},{"type":"Feature","geometry":{"type":"Point","coordinates":[112.76492,-7.54994]},"properties":{"plume_id":"imeo:ca43b0a1-0885-4e2f-8c61-f64f77c3fc2f","provider":"UNEP IMEO","instrument":"EMIT - NASA","datetime_utc":"2024-01-04T01:34:45","emission_kg_hr":1265.0,"uncertainty_kg_hr":340.0,"sector":"Waste","scene_id":"EMIT_L1B_RAD_001_20240104T013445_2400401_003","provider_url":"https://methanedata.unep.org/plumes","association":"none within 10 km","notes":["source IDN_S_001"]}},{"type":"Feature","geometry":{"type":"Point","coordinates":[148.32297,-23.29948]},"properties":{"plume_id":"imeo:ca875066-4dbb-47ac-afbe-6bacef90d11c","provider":"UNEP IMEO","instrument":"EMIT - NASA","datetime_utc":"2025-04-23T03:57:37","emission_kg_hr":3679.0,"uncertainty_kg_hr":1004.0,"sector":"Coal","scene_id":"EMIT_L1B_RAD_001_20250423T035737_2511302_038","provider_url":"https://methanedata.unep.org/plumes","nearest_name":"Kestrel","nearest_layer":"coal_mines","nearest_km":7.99,"association":"low","facility_name":"Kestrel","facility_layer":"coal_mines","facility_km":7.99,"notes":["source AUS_S_007"]}},{"type":"Feature","geometry":{"type":"Point","coordinates":[148.33,-21.51]},"properties":{"plume_id":"imeo:cab93d51-28c8-4eee-a36c-383b8de1b4eb","provider":"UNEP IMEO","instrument":"Sentinel-5P/TROPOMI - ESA","datetime_utc":"2025-11-18T03:54:28","emission_kg_hr":21000.0,"uncertainty_kg_hr":16000.0,"sector":"Coal","scene_id":"S5P_OFFL_L2__CH4____20251118T030459_20251118T044628_41963_03_020800_20251119T205245","provider_url":"https://methanedata.unep.org/plumes","nearest_name":"Hail Creek","nearest_layer":"coal_mines","nearest_km":7.97,"association":"low","facility_name":"Hail Creek","facility_layer":"coal_mines","facility_km":7.97,"notes":["also reported by SRON"]}},{"type":"Feature","geometry":{"type":"Point","coordinates":[148.35,-21.49]},"properties":{"plume_id":"imeo:cadf64f4-6fc3-4446-b8a2-d82d0a30fe12","provider":"UNEP IMEO","instrument":"Sentinel-5P/TROPOMI - ESA","datetime_utc":"2025-10-22T03:59:38","emission_kg_hr":13000.0,"uncertainty_kg_hr":8000.0,"sector":"Coal","scene_id":"S5P_OFFL_L2__CH4____20251022T031243_20251022T045413_41580_03_020800_20251023T192436","provider_url":"https://methanedata.unep.org/plumes","nearest_name":"Hail Creek","nearest_layer":"coal_mines","nearest_km":6.12,"association":"low","facility_name":"Hail Creek","facility_layer":"coal_mines","facility_km":6.12,"notes":["also reported by SRON"]}},{"type":"Feature","geometry":{"type":"Point","coordinates":[148.02381,-21.96771]},"properties":{"plume_id":"imeo:cb97cfff-ec64-4c2a-8497-80a057b64526","provider":"UNEP IMEO","instrument":"EMIT - NASA","datetime_utc":"2024-07-17T04:19:29","emission_kg_hr":8266.0,"uncertainty_kg_hr":3207.0,"sector":"Coal","scene_id":"EMIT_L1B_RAD_001_20240717T041929_2419902_021","provider_url":"https://methanedata.unep.org/plumes","nearest_name":"Moranbah","nearest_layer":"gas_plants","nearest_km":1.93,"association":"medium","facility_name":"Moranbah","facility_layer":"gas_plants","facility_km":1.93,"notes":["source AUS_S_050"]}},{"type":"Feature","geometry":{"type":"Point","coordinates":[147.76,-21.66]},"properties":{"plume_id":"imeo:cbd79c6d-c04e-4237-80c7-ff8c539b1d6c","provider":"UNEP IMEO","instrument":"Sentinel-5P/TROPOMI - ESA","datetime_utc":"2025-09-26T03:47:19","emission_kg_hr":60000.0,"uncertainty_kg_hr":21000.0,"sector":"Coal","scene_id":"S5P_OFFL_L2__CH4____20250926T030315_20250926T044444_41211_03_020800_20250927T190418","provider_url":"https://methanedata.unep.org/plumes","association":"none within 10 km","notes":["also reported by SRON"]}},{"type":"Feature","geometry":{"type":"Point","coordinates":[151.41904,-33.161]},"properties":{"plume_id":"imeo:cc344a99-5c5f-432e-9bec-538c8d8935b3","provider":"UNEP IMEO","instrument":"EMIT - NASA","datetime_utc":"2024-12-21T05:12:52","emission_kg_hr":2108.0,"uncertainty_kg_hr":679.0,"sector":"Coal","scene_id":"EMIT_L1B_RAD_001_20241221T051252_2435603_050","provider_url":"https://methanedata.unep.org/plumes","nearest_name":"Mandalong","nearest_layer":"coal_mines","nearest_km":6.25,"association":"low","facility_name":"Mandalong","facility_layer":"coal_mines","facility_km":6.25,"notes":["source AUS_S_084"]}},{"type":"Feature","geometry":{"type":"Point","coordinates":[151.07529,-32.47055]},"properties":{"plume_id":"imeo:cc367392-62d6-4ed9-997c-8763814fa628","provider":"UNEP IMEO","instrument":"EMIT - NASA","datetime_utc":"2024-10-26T03:25:28","emission_kg_hr":1130.0,"uncertainty_kg_hr":185.0,"sector":"Coal","scene_id":"EMIT_L1B_RAD_001_20241026T032528_2430002_062","provider_url":"https://methanedata.unep.org/plumes","nearest_name":"Ashton","nearest_layer":"coal_mines","nearest_km":0.55,"association":"high","facility_name":"Ashton","facility_layer":"coal_mines","facility_km":0.55,"notes":["source AUS_S_043"]}},{"type":"Feature","geometry":{"type":"Point","coordinates":[151.00999,-32.55732]},"properties":{"plume_id":"imeo:cd70385c-d5ff-4e71-8eb8-5124c3e1d8b7","provider":"UNEP IMEO","instrument":"EnMAP - DLR","datetime_utc":"2024-01-21T00:39:36","emission_kg_hr":2768.0,"uncertainty_kg_hr":1092.0,"sector":"Coal","scene_id":"ENMAP01-____L1B-DT0000058476_20240121T003936Z_011_V010502_20250410T144315Z","provider_url":"https://methanedata.unep.org/plumes","nearest_name":"United-Wambo","nearest_layer":"coal_mines","nearest_km":0.16,"association":"high","facility_name":"United-Wambo","facility_layer":"coal_mines","facility_km":0.16,"notes":["source AUS_S_210"]}},{"type":"Feature","geometry":{"type":"Point","coordinates":[150.60399,-34.24458]},"properties":{"plume_id":"imeo:ce8a3c78-b97c-443c-bf04-cf90e98737f1","provider":"UNEP IMEO","instrument":"EnMAP - DLR","datetime_utc":"2024-01-21T00:40:03","emission_kg_hr":2013.0,"uncertainty_kg_hr":631.0,"sector":"Coal","scene_id":"ENMAP01-____L1B-DT0000058476_20240121T004003Z_017_V010502_20250410T160438Z","provider_url":"https://methanedata.unep.org/plumes","nearest_name":"Tahmoor","nearest_layer":"coal_mines","nearest_km":2.36,"association":"medium","facility_name":"Tahmoor","facility_layer":"coal_mines","facility_km":2.36,"notes":["source AUS_S_015"]}},{"type":"Feature","geometry":{"type":"Point","coordinates":[147.55,-21.96]},"properties":{"plume_id":"imeo:cf4cd7a3-6b72-42cb-a617-156bedf32147","provider":"UNEP IMEO","instrument":"Sentinel-5P/TROPOMI - ESA","datetime_utc":"2024-08-23T03:25:02","emission_kg_hr":36000.0,"uncertainty_kg_hr":13000.0,"sector":"Coal","scene_id":"S5P_OFFL_L2__CH4____20240823T024407_20240823T042537_35550_03_020600_20240824T182529","provider_url":"https://methanedata.unep.org/plumes","association":"none within 10 km"}},{"type":"Feature","geometry":{"type":"Point","coordinates":[151.00974,-32.55983]},"properties":{"plume_id":"imeo:cfe2ecaa-4df9-4961-a6e6-b9bc6628a71f","provider":"UNEP IMEO","instrument":"EMIT - NASA","datetime_utc":"2024-08-29T02:22:31","emission_kg_hr":2769.0,"uncertainty_kg_hr":861.0,"sector":"Coal","scene_id":"EMIT_L1B_RAD_001_20240829T022231_2424201_059","provider_url":"https://methanedata.unep.org/plumes","nearest_name":"United-Wambo","nearest_layer":"coal_mines","nearest_km":0.18,"association":"high","facility_name":"United-Wambo","facility_layer":"coal_mines","facility_km":0.18,"notes":["source AUS_S_117"]}},{"type":"Feature","geometry":{"type":"Point","coordinates":[147.97,-21.9]},"properties":{"plume_id":"imeo:d0abf9ee-b9d8-4c09-941f-5d698a6b6d59","provider":"UNEP IMEO","instrument":"Sentinel-5P/TROPOMI - ESA","datetime_utc":"2024-11-10T03:43:11","emission_kg_hr":15000.0,"uncertainty_kg_hr":6000.0,"sector":"Coal","scene_id":"S5P_OFFL_L2__CH4____20241110T025413_20241110T043542_36671_03_020701_20241113T204255","provider_url":"https://methanedata.unep.org/plumes","nearest_name":"Moranbah North","nearest_layer":"coal_mines","nearest_km":3.45,"association":"low","facility_name":"Moranbah North","facility_layer":"coal_mines","facility_km":3.45}},{"type":"Feature","geometry":{"type":"Point","coordinates":[151.07529,-32.47055]},"properties":{"plume_id":"imeo:d176b900-d0db-469e-be8a-783f4accc57f","provider":"UNEP IMEO","instrument":"EnMAP - DLR","datetime_utc":"2025-08-25T00:28:30","emission_kg_hr":1427.0,"uncertainty_kg_hr":281.0,"sector":"Coal","scene_id":"ENMAP01-____L1B-DT0000148775_20250825T002830Z_001_V010502_20250827T181210Z","provider_url":"https://methanedata.unep.org/plumes","nearest_name":"Ashton","nearest_layer":"coal_mines","nearest_km":0.55,"association":"high","facility_name":"Ashton","facility_layer":"coal_mines","facility_km":0.55,"notes":["source AUS_S_043"]}},{"type":"Feature","geometry":{"type":"Point","coordinates":[151.18,-32.5]},"properties":{"plume_id":"imeo:d2af8e06-93d5-488b-a0e0-f84651c8f9b0","provider":"UNEP IMEO","instrument":"Sentinel-5P/TROPOMI - ESA","datetime_utc":"2025-07-20T03:18:42","emission_kg_hr":17000.0,"uncertainty_kg_hr":9000.0,"sector":"Coal","scene_id":"S5P_OFFL_L2__CH4____20250720T024332_20250720T042502_40246_03_020800_20250721T183408","provider_url":"https://methanedata.unep.org/plumes","nearest_name":"Rix's Creek North","nearest_layer":"coal_mines","nearest_km":5.45,"association":"low","facility_name":"Rix's Creek North","facility_layer":"coal_mines","facility_km":5.45,"notes":["also reported by SRON"]}},{"type":"Feature","geometry":{"type":"Point","coordinates":[148.61079,-22.97398]},"properties":{"plume_id":"imeo:d2c4dcb6-4a4b-4e83-a4c0-c6c9984139e7","provider":"UNEP IMEO","instrument":"EMIT - NASA","datetime_utc":"2023-01-19T04:02:23","emission_kg_hr":1575.0,"uncertainty_kg_hr":486.0,"sector":"Coal","scene_id":"EMIT_L1B_RAD_001_20230119T040223_2301902_019","provider_url":"https://methanedata.unep.org/plumes","nearest_name":"Aquila-Capcoal","nearest_layer":"coal_mines","nearest_km":7.57,"association":"low","facility_name":"Aquila-Capcoal","facility_layer":"coal_mines","facility_km":7.57,"notes":["source AUS_S_041"]}},{"type":"Feature","geometry":{"type":"Point","coordinates":[148.57992,-22.98678]},"properties":{"plume_id":"imeo:d2d5d1b3-414d-44a6-872e-6101ed85c13b","provider":"UNEP IMEO","instrument":"EMIT - NASA","datetime_utc":"2025-12-20T04:31:23","emission_kg_hr":1544.0,"uncertainty_kg_hr":468.0,"sector":"Coal","scene_id":"EMIT_L1B_RAD_001_20251220T043123_2535403_044","provider_url":"https://methanedata.unep.org/plumes","nearest_name":"Aquila-Capcoal","nearest_layer":"coal_mines","nearest_km":6.91,"association":"low","facility_name":"Aquila-Capcoal","facility_layer":"coal_mines","facility_km":6.91,"notes":["source AUS_S_088"]}},{"type":"Feature","geometry":{"type":"Point","coordinates":[148.47,-21.77]},"properties":{"plume_id":"imeo:d367d510-fd2b-4fc7-bd2e-67fa74b329d7","provider":"UNEP IMEO","instrument":"Sentinel-5P/TROPOMI - ESA","datetime_utc":"2024-06-08T03:49:34","emission_kg_hr":17000.0,"uncertainty_kg_hr":8000.0,"sector":"Coal","scene_id":"S5P_OFFL_L2__CH4____20240608T031241_20240608T045410_34472_03_020600_20240612T205512","provider_url":"https://methanedata.unep.org/plumes","nearest_name":"South Walker Creek","nearest_layer":"coal_mines","nearest_km":2.82,"association":"medium","facility_name":"South Walker Creek","facility_layer":"coal_mines","facility_km":2.82}},{"type":"Feature","geometry":{"type":"Point","coordinates":[150.72,-34.18144]},"properties":{"plume_id":"imeo:d43decbc-b7cc-4ab6-8227-5e48fca17d1b","provider":"UNEP IMEO","instrument":"EnMAP - DLR","datetime_utc":"2024-02-05T00:28:38","emission_kg_hr":529.0,"uncertainty_kg_hr":93.0,"sector":"Coal","scene_id":"ENMAP01-____L1B-DT0000060563_20240205T002838Z_016_V010502_20250410T160051Z","provider_url":"https://methanedata.unep.org/plumes","nearest_name":"Tower","nearest_layer":"gas_plants","nearest_km":4.21,"association":"low","facility_name":"Tower","facility_layer":"gas_plants","facility_km":4.21,"notes":["source AUS_S_014"]}},{"type":"Feature","geometry":{"type":"Point","coordinates":[150.77088,-34.20724]},"properties":{"plume_id":"imeo:d4eb63fb-e655-4781-adc8-d25a51e87c67","provider":"UNEP IMEO","instrument":"EnMAP - DLR","datetime_utc":"2024-09-20T00:39:18","emission_kg_hr":929.0,"uncertainty_kg_hr":341.0,"sector":"Coal","scene_id":"ENMAP01-____L1B-DT0000093262_20240920T003918Z_011_V010402_20240927T000420Z","provider_url":"https://methanedata.unep.org/plumes","nearest_name":"Appin","nearest_layer":"gas_plants","nearest_km":2.05,"association":"medium","facility_name":"Appin","facility_layer":"gas_plants","facility_km":2.05,"notes":["source AUS_S_010"]}},{"type":"Feature","geometry":{"type":"Point","coordinates":[150.76425,-34.38507]},"properties":{"plume_id":"imeo:d4ec6f7e-ecb0-468e-8842-f7af8c3430fd","provider":"UNEP IMEO","instrument":"EMIT - NASA","datetime_utc":"2024-02-25T04:11:08","emission_kg_hr":1821.0,"uncertainty_kg_hr":519.0,"sector":"Coal","scene_id":"EMIT_L1B_RAD_001_20240225T041108_2405603_042","provider_url":"https://methanedata.unep.org/plumes","nearest_name":"Dendrobium","nearest_layer":"coal_mines","nearest_km":6.63,"association":"low","facility_name":"Dendrobium","facility_layer":"coal_mines","facility_km":6.63,"notes":["source AUS_S_003"]}},{"type":"Feature","geometry":{"type":"Point","coordinates":[151.41904,-33.161]},"properties":{"plume_id":"imeo:d55ba880-c30f-4871-ba92-2e61ba575087","provider":"UNEP IMEO","instrument":"EnMAP - DLR","datetime_utc":"2024-05-27T00:31:48","emission_kg_hr":1022.0,"uncertainty_kg_hr":251.0,"sector":"Coal","scene_id":"ENMAP01-____L1B-DT0000075796_20240527T003148Z_018_V010502_20250921T163820Z","provider_url":"https://methanedata.unep.org/plumes","nearest_name":"Mandalong","nearest_layer":"coal_mines","nearest_km":6.25,"association":"low","facility_name":"Mandalong","facility_layer":"coal_mines","facility_km":6.25,"notes":["source AUS_S_084"]}},{"type":"Feature","geometry":{"type":"Point","coordinates":[151.04,-32.62]},"properties":{"plume_id":"imeo:d592565e-234a-458b-aa9e-e39eed1899ce","provider":"UNEP IMEO","instrument":"Sentinel-5P/TROPOMI - ESA","datetime_utc":"2026-06-24T04:09:47","emission_kg_hr":18000.0,"uncertainty_kg_hr":9000.0,"sector":"Coal","scene_id":"S5P_OFFL_L2__CH4____20260624T033620_20260624T051750_45056_03_020901_20260625T195452","provider_url":"https://methanedata.unep.org/plumes","nearest_name":"Warkworth","nearest_layer":"coal_mines","nearest_km":1.32,"association":"medium","facility_name":"Warkworth","facility_layer":"coal_mines","facility_km":1.32,"notes":["also reported by SRON"]}},{"type":"Feature","geometry":{"type":"Point","coordinates":[151.46083,-33.11434]},"properties":{"plume_id":"imeo:d5e7e21e-4daf-4022-ae3c-9ff3b44825be","provider":"UNEP IMEO","instrument":"EMIT - NASA","datetime_utc":"2024-12-21T05:12:52","emission_kg_hr":2212.0,"uncertainty_kg_hr":704.0,"sector":"Coal","scene_id":"EMIT_L1B_RAD_001_20241221T051252_2435603_050","provider_url":"https://methanedata.unep.org/plumes","nearest_name":"Mandalong","nearest_layer":"coal_mines","nearest_km":0.39,"association":"high","facility_name":"Mandalong","facility_layer":"coal_mines","facility_km":0.39,"notes":["source AUS_S_008"]}},{"type":"Feature","geometry":{"type":"Point","coordinates":[148.0312,-21.9405]},"properties":{"plume_id":"imeo:d67b97f1-8fa7-4368-86f1-5e5da643a635","provider":"UNEP IMEO","instrument":"Sentinel-5P/TROPOMI - ESA","datetime_utc":"2024-09-01T00:00:00","emission_kg_hr":14600.0,"sector":"Coal","provider_url":"https://methanedata.unep.org/plumes","nearest_name":"Moranbah","nearest_layer":"gas_plants","nearest_km":3.56,"association":"low","facility_name":"Moranbah","facility_layer":"gas_plants","facility_km":3.56}},{"type":"Feature","geometry":{"type":"Point","coordinates":[149.87569,-30.51663]},"properties":{"plume_id":"imeo:d730d4ff-5c13-4ee1-b69a-ade8d115213a","provider":"UNEP IMEO","instrument":"EMIT - NASA","datetime_utc":"2025-01-13T04:18:03","emission_kg_hr":1503.0,"uncertainty_kg_hr":312.0,"sector":"Coal","scene_id":"EMIT_L1B_RAD_001_20250113T041803_2501302_019","provider_url":"https://methanedata.unep.org/plumes","nearest_name":"Narrabri","nearest_layer":"coal_mines","nearest_km":1.84,"association":"medium","facility_name":"Narrabri","facility_layer":"coal_mines","facility_km":1.84,"notes":["source AUS_S_194"]}},{"type":"Feature","geometry":{"type":"Point","coordinates":[148.36,-21.47]},"properties":{"plume_id":"imeo:d7ca5e64-2f73-4d12-aa10-2b1e8579205a","provider":"UNEP IMEO","instrument":"Sentinel-5P/TROPOMI - ESA","datetime_utc":"2025-04-24T03:50:59","emission_kg_hr":14000.0,"uncertainty_kg_hr":7000.0,"sector":"Coal","scene_id":"S5P_OFFL_L2__CH4____20250424T031107_20250424T045237_39012_03_020800_20250425T192113","provider_url":"https://methanedata.unep.org/plumes","nearest_name":"Hail Creek","nearest_layer":"coal_mines","nearest_km":6.23,"association":"low","facility_name":"Hail Creek","facility_layer":"coal_mines","facility_km":6.23,"notes":["also reported by SRON"]}},{"type":"Feature","geometry":{"type":"Point","coordinates":[148.58253,-22.98772]},"properties":{"plume_id":"imeo:d82f45ae-f177-416c-a198-59aab0f899c7","provider":"UNEP IMEO","instrument":"EnMAP - DLR","datetime_utc":"2024-04-23T00:47:21","emission_kg_hr":1427.0,"uncertainty_kg_hr":607.0,"sector":"Coal","scene_id":"ENMAP01-____L1B-DT0000070251_20240423T004721Z_007_V010502_20250410T134843Z","provider_url":"https://methanedata.unep.org/plumes","nearest_name":"Aquila-Capcoal","nearest_layer":"coal_mines","nearest_km":7.11,"association":"low","facility_name":"Aquila-Capcoal","facility_layer":"coal_mines","facility_km":7.11,"notes":["source AUS_S_013"]}},{"type":"Feature","geometry":{"type":"Point","coordinates":[151.57045,-33.06432]},"properties":{"plume_id":"imeo:d839feb1-a847-42d0-b44e-08ab0e155abc","provider":"UNEP IMEO","instrument":"EMIT - NASA","datetime_utc":"2024-09-19T01:58:11","emission_kg_hr":1233.0,"uncertainty_kg_hr":376.0,"sector":"Coal","scene_id":"EMIT_L1B_RAD_001_20240919T015811_2426301_015","provider_url":"https://methanedata.unep.org/plumes","nearest_name":"Myuna","nearest_layer":"coal_mines","nearest_km":0.3,"association":"high","facility_name":"Myuna","facility_layer":"coal_mines","facility_km":0.3,"notes":["source AUS_S_004"]}},{"type":"Feature","geometry":{"type":"Point","coordinates":[148.32297,-23.29948]},"properties":{"plume_id":"imeo:d86add59-1095-4962-9816-04247ab67ef7","provider":"UNEP IMEO","instrument":"EMIT - NASA","datetime_utc":"2023-01-19T04:02:23","emission_kg_hr":1895.0,"uncertainty_kg_hr":571.0,"sector":"Coal","scene_id":"EMIT_L1B_RAD_001_20230119T040223_2301902_019","provider_url":"https://methanedata.unep.org/plumes","nearest_name":"Kestrel","nearest_layer":"coal_mines","nearest_km":7.99,"association":"low","facility_name":"Kestrel","facility_layer":"coal_mines","facility_km":7.99,"notes":["source AUS_S_007"]}},{"type":"Feature","geometry":{"type":"Point","coordinates":[150.99,-32.73]},"properties":{"plume_id":"imeo:d8ee35a1-9371-42ba-8944-1463f2040a18","provider":"UNEP IMEO","instrument":"Sentinel-5P/TROPOMI - ESA","datetime_utc":"2024-06-25T03:28:03","emission_kg_hr":28000.0,"uncertainty_kg_hr":19000.0,"sector":"Coal","scene_id":"S5P_OFFL_L2__CH4____20240625T025358_20240625T043528_34713_03_020600_20240626T184223","provider_url":"https://methanedata.unep.org/plumes","association":"none within 10 km"}},{"type":"Feature","geometry":{"type":"Point","coordinates":[148.35,-21.79]},"properties":{"plume_id":"imeo:d8f13225-be6e-48c1-a60c-7dfb3b8c3964","provider":"UNEP IMEO","instrument":"Sentinel-5P/TROPOMI - ESA","datetime_utc":"2025-07-29T03:53:02","emission_kg_hr":54000.0,"uncertainty_kg_hr":20000.0,"sector":"Coal","scene_id":"S5P_OFFL_L2__CH4____20250729T031450_20250729T045620_40374_03_020800_20250730T192044","provider_url":"https://methanedata.unep.org/plumes","nearest_name":"South Walker Creek","nearest_layer":"coal_mines","nearest_km":9.81,"association":"low","facility_name":"South Walker Creek","facility_layer":"coal_mines","facility_km":9.81,"notes":["also reported by SRON"]}},{"type":"Feature","geometry":{"type":"Point","coordinates":[149.04,-25.51]},"properties":{"plume_id":"imeo:d9162d2a-0fdb-469e-8085-9b29444c82ec","provider":"UNEP IMEO","instrument":"Sentinel-5P/TROPOMI - ESA","datetime_utc":"2024-06-03T03:42:20","emission_kg_hr":11000.0,"uncertainty_kg_hr":6000.0,"sector":"Oil and Gas","scene_id":"S5P_OFFL_L2__CH4____20240603T030614_20240603T044744_34401_03_020600_20240609T085018","provider_url":"https://methanedata.unep.org/plumes","association":"none within 10 km"}},{"type":"Feature","geometry":{"type":"Point","coordinates":[148.33,-21.89]},"properties":{"plume_id":"imeo:d9e59327-c328-4c4d-ae0e-3b6f214fbd0f","provider":"UNEP IMEO","instrument":"Sentinel-5P/TROPOMI - ESA","datetime_utc":"2024-06-04T03:24:42","emission_kg_hr":21000.0,"uncertainty_kg_hr":10000.0,"sector":"Coal","scene_id":"S5P_OFFL_L2__CH4____20240604T024712_20240604T042842_34415_03_020600_20240610T021008","provider_url":"https://methanedata.unep.org/plumes","nearest_name":"Elphinstone Header Pipeline","nearest_layer":"pipelines_gas","nearest_km":2.45,"association":"linear-only"}},{"type":"Feature","geometry":{"type":"Point","coordinates":[147.97,-21.33]},"properties":{"plume_id":"imeo:da28f315-fa6b-42de-9a18-90c7a1d75ef9","provider":"UNEP IMEO","instrument":"Sentinel-5P/TROPOMI - ESA","datetime_utc":"2024-06-13T03:56:06","emission_kg_hr":11000.0,"uncertainty_kg_hr":7000.0,"sector":"Coal","scene_id":"S5P_OFFL_L2__CH4____20240613T031911_20240613T050041_34543_03_020600_20240615T204842","provider_url":"https://methanedata.unep.org/plumes","nearest_name":"Arrow Bowen Pipeline","nearest_layer":"pipelines_gas","nearest_km":5.08,"association":"linear-only"}},{"type":"Feature","geometry":{"type":"Point","coordinates":[151.09198,-32.71253]},"properties":{"plume_id":"imeo:daebab2b-b755-4a68-84c8-255dfd39222f","provider":"UNEP IMEO","instrument":"EnMAP - DLR","datetime_utc":"2025-08-25T00:28:34","emission_kg_hr":858.0,"uncertainty_kg_hr":141.0,"sector":"Coal","scene_id":"ENMAP01-____L1B-DT0000148775_20250825T002834Z_002_V010502_20250827T181210Z","provider_url":"https://methanedata.unep.org/plumes","nearest_name":"Bulga","nearest_layer":"coal_mines","nearest_km":3.3,"association":"low","facility_name":"Bulga","facility_layer":"coal_mines","facility_km":3.3,"notes":["source AUS_S_017"]}},{"type":"Feature","geometry":{"type":"Point","coordinates":[151.08977,-32.42731]},"properties":{"plume_id":"imeo:dc739ef3-46e8-45ca-854a-696106a709bc","provider":"UNEP IMEO","instrument":"EMIT - NASA","datetime_utc":"2023-11-30T22:06:44","emission_kg_hr":2762.0,"uncertainty_kg_hr":910.0,"sector":"Coal","scene_id":"EMIT_L1B_RAD_001_20231130T220644_2333414_006","provider_url":"https://methanedata.unep.org/plumes","nearest_name":"Ravensworth East","nearest_layer":"coal_mines","nearest_km":2.84,"association":"medium","facility_name":"Ravensworth East","facility_layer":"coal_mines","facility_km":2.84,"notes":["source AUS_S_023"]}},{"type":"Feature","geometry":{"type":"Point","coordinates":[151.00974,-32.55983]},"properties":{"plume_id":"imeo:dd4b5927-8a99-404d-918d-70fdb342d856","provider":"UNEP IMEO","instrument":"EnMAP - DLR","datetime_utc":"2024-04-15T00:42:26","emission_kg_hr":2177.0,"uncertainty_kg_hr":433.0,"sector":"Coal","scene_id":"ENMAP01-____L1B-DT0000069141_20240415T004226Z_010_V010502_20250411T131247Z","provider_url":"https://methanedata.unep.org/plumes","nearest_name":"United-Wambo","nearest_layer":"coal_mines","nearest_km":0.18,"association":"high","facility_name":"United-Wambo","facility_layer":"coal_mines","facility_km":0.18,"notes":["source AUS_S_117"]}},{"type":"Feature","geometry":{"type":"Point","coordinates":[148.33,-21.82]},"properties":{"plume_id":"imeo:dd7d4b1d-079e-4bc4-a65c-eaa0a1b6b66e","provider":"UNEP IMEO","instrument":"Sentinel-5P/TROPOMI - ESA","datetime_utc":"2024-07-20T04:02:31","emission_kg_hr":31000.0,"uncertainty_kg_hr":12000.0,"sector":"Coal","scene_id":"S5P_OFFL_L2__CH4____20240720T032502_20240720T050631_35068_03_020600_20240722T071258","provider_url":"https://methanedata.unep.org/plumes","nearest_name":"Elphinstone Header Pipeline","nearest_layer":"pipelines_gas","nearest_km":3.31,"association":"linear-only"}},{"type":"Feature","geometry":{"type":"Point","coordinates":[148.26032,-21.99396]},"properties":{"plume_id":"imeo:de413597-f30f-4882-aabc-6b43fb4498d6","provider":"UNEP IMEO","instrument":"EMIT - NASA","datetime_utc":"2025-08-23T03:34:40","emission_kg_hr":674.0,"uncertainty_kg_hr":280.0,"sector":"Coal","scene_id":"EMIT_L1B_RAD_001_20250823T033440_2523502_043","provider_url":"https://methanedata.unep.org/plumes","nearest_name":"Poitrel","nearest_layer":"coal_mines","nearest_km":5.87,"association":"low","facility_name":"Poitrel","facility_layer":"coal_mines","facility_km":5.87,"notes":["source AUS_S_115"]}},{"type":"Feature","geometry":{"type":"Point","coordinates":[150.9769,-32.5804]},"properties":{"plume_id":"imeo:de9eaced-ac69-4248-ad4a-2216176cd0e3","provider":"UNEP IMEO","instrument":"Sentinel-5P/TROPOMI - ESA","datetime_utc":"2024-08-08T00:00:00","emission_kg_hr":27700.0,"sector":"Coal","provider_url":"https://methanedata.unep.org/plumes","nearest_name":"Wambo","nearest_layer":"coal_mines","nearest_km":2.19,"association":"medium","facility_name":"Wambo","facility_layer":"coal_mines","facility_km":2.19}},{"type":"Feature","geometry":{"type":"Point","coordinates":[151.41904,-33.161]},"properties":{"plume_id":"imeo:ded920b2-c78c-433f-b7b7-a99f463499be","provider":"UNEP IMEO","instrument":"EnMAP - DLR","datetime_utc":"2024-07-24T00:35:20","sector":"Coal","scene_id":"ENMAP01-____L1B-DT0000083860_20240724T003520Z_016_V010502_20250923T034230Z","provider_url":"https://methanedata.unep.org/plumes","nearest_name":"Mandalong","nearest_layer":"coal_mines","nearest_km":6.25,"association":"low","facility_name":"Mandalong","facility_layer":"coal_mines","facility_km":6.25,"notes":["source AUS_S_084"]}},{"type":"Feature","geometry":{"type":"Point","coordinates":[148.56571,-23.07668]},"properties":{"plume_id":"imeo:df54b513-9e3d-413d-8a63-03a7f9c1fec6","provider":"UNEP IMEO","instrument":"EMIT - NASA","datetime_utc":"2023-11-28T23:44:58","emission_kg_hr":618.0,"uncertainty_kg_hr":230.0,"sector":"Coal","scene_id":"EMIT_L1B_RAD_001_20231128T234458_2333215_021","provider_url":"https://methanedata.unep.org/plumes","nearest_name":"Oaky Creek","nearest_layer":"coal_mines","nearest_km":7.96,"association":"low","facility_name":"Oaky Creek","facility_layer":"coal_mines","facility_km":7.96,"notes":["source AUS_S_005"]}},{"type":"Feature","geometry":{"type":"Point","coordinates":[148.01114,-21.96215]},"properties":{"plume_id":"imeo:dfc9f3ab-7609-4b47-a9ff-757bc2f5cf4c","provider":"UNEP IMEO","instrument":"PRISMA - ASI","datetime_utc":"2022-11-06T00:22:56","emission_kg_hr":778.0,"uncertainty_kg_hr":366.0,"sector":"Coal","scene_id":"PRS_L1_STD_OFFL_20221106002256_20221106002300_0001","provider_url":"https://methanedata.unep.org/plumes","nearest_name":"Moranbah","nearest_layer":"gas_plants","nearest_km":0.53,"association":"high","facility_name":"Moranbah","facility_layer":"gas_plants","facility_km":0.53,"notes":["source AUS_S_047"]}},{"type":"Feature","geometry":{"type":"Point","coordinates":[150.79894,-34.29165]},"properties":{"plume_id":"imeo:dffef531-19c4-4461-93f2-a5367068e9f3","provider":"UNEP IMEO","instrument":"EnMAP - DLR","datetime_utc":"2026-04-02T00:32:33","sector":"Coal","scene_id":"ENMAP01-____L1B-DT0000187258_20260402T003233Z_010_V010506_20260404T074639Z","provider_url":"https://methanedata.unep.org/plumes","nearest_name":"Appin","nearest_layer":"coal_mines","nearest_km":8.9,"association":"low","facility_name":"Appin","facility_layer":"coal_mines","facility_km":8.9,"notes":["source AUS_S_002"]}},{"type":"Feature","geometry":{"type":"Point","coordinates":[150.96371,-34.20237]},"properties":{"plume_id":"imeo:e04e16b5-c6ff-4e46-a3d1-f62f345944f8","provider":"UNEP IMEO","instrument":"EMIT - NASA","datetime_utc":"2024-02-25T04:11:08","emission_kg_hr":1115.0,"uncertainty_kg_hr":327.0,"sector":"Coal","scene_id":"EMIT_L1B_RAD_001_20240225T041108_2405603_042","provider_url":"https://methanedata.unep.org/plumes","nearest_name":"Metropolitan","nearest_layer":"coal_mines","nearest_km":3.1,"association":"low","facility_name":"Metropolitan","facility_layer":"coal_mines","facility_km":3.1,"notes":["source AUS_S_001"]}},{"type":"Feature","geometry":{"type":"Point","coordinates":[150.58178,-34.24862]},"properties":{"plume_id":"imeo:e117797b-8690-4bd9-a790-7b85de95799b","provider":"UNEP IMEO","instrument":"EMIT - NASA","datetime_utc":"2025-01-04T23:28:16","emission_kg_hr":304.0,"uncertainty_kg_hr":94.0,"sector":"Coal","scene_id":"EMIT_L1B_RAD_001_20250104T232816_2500415_042","provider_url":"https://methanedata.unep.org/plumes","nearest_name":"Tahmoor","nearest_layer":"coal_mines","nearest_km":0.32,"association":"high","facility_name":"Tahmoor","facility_layer":"coal_mines","facility_km":0.32,"notes":["source AUS_S_058"]}},{"type":"Feature","geometry":{"type":"Point","coordinates":[151.1087,-32.6139]},"properties":{"plume_id":"imeo:e233907b-c7e1-4ed2-8ab1-2fb920d9710a","provider":"UNEP IMEO","instrument":"Sentinel-5P/TROPOMI - ESA","datetime_utc":"2023-06-11T00:00:00","emission_kg_hr":47431.0,"sector":"Coal","provider_url":"https://methanedata.unep.org/plumes","nearest_name":"Warkworth","nearest_layer":"coal_mines","nearest_km":5.39,"association":"low","facility_name":"Warkworth","facility_layer":"coal_mines","facility_km":5.39}},{"type":"Feature","geometry":{"type":"Point","coordinates":[150.77088,-34.20724]},"properties":{"plume_id":"imeo:e257d27c-5b9d-4c0b-b13d-ecddb4b30125","provider":"UNEP IMEO","instrument":"EMIT - NASA","datetime_utc":"2026-02-24T03:06:11","sector":"Coal","scene_id":"EMIT_L1B_RAD_001_20260224T030611_2605502_044","provider_url":"https://methanedata.unep.org/plumes","nearest_name":"Appin","nearest_layer":"gas_plants","nearest_km":2.05,"association":"medium","facility_name":"Appin","facility_layer":"gas_plants","facility_km":2.05,"notes":["source AUS_S_010"]}},{"type":"Feature","geometry":{"type":"Point","coordinates":[148.58253,-22.98772]},"properties":{"plume_id":"imeo:e28c9a07-b3f1-46fd-b922-4c52c036e250","provider":"UNEP IMEO","instrument":"PRISMA - ASI","datetime_utc":"2022-11-18T00:29:36","emission_kg_hr":240.0,"uncertainty_kg_hr":147.0,"sector":"Coal","scene_id":"PRS_L1_STD_OFFL_20221118002936_20221118002940_0001","provider_url":"https://methanedata.unep.org/plumes","nearest_name":"Aquila-Capcoal","nearest_layer":"coal_mines","nearest_km":7.11,"association":"low","facility_name":"Aquila-Capcoal","facility_layer":"coal_mines","facility_km":7.11,"notes":["source AUS_S_013"]}},{"type":"Feature","geometry":{"type":"Point","coordinates":[149.79084,-26.19515]},"properties":{"plume_id":"imeo:e36a73c7-fd2f-49b3-9d90-d0461cb4b301","provider":"UNEP IMEO","instrument":"EMIT - NASA","datetime_utc":"2025-03-03T23:56:47","emission_kg_hr":2367.0,"uncertainty_kg_hr":656.0,"sector":"Oil and Gas","scene_id":"EMIT_L1B_RAD_001_20250303T235647_2506216_017","provider_url":"https://methanedata.unep.org/plumes","nearest_name":"Darling Downs Pipeline Atlas Lateral","nearest_layer":"pipelines_gas","nearest_km":0.1,"association":"linear-only","notes":["source AUS_S_020"]}},{"type":"Feature","geometry":{"type":"Point","coordinates":[151.08977,-32.42731]},"properties":{"plume_id":"imeo:e41b76ad-e793-4bb8-a94d-6c7e0cd786f6","provider":"UNEP IMEO","instrument":"EnMAP - DLR","datetime_utc":"2024-04-15T00:42:26","emission_kg_hr":539.0,"uncertainty_kg_hr":186.0,"sector":"Coal","scene_id":"ENMAP01-____L1B-DT0000069141_20240415T004226Z_010_V010502_20250411T131247Z","provider_url":"https://methanedata.unep.org/plumes","nearest_name":"Ravensworth East","nearest_layer":"coal_mines","nearest_km":2.84,"association":"medium","facility_name":"Ravensworth East","facility_layer":"coal_mines","facility_km":2.84,"notes":["source AUS_S_023"]}},{"type":"Feature","geometry":{"type":"Point","coordinates":[150.99948,-32.52914]},"properties":{"plume_id":"imeo:e59652b7-be07-44ca-847b-c39cb8b848a2","provider":"UNEP IMEO","instrument":"EMIT - NASA","datetime_utc":"2023-12-30T02:34:33","emission_kg_hr":1272.0,"uncertainty_kg_hr":408.0,"sector":"Coal","scene_id":"EMIT_L1B_RAD_001_20231230T023433_2336402_009","provider_url":"https://methanedata.unep.org/plumes","nearest_name":"Hunter Valley Operations","nearest_layer":"coal_mines","nearest_km":0.35,"association":"high","facility_name":"Hunter Valley Operations","facility_layer":"coal_mines","facility_km":0.35,"notes":["source AUS_S_118"]}},{"type":"Feature","geometry":{"type":"Point","coordinates":[148.32297,-23.29948]},"properties":{"plume_id":"imeo:e5b199bc-03c3-46ac-889b-5e848afcc45d","provider":"UNEP IMEO","instrument":"EMIT - NASA","datetime_utc":"2023-11-28T23:44:58","emission_kg_hr":2642.0,"uncertainty_kg_hr":863.0,"sector":"Coal","scene_id":"EMIT_L1B_RAD_001_20231128T234458_2333215_021","provider_url":"https://methanedata.unep.org/plumes","nearest_name":"Kestrel","nearest_layer":"coal_mines","nearest_km":7.99,"association":"low","facility_name":"Kestrel","facility_layer":"coal_mines","facility_km":7.99,"notes":["source AUS_S_007"]}},{"type":"Feature","geometry":{"type":"Point","coordinates":[151.07525,-32.47124]},"properties":{"plume_id":"imeo:e5b2e638-a834-4e9e-9d8d-4fd7017877d5","provider":"UNEP IMEO","instrument":"EnMAP - DLR","datetime_utc":"2023-09-27T00:32:17","emission_kg_hr":2098.0,"uncertainty_kg_hr":737.0,"sector":"Coal","scene_id":"ENMAP01-____L1B-DT0000043975_20230927T003217Z_003_V010502_20250417T082141Z","provider_url":"https://methanedata.unep.org/plumes","nearest_name":"Ashton","nearest_layer":"coal_mines","nearest_km":0.61,"association":"high","facility_name":"Ashton","facility_layer":"coal_mines","facility_km":0.61,"notes":["source AUS_S_112"]}},{"type":"Feature","geometry":{"type":"Point","coordinates":[148.56571,-23.07668]},"properties":{"plume_id":"imeo:e6f901e7-c0f3-4c56-a6b5-f0a481739f03","provider":"UNEP IMEO","instrument":"PRISMA - ASI","datetime_utc":"2024-07-18T00:13:19","emission_kg_hr":0.0,"uncertainty_kg_hr":151.0,"sector":"Coal","scene_id":"PRS_L1_STD_OFFL_20240718001319_20240718001323_0001","provider_url":"https://methanedata.unep.org/plumes","nearest_name":"Oaky Creek","nearest_layer":"coal_mines","nearest_km":7.96,"association":"low","facility_name":"Oaky Creek","facility_layer":"coal_mines","facility_km":7.96,"notes":["source AUS_S_005"]}},{"type":"Feature","geometry":{"type":"Point","coordinates":[148.56658,-23.04631]},"properties":{"plume_id":"imeo:e768ae19-7151-4ce2-b8b5-ce09f8b61955","provider":"UNEP IMEO","instrument":"EMIT - NASA","datetime_utc":"2023-11-28T23:44:58","emission_kg_hr":678.0,"uncertainty_kg_hr":246.0,"sector":"Coal","scene_id":"EMIT_L1B_RAD_001_20231128T234458_2333215_021","provider_url":"https://methanedata.unep.org/plumes","nearest_name":"Oaky Creek","nearest_layer":"coal_mines","nearest_km":8.37,"association":"low","facility_name":"Oaky Creek","facility_layer":"coal_mines","facility_km":8.37,"notes":["source AUS_S_024"]}},{"type":"Feature","geometry":{"type":"Point","coordinates":[151.41904,-33.161]},"properties":{"plume_id":"imeo:e7cdbcf4-93c6-4f59-8ac9-5ebaf6f810c4","provider":"UNEP IMEO","instrument":"EMIT - NASA","datetime_utc":"2024-09-19T01:58:11","emission_kg_hr":1829.0,"uncertainty_kg_hr":546.0,"sector":"Coal","scene_id":"EMIT_L1B_RAD_001_20240919T015811_2426301_015","provider_url":"https://methanedata.unep.org/plumes","nearest_name":"Mandalong","nearest_layer":"coal_mines","nearest_km":6.25,"association":"low","facility_name":"Mandalong","facility_layer":"coal_mines","facility_km":6.25,"notes":["source AUS_S_084"]}},{"type":"Feature","geometry":{"type":"Point","coordinates":[150.72707,-34.14694]},"properties":{"plume_id":"imeo:e887cd72-05d7-42e2-a228-134b3e1720e9","provider":"UNEP IMEO","instrument":"EnMAP - DLR","datetime_utc":"2026-06-03T00:39:37","emission_kg_hr":731.0,"uncertainty_kg_hr":278.0,"sector":"Coal","scene_id":"ENMAP01-____L1B-DT0000198761_20260603T003937Z_001_V010506_20260604T011840Z","provider_url":"https://methanedata.unep.org/plumes","nearest_name":"Tower","nearest_layer":"gas_plants","nearest_km":8.06,"association":"low","facility_name":"Tower","facility_layer":"gas_plants","facility_km":8.06,"notes":["source AUS_S_026"]}},{"type":"Feature","geometry":{"type":"Point","coordinates":[112.76492,-7.54994]},"properties":{"plume_id":"imeo:e908e3fd-152d-4a02-acfa-b7dd529dc3a2","provider":"UNEP IMEO","instrument":"EnMAP - DLR","datetime_utc":"2024-09-15T03:18:52","emission_kg_hr":1914.0,"uncertainty_kg_hr":589.0,"sector":"Waste","scene_id":"ENMAP01-____L1B-DT0000094072_20240915T031852Z_001_V010502_20250924T052608Z","provider_url":"https://methanedata.unep.org/plumes","association":"none within 10 km","notes":["source IDN_S_001"]}},{"type":"Feature","geometry":{"type":"Point","coordinates":[148.18,-21.45]},"properties":{"plume_id":"imeo:e9a94351-2643-4d6c-94ed-47d52380afaa","provider":"UNEP IMEO","instrument":"Sentinel-5P/TROPOMI - ESA","datetime_utc":"2026-05-23T04:12:00","emission_kg_hr":28000.0,"uncertainty_kg_hr":11000.0,"sector":"Coal","scene_id":"S5P_OFFL_L2__CH4____20260523T033439_20260523T051610_44602_03_020901_20260524T195140","provider_url":"https://methanedata.unep.org/plumes","association":"none within 10 km","notes":["also reported by SRON"]}},{"type":"Feature","geometry":{"type":"Point","coordinates":[150.60399,-34.24458]},"properties":{"plume_id":"imeo:ea12f156-fe22-4d1a-b814-626cef196f7a","provider":"UNEP IMEO","instrument":"EMIT - NASA","datetime_utc":"2025-01-04T23:28:16","emission_kg_hr":3803.0,"uncertainty_kg_hr":825.0,"sector":"Coal","scene_id":"EMIT_L1B_RAD_001_20250104T232816_2500415_042","provider_url":"https://methanedata.unep.org/plumes","nearest_name":"Tahmoor","nearest_layer":"coal_mines","nearest_km":2.36,"association":"medium","facility_name":"Tahmoor","facility_layer":"coal_mines","facility_km":2.36,"notes":["source AUS_S_015"]}},{"type":"Feature","geometry":{"type":"Point","coordinates":[150.72,-34.18144]},"properties":{"plume_id":"imeo:ea21c99f-d019-4c0a-adca-7731fd956689","provider":"UNEP IMEO","instrument":"EMIT - NASA","datetime_utc":"2023-09-19T02:52:01","emission_kg_hr":2542.0,"uncertainty_kg_hr":920.0,"sector":"Coal","scene_id":"EMIT_L1B_RAD_001_20230919T025201_2326201_006","provider_url":"https://methanedata.unep.org/plumes","nearest_name":"Tower","nearest_layer":"gas_plants","nearest_km":4.21,"association":"low","facility_name":"Tower","facility_layer":"gas_plants","facility_km":4.21,"notes":["source AUS_S_014"]}},{"type":"Feature","geometry":{"type":"Point","coordinates":[148.99,-23.36]},"properties":{"plume_id":"imeo:ea9a4bf6-e2c0-453f-98a2-2744a6c8f5c4","provider":"UNEP IMEO","instrument":"Sentinel-5P/TROPOMI - ESA","datetime_utc":"2025-01-13T03:44:01","emission_kg_hr":9000.0,"uncertainty_kg_hr":9000.0,"sector":"Coal","scene_id":"S5P_OFFL_L2__CH4____20250113T025410_20250113T043540_37579_03_020800_20250114T185815","provider_url":"https://methanedata.unep.org/plumes","nearest_name":"Yarrabee","nearest_layer":"coal_mines","nearest_km":5.98,"association":"low","facility_name":"Yarrabee","facility_layer":"coal_mines","facility_km":5.98,"notes":["also reported by SRON"]}},{"type":"Feature","geometry":{"type":"Point","coordinates":[148.60039,-23.06279]},"properties":{"plume_id":"imeo:eb3d42c5-4bf7-463e-9ca4-d564ebca6cd4","provider":"UNEP IMEO","instrument":"PRISMA - ASI","datetime_utc":"2024-09-20T00:16:30","emission_kg_hr":1005.0,"uncertainty_kg_hr":380.0,"sector":"Coal","scene_id":"PRS_L1_STD_OFFL_20240920001630_20240920001634_0001","provider_url":"https://methanedata.unep.org/plumes","association":"none within 10 km","notes":["source AUS_S_061"]}},{"type":"Feature","geometry":{"type":"Point","coordinates":[148.60039,-23.06279]},"properties":{"plume_id":"imeo:eb79a20c-4c48-4b4a-b7fb-a21f3546a776","provider":"UNEP IMEO","instrument":"EMIT - NASA","datetime_utc":"2024-11-24T00:49:08","emission_kg_hr":1391.0,"uncertainty_kg_hr":530.0,"sector":"Coal","scene_id":"EMIT_L1B_RAD_001_20241124T004908_2432816_033","provider_url":"https://methanedata.unep.org/plumes","association":"none within 10 km","notes":["source AUS_S_061"]}},{"type":"Feature","geometry":{"type":"Point","coordinates":[150.72,-34.18144]},"properties":{"plume_id":"imeo:ebe70cb1-9dc9-46d3-9156-70f23de4d0f3","provider":"UNEP IMEO","instrument":"EMIT - NASA","datetime_utc":"2023-03-16T04:52:23","emission_kg_hr":9524.0,"uncertainty_kg_hr":3427.0,"sector":"Coal","scene_id":"EMIT_L1B_RAD_001_20230316T045223_2307503_007","provider_url":"https://methanedata.unep.org/plumes","nearest_name":"Tower","nearest_layer":"gas_plants","nearest_km":4.21,"association":"low","facility_name":"Tower","facility_layer":"gas_plants","facility_km":4.21,"notes":["source AUS_S_014"]}},{"type":"Feature","geometry":{"type":"Point","coordinates":[148.7604,-22.8686]},"properties":{"plume_id":"imeo:ed250e61-2b9c-4999-bdc5-31a2c1e3bb7b","provider":"UNEP IMEO","instrument":"Sentinel-5P/TROPOMI - ESA","datetime_utc":"2024-06-19T00:00:00","emission_kg_hr":9970.0,"sector":"Coal","provider_url":"https://methanedata.unep.org/plumes","nearest_name":"Foxleigh","nearest_layer":"coal_mines","nearest_km":8.72,"association":"low","facility_name":"Foxleigh","facility_layer":"coal_mines","facility_km":8.72}},{"type":"Feature","geometry":{"type":"Point","coordinates":[151.57,-33.15115]},"properties":{"plume_id":"imeo:ed4e1a19-a72c-4630-b160-b4c39571b67d","provider":"UNEP IMEO","instrument":"EMIT - NASA","datetime_utc":"2024-10-26T03:25:40","emission_kg_hr":3519.0,"uncertainty_kg_hr":1188.0,"sector":"Coal","scene_id":"EMIT_L1B_RAD_001_20241026T032540_2430002_063","provider_url":"https://methanedata.unep.org/plumes","nearest_name":"Chain Valley","nearest_layer":"coal_mines","nearest_km":2.28,"association":"medium","facility_name":"Chain Valley","facility_layer":"coal_mines","facility_km":2.28,"notes":["source AUS_S_083"]}},{"type":"Feature","geometry":{"type":"Point","coordinates":[147.83,-21.71]},"properties":{"plume_id":"imeo:edbdbabd-2455-4d83-b76b-0cc57ec0101b","provider":"UNEP IMEO","instrument":"Sentinel-5P/TROPOMI - ESA","datetime_utc":"2025-10-07T03:41:00","emission_kg_hr":18000.0,"uncertainty_kg_hr":6000.0,"sector":"Coal","scene_id":"S5P_OFFL_L2__CH4____20251007T025534_20251007T043704_41367_03_020800_20251010T084125","provider_url":"https://methanedata.unep.org/plumes","nearest_name":"Moranbah to Yabulu","nearest_layer":"pipelines_gas","nearest_km":5.59,"association":"linear-only","notes":["also reported by SRON"]}},{"type":"Feature","geometry":{"type":"Point","coordinates":[148.26032,-21.99396]},"properties":{"plume_id":"imeo:ede24973-15fe-48b7-a5ac-44088006e531","provider":"UNEP IMEO","instrument":"EMIT - NASA","datetime_utc":"2025-10-23T03:24:09","emission_kg_hr":1741.0,"uncertainty_kg_hr":353.0,"sector":"Coal","scene_id":"EMIT_L1B_RAD_001_20251023T032409_2529602_048","provider_url":"https://methanedata.unep.org/plumes","nearest_name":"Poitrel","nearest_layer":"coal_mines","nearest_km":5.87,"association":"low","facility_name":"Poitrel","facility_layer":"coal_mines","facility_km":5.87,"notes":["source AUS_S_115"]}},{"type":"Feature","geometry":{"type":"Point","coordinates":[150.82421,-34.21989]},"properties":{"plume_id":"imeo:ee5dd905-8292-471b-acfb-e4b2f9c8b117","provider":"UNEP IMEO","instrument":"EMIT - NASA","datetime_utc":"2025-01-04T23:28:16","emission_kg_hr":461.0,"uncertainty_kg_hr":123.0,"sector":"Coal","scene_id":"EMIT_L1B_RAD_001_20250104T232816_2500415_042","provider_url":"https://methanedata.unep.org/plumes","nearest_name":"Appin","nearest_layer":"coal_mines","nearest_km":3.01,"association":"low","facility_name":"Appin","facility_layer":"coal_mines","facility_km":3.01,"notes":["source AUS_S_016"]}},{"type":"Feature","geometry":{"type":"Point","coordinates":[148.87,-23.32]},"properties":{"plume_id":"imeo:ee716bd3-65a9-4283-ab07-d46e27dc96ab","provider":"UNEP IMEO","instrument":"Sentinel-5P/TROPOMI - ESA","datetime_utc":"2025-06-10T04:10:32","emission_kg_hr":13000.0,"uncertainty_kg_hr":6000.0,"sector":"Coal","scene_id":"S5P_OFFL_L2__CH4____20250610T033420_20250610T051550_39679_03_020800_20250611T195051","provider_url":"https://methanedata.unep.org/plumes","association":"none within 10 km","notes":["also reported by SRON"]}},{"type":"Feature","geometry":{"type":"Point","coordinates":[112.76492,-7.54994]},"properties":{"plume_id":"imeo:ef2f6089-a83b-4a61-acba-efb2c8444052","provider":"UNEP IMEO","instrument":"EMIT - NASA","datetime_utc":"2025-05-01T02:16:23","emission_kg_hr":0.0,"uncertainty_kg_hr":69.0,"sector":"Waste","scene_id":"EMIT_L1B_RAD_001_20250501T021623_2512101_031","provider_url":"https://methanedata.unep.org/plumes","association":"none within 10 km","notes":["source IDN_S_001"]}},{"type":"Feature","geometry":{"type":"Point","coordinates":[148.48388,-23.45964]},"properties":{"plume_id":"imeo:ef6ca3f7-5d67-44a4-8720-89d950f0774e","provider":"UNEP IMEO","instrument":"EnMAP - DLR","datetime_utc":"2025-08-26T00:51:19","emission_kg_hr":1260.0,"uncertainty_kg_hr":461.0,"sector":"Coal","scene_id":"ENMAP01-____L1B-DT0000149535_20250826T005119Z_010_V010502_20250902T122001Z","provider_url":"https://methanedata.unep.org/plumes","nearest_name":"Ensham","nearest_layer":"coal_mines","nearest_km":1.5,"association":"medium","facility_name":"Ensham","facility_layer":"coal_mines","facility_km":1.5,"notes":["source AUS_S_130"]}},{"type":"Feature","geometry":{"type":"Point","coordinates":[150.0,-24.81]},"properties":{"plume_id":"imeo:ef6e852b-5703-4e65-85f8-a36aa496bbaa","provider":"UNEP IMEO","instrument":"Sentinel-5P/TROPOMI - ESA","datetime_utc":"2025-07-29T03:52:09","emission_kg_hr":14000.0,"uncertainty_kg_hr":5000.0,"sector":"Coal","scene_id":"S5P_OFFL_L2__CH4____20250729T031450_20250729T045620_40374_03_020800_20250730T192044","provider_url":"https://methanedata.unep.org/plumes","nearest_name":"Dawson's Valley Lateral","nearest_layer":"pipelines_gas","nearest_km":2.64,"association":"linear-only","notes":["also reported by SRON"]}},{"type":"Feature","geometry":{"type":"Point","coordinates":[151.08977,-32.42731]},"properties":{"plume_id":"imeo:f2a20510-231f-4228-8c2c-674ae13d67c7","provider":"UNEP IMEO","instrument":"EnMAP - DLR","datetime_utc":"2024-01-21T00:39:36","emission_kg_hr":944.0,"uncertainty_kg_hr":420.0,"sector":"Coal","scene_id":"ENMAP01-____L1B-DT0000058476_20240121T003936Z_011_V010502_20250410T144315Z","provider_url":"https://methanedata.unep.org/plumes","nearest_name":"Ravensworth East","nearest_layer":"coal_mines","nearest_km":2.84,"association":"medium","facility_name":"Ravensworth East","facility_layer":"coal_mines","facility_km":2.84,"notes":["source AUS_S_023"]}},{"type":"Feature","geometry":{"type":"Point","coordinates":[151.23,-32.62]},"properties":{"plume_id":"imeo:f396e8e2-3b9d-4b4f-bc50-802d2c9537ff","provider":"UNEP IMEO","instrument":"Sentinel-5P/TROPOMI - ESA","datetime_utc":"2026-03-15T03:59:49","emission_kg_hr":18000.0,"uncertainty_kg_hr":7000.0,"sector":"Coal","scene_id":"S5P_OFFL_L2__CH4____20260315T031837_20260315T050008_43623_03_020901_20260317T163300","provider_url":"https://methanedata.unep.org/plumes","association":"none within 10 km","notes":["also reported by SRON"]}},{"type":"Feature","geometry":{"type":"Point","coordinates":[148.27,-21.45]},"properties":{"plume_id":"imeo:f43ab0ba-8b25-4749-a519-95e4a84a8fc4","provider":"UNEP IMEO","instrument":"Sentinel-5P/TROPOMI - ESA","datetime_utc":"2024-06-14T03:37:16","emission_kg_hr":12000.0,"uncertainty_kg_hr":7000.0,"sector":"Coal","scene_id":"S5P_OFFL_L2__CH4____20240614T030011_20240614T044141_34557_03_020600_20240616T141155","provider_url":"https://methanedata.unep.org/plumes","nearest_name":"Elphinstone Header Pipeline","nearest_layer":"pipelines_gas","nearest_km":9.15,"association":"linear-only"}},{"type":"Feature","geometry":{"type":"Point","coordinates":[151.23,-32.88]},"properties":{"plume_id":"imeo:f4ec982c-c444-478c-bceb-a802e31d68d7","provider":"UNEP IMEO","instrument":"Sentinel-5P/TROPOMI - ESA","datetime_utc":"2026-04-17T03:42:24","emission_kg_hr":53000.0,"uncertainty_kg_hr":34000.0,"sector":"Coal","scene_id":"S5P_OFFL_L2__CH4____20260417T030456_20260417T044627_44091_03_020901_20260418T192235","provider_url":"https://methanedata.unep.org/plumes","association":"none within 10 km","notes":["also reported by SRON"]}},{"type":"Feature","geometry":{"type":"Point","coordinates":[148.89513,-23.83204]},"properties":{"plume_id":"imeo:f5968d16-5530-49fb-8dd1-de54579e78fa","provider":"UNEP IMEO","instrument":"EMIT - NASA","datetime_utc":"2024-05-18T03:56:05","emission_kg_hr":662.0,"uncertainty_kg_hr":245.0,"sector":"Coal","scene_id":"EMIT_L1B_RAD_001_20240518T035605_2413902_021","provider_url":"https://methanedata.unep.org/plumes","association":"none within 10 km","notes":["source AUS_S_114"]}},{"type":"Feature","geometry":{"type":"Point","coordinates":[150.77088,-34.20724]},"properties":{"plume_id":"imeo:f5d5be65-64b2-46f0-b9d4-1e8b354b5719","provider":"UNEP IMEO","instrument":"EMIT - NASA","datetime_utc":"2024-11-05T23:14:32","emission_kg_hr":2775.0,"uncertainty_kg_hr":687.0,"sector":"Coal","scene_id":"EMIT_L1B_RAD_001_20241105T231432_2431015_039","provider_url":"https://methanedata.unep.org/plumes","nearest_name":"Appin","nearest_layer":"gas_plants","nearest_km":2.05,"association":"medium","facility_name":"Appin","facility_layer":"gas_plants","facility_km":2.05,"notes":["source AUS_S_010"]}},{"type":"Feature","geometry":{"type":"Point","coordinates":[148.24902,-21.97255]},"properties":{"plume_id":"imeo:f628ee22-7dda-4f7b-8d96-2ef2ae09c8cc","provider":"UNEP IMEO","instrument":"EMIT - NASA","datetime_utc":"2025-01-23T01:04:14","emission_kg_hr":945.0,"uncertainty_kg_hr":279.0,"sector":"Coal","scene_id":"EMIT_L1B_RAD_001_20250123T010414_2502216_028","provider_url":"https://methanedata.unep.org/plumes","nearest_name":"Carborough Downs","nearest_layer":"coal_mines","nearest_km":4.78,"association":"low","facility_name":"Carborough Downs","facility_layer":"coal_mines","facility_km":4.78,"notes":["source AUS_S_116"]}},{"type":"Feature","geometry":{"type":"Point","coordinates":[148.24902,-21.97255]},"properties":{"plume_id":"imeo:f710c2f6-ebd0-42ee-ac86-dc03215a2702","provider":"UNEP IMEO","instrument":"EMIT - NASA","datetime_utc":"2024-12-30T01:05:44","emission_kg_hr":762.0,"uncertainty_kg_hr":154.0,"sector":"Coal","scene_id":"EMIT_L1B_RAD_001_20241230T010544_2436501_027","provider_url":"https://methanedata.unep.org/plumes","nearest_name":"Carborough Downs","nearest_layer":"coal_mines","nearest_km":4.78,"association":"low","facility_name":"Carborough Downs","facility_layer":"coal_mines","facility_km":4.78,"notes":["source AUS_S_116"]}},{"type":"Feature","geometry":{"type":"Point","coordinates":[150.96371,-34.20237]},"properties":{"plume_id":"imeo:f75fab20-cf4d-4834-bb81-b71f0994c264","provider":"UNEP IMEO","instrument":"EnMAP - DLR","datetime_utc":"2026-04-02T00:32:33","emission_kg_hr":947.0,"uncertainty_kg_hr":279.0,"sector":"Coal","scene_id":"ENMAP01-____L1B-DT0000187258_20260402T003233Z_010_V010506_20260404T074639Z","provider_url":"https://methanedata.unep.org/plumes","nearest_name":"Metropolitan","nearest_layer":"coal_mines","nearest_km":3.1,"association":"low","facility_name":"Metropolitan","facility_layer":"coal_mines","facility_km":3.1,"notes":["source AUS_S_001"]}},{"type":"Feature","geometry":{"type":"Point","coordinates":[151.07529,-32.47055]},"properties":{"plume_id":"imeo:f7d53e88-7f18-404e-94fd-192c335fff50","provider":"UNEP IMEO","instrument":"EMIT - NASA","datetime_utc":"2023-11-30T22:06:44","emission_kg_hr":2505.0,"uncertainty_kg_hr":807.0,"sector":"Coal","scene_id":"EMIT_L1B_RAD_001_20231130T220644_2333414_006","provider_url":"https://methanedata.unep.org/plumes","nearest_name":"Ashton","nearest_layer":"coal_mines","nearest_km":0.55,"association":"high","facility_name":"Ashton","facility_layer":"coal_mines","facility_km":0.55,"notes":["source AUS_S_043"]}},{"type":"Feature","geometry":{"type":"Point","coordinates":[151.07529,-32.47055]},"properties":{"plume_id":"imeo:f837e938-a281-4081-8f22-dc0b632122ad","provider":"UNEP IMEO","instrument":"EMIT - NASA","datetime_utc":"2024-08-29T02:22:31","emission_kg_hr":721.0,"uncertainty_kg_hr":267.0,"sector":"Coal","scene_id":"EMIT_L1B_RAD_001_20240829T022231_2424201_059","provider_url":"https://methanedata.unep.org/plumes","nearest_name":"Ashton","nearest_layer":"coal_mines","nearest_km":0.55,"association":"high","facility_name":"Ashton","facility_layer":"coal_mines","facility_km":0.55,"notes":["source AUS_S_043"]}},{"type":"Feature","geometry":{"type":"Point","coordinates":[148.16168,-21.73445]},"properties":{"plume_id":"imeo:f8cd32ed-1948-40ca-bc55-6c4c3d0c7fc2","provider":"UNEP IMEO","instrument":"EnMAP - DLR","datetime_utc":"2026-05-27T00:54:22","emission_kg_hr":922.0,"uncertainty_kg_hr":305.0,"sector":"Coal","scene_id":"ENMAP01-____L1B-DT0000194838_20260527T005422Z_001_V010506_20260527T175903Z","provider_url":"https://methanedata.unep.org/plumes","nearest_name":"Ironbark No 1","nearest_layer":"coal_mines","nearest_km":0.31,"association":"high","facility_name":"Ironbark No 1","facility_layer":"coal_mines","facility_km":0.31,"notes":["source AUS_S_191"]}},{"type":"Feature","geometry":{"type":"Point","coordinates":[151.07,-32.61]},"properties":{"plume_id":"imeo:f932d5ab-4d63-47ee-b999-75e0b163040a","provider":"UNEP IMEO","instrument":"Sentinel-5P/TROPOMI - ESA","datetime_utc":"2025-06-20T04:20:39","emission_kg_hr":11000.0,"uncertainty_kg_hr":7000.0,"sector":"Coal","scene_id":"S5P_OFFL_L2__CH4____20250620T034719_20250620T052848_39821_03_020800_20250621T195101","provider_url":"https://methanedata.unep.org/plumes","nearest_name":"Warkworth","nearest_layer":"coal_mines","nearest_km":1.79,"association":"medium","facility_name":"Warkworth","facility_layer":"coal_mines","facility_km":1.79,"notes":["also reported by SRON"]}},{"type":"Feature","geometry":{"type":"Point","coordinates":[148.02174,-21.87776]},"properties":{"plume_id":"imeo:fb29c1f9-a976-4ac2-8359-c4e3d5b41d7e","provider":"UNEP IMEO","instrument":"PRISMA - ASI","datetime_utc":"2024-08-23T00:32:49","emission_kg_hr":831.0,"uncertainty_kg_hr":333.0,"sector":"Coal","scene_id":"PRS_L1_STD_OFFL_20240823003249_20240823003253_0001","provider_url":"https://methanedata.unep.org/plumes","nearest_name":"Grosvenor","nearest_layer":"coal_mines","nearest_km":3.04,"association":"low","facility_name":"Grosvenor","facility_layer":"coal_mines","facility_km":3.04,"notes":["source AUS_S_029"]}},{"type":"Feature","geometry":{"type":"Point","coordinates":[150.72,-34.18144]},"properties":{"plume_id":"imeo:fb6e39f1-2370-46bf-909b-be4d1a98b783","provider":"UNEP IMEO","instrument":"EnMAP - DLR","datetime_utc":"2024-04-26T00:28:40","emission_kg_hr":2457.0,"uncertainty_kg_hr":795.0,"sector":"Coal","scene_id":"ENMAP01-____L1B-DT0000070704_20240426T002840Z_016_V010502_20250417T031325Z","provider_url":"https://methanedata.unep.org/plumes","nearest_name":"Tower","nearest_layer":"gas_plants","nearest_km":4.21,"association":"low","facility_name":"Tower","facility_layer":"gas_plants","facility_km":4.21,"notes":["source AUS_S_014"]}},{"type":"Feature","geometry":{"type":"Point","coordinates":[148.24902,-21.97255]},"properties":{"plume_id":"imeo:fd2d674a-4bf5-4cf7-a7d7-eeacda24357e","provider":"UNEP IMEO","instrument":"EMIT - NASA","datetime_utc":"2025-08-23T03:34:40","emission_kg_hr":642.0,"uncertainty_kg_hr":271.0,"sector":"Coal","scene_id":"EMIT_L1B_RAD_001_20250823T033440_2523502_043","provider_url":"https://methanedata.unep.org/plumes","nearest_name":"Carborough Downs","nearest_layer":"coal_mines","nearest_km":4.78,"association":"low","facility_name":"Carborough Downs","facility_layer":"coal_mines","facility_km":4.78,"notes":["source AUS_S_116"]}},{"type":"Feature","geometry":{"type":"Point","coordinates":[148.60039,-23.06279]},"properties":{"plume_id":"imeo:fd89b2e5-8074-47e0-87ec-29ea73321f91","provider":"UNEP IMEO","instrument":"EMIT - NASA","datetime_utc":"2023-01-19T04:02:23","emission_kg_hr":2047.0,"uncertainty_kg_hr":764.0,"sector":"Coal","scene_id":"EMIT_L1B_RAD_001_20230119T040223_2301902_019","provider_url":"https://methanedata.unep.org/plumes","association":"none within 10 km","notes":["source AUS_S_061"]}},{"type":"Feature","geometry":{"type":"Point","coordinates":[147.9783,-21.84204]},"properties":{"plume_id":"imeo:fde24907-f5cf-4c5f-8960-715816165d2f","provider":"UNEP IMEO","instrument":"PRISMA - ASI","datetime_utc":"2024-04-28T00:16:13","emission_kg_hr":3237.0,"uncertainty_kg_hr":1395.0,"sector":"Coal","scene_id":"PRS_L1_STD_OFFL_20240428001613_20240428001617_0001","provider_url":"https://methanedata.unep.org/plumes","nearest_name":"Grosvenor","nearest_layer":"coal_mines","nearest_km":3.75,"association":"low","facility_name":"Grosvenor","facility_layer":"coal_mines","facility_km":3.75,"notes":["source AUS_S_081"]}},{"type":"Feature","geometry":{"type":"Point","coordinates":[151.41904,-33.161]},"properties":{"plume_id":"imeo:fe739be9-90f3-44de-97d6-341911f2029a","provider":"UNEP IMEO","instrument":"EMIT - NASA","datetime_utc":"2024-08-29T02:22:31","emission_kg_hr":2043.0,"uncertainty_kg_hr":393.0,"sector":"Coal","scene_id":"EMIT_L1B_RAD_001_20240829T022231_2424201_059","provider_url":"https://methanedata.unep.org/plumes","nearest_name":"Mandalong","nearest_layer":"coal_mines","nearest_km":6.25,"association":"low","facility_name":"Mandalong","facility_layer":"coal_mines","facility_km":6.25,"notes":["source AUS_S_084"]}},{"type":"Feature","geometry":{"type":"Point","coordinates":[148.02174,-21.87776]},"properties":{"plume_id":"imeo:fee10c10-c61e-4e66-b10d-c9b1f66c342e","provider":"UNEP IMEO","instrument":"EMIT - NASA","datetime_utc":"2025-09-16T03:38:22","emission_kg_hr":2127.0,"uncertainty_kg_hr":741.0,"sector":"Coal","scene_id":"EMIT_L1B_RAD_001_20250916T033822_2525903_027","provider_url":"https://methanedata.unep.org/plumes","nearest_name":"Grosvenor","nearest_layer":"coal_mines","nearest_km":3.04,"association":"low","facility_name":"Grosvenor","facility_layer":"coal_mines","facility_km":3.04,"notes":["source AUS_S_029"]}},{"type":"Feature","geometry":{"type":"Point","coordinates":[140.03,-28.71]},"properties":{"plume_id":"sron:20250523--28.710-140.030","provider":"SRON","instrument":"TROPOMI","datetime_utc":"2025-05-23T04:46:39Z","emission_kg_hr":16000.0,"uncertainty_kg_hr":10000.0,"provider_url":"https://www.sron.nl/en/pillars/science/earth/methane/methane-plume-maps/","nearest_name":"Moomba to Port Bonython Liquids Trunkline","nearest_layer":"pipelines_oil","nearest_km":1.23,"association":"linear-only","notes":["TROPOMI 7 km footprint \u2014 position approximate"]}},{"type":"Feature","geometry":{"type":"Point","coordinates":[148.06,-21.74]},"properties":{"plume_id":"sron:20250713--21.740-148.060","provider":"SRON","instrument":"TROPOMI","datetime_utc":"2025-07-13T03:52:55Z","emission_kg_hr":26000.0,"uncertainty_kg_hr":11000.0,"provider_url":"https://www.sron.nl/en/pillars/science/earth/methane/methane-plume-maps/","nearest_name":"Arrow Bowen Pipeline","nearest_layer":"pipelines_gas","nearest_km":3.83,"association":"linear-only","notes":["TROPOMI 7 km footprint \u2014 position approximate"]}},{"type":"Feature","geometry":{"type":"Point","coordinates":[151.07,-32.7]},"properties":{"plume_id":"sron:20260720--32.700-151.070","provider":"SRON","instrument":"TROPOMI","datetime_utc":"2026-07-20T04:22:58Z","emission_kg_hr":7000.0,"uncertainty_kg_hr":3000.0,"provider_url":"https://www.sron.nl/en/pillars/science/earth/methane/methane-plume-maps/","nearest_name":"Bulga","nearest_layer":"coal_mines","nearest_km":4.02,"association":"low","facility_name":"Bulga","facility_layer":"coal_mines","facility_km":4.02,"notes":["TROPOMI 7 km footprint \u2014 position approximate"]}},{"type":"Feature","geometry":{"type":"Point","coordinates":[151.04,-32.62]},"properties":{"plume_id":"sron:20260721--32.620-151.040","provider":"SRON","instrument":"TROPOMI","datetime_utc":"2026-07-21T04:04:15Z","emission_kg_hr":23000.0,"uncertainty_kg_hr":9000.0,"provider_url":"https://www.sron.nl/en/pillars/science/earth/methane/methane-plume-maps/","nearest_name":"Warkworth","nearest_layer":"coal_mines","nearest_km":1.32,"association":"medium","facility_name":"Warkworth","facility_layer":"coal_mines","facility_km":1.32,"notes":["TROPOMI 7 km footprint \u2014 position approximate"]}},{"type":"Feature","geometry":{"type":"Point","coordinates":[150.06,-24.65]},"properties":{"plume_id":"sron:20260728--24.650-150.060","provider":"SRON","instrument":"TROPOMI","datetime_utc":"2026-07-28T03:35:23Z","emission_kg_hr":5000.0,"uncertainty_kg_hr":2000.0,"provider_url":"https://www.sron.nl/en/pillars/science/earth/methane/methane-plume-maps/","nearest_name":"Dawson","nearest_layer":"coal_mines","nearest_km":3.67,"association":"low","facility_name":"Dawson","facility_layer":"coal_mines","facility_km":3.67,"notes":["TROPOMI 7 km footprint \u2014 position approximate"]}}]}